"city","location","count"
"上海市","上海浦东国际机场","149"
"北京市","北京大兴国际机场工作区","55"
"北京市","北京大兴国际机场建设指挥部","43"
"上海市","上海虹桥国际机场","38"
"重庆市","洪崖洞民俗风貌区","36"
"重庆市","重庆江北国际机场","33"
"广州市","广州白云国际机场店","32"
"北京市","北京首都国际机场3号航站楼","29"
"重庆市","解放碑步行街","28"
"南京市","新街口(地铁站)","22"
"上海市","上海虹桥站","18"
"上海市","上海虹桥国际机场2号航站楼","18"
"贵阳市","广州白云国际机场","16"
"杭州市","杭州萧山国际机场","16"
"深圳市","深圳宝安国际机场","15"
"杭州市","新街镇工业园区","14"
"克拉玛依市","朝阳公园","13"
"北京市","北京市人民政府(旧址)","13"
"成都市","天府永汇","13"
"郑州市","郑州新郑国际机场","13"
"武汉市","武汉大学","12"
"广州市","广州白云国际机场","11"
"成都市","成都天府国际机场","11"
"成都市","成都双流国际机场","10"
"青岛市","青岛胶东国际机场","8"
"厦门市","鼓浪屿","8"
"武汉市","武汉天河国际机场","8"
"重庆市","观音桥","7"
"武汉市","光谷","7"
"天津市","天津站(地铁站)","7"
"重庆市","重庆朝天门广场(暂停开放)","7"
"西安市","长安医药","7"
"北京市","国贸(地铁站)","7"
"香港特别行政区","香港国际机场","7"
"固原市","新街口住宅B区","7"
"兰州市","兰州中川国际机场有限公司","7"
"深圳市","深圳机场站","7"
"深圳市","深圳宝安机场(公交站)","7"
"丽江市","古城供销","6"
"丽江市","丽江古城","6"
"北京市","圆明园遗址公园","6"
"郑州市","郑州东站","6"
"杭州市","杭州东站候车区","6"
"贵阳市","贵阳龙洞堡国际机场","6"
"南京市","南京南站南广场","6"
"上海市","上海月星环球港","6"
"海口市","海口美兰国际机场","6"
"南京市","南京禄口国际机场","6"
"衡阳市","G0421许广高速","6"
"北京市","奥林匹克森林公园","5"
"广州市","时尚天河商业广场","5"
"成都市","天府广场","5"
"广州市","越秀公园","5"
"杭州市","杭州湖滨银泰in77C3区","5"
"北京市","北京南站","5"
"广州市","广州东站","5"
"重庆市","重庆西站","5"
"武汉市","光谷广场","5"
"厦门市","厦门高崎国际机场","5"
"长沙市","五一广场","5"
"北京市","西单","5"
"重庆市","沙坪坝","5"
"合肥市","万象影城(庐阳万象汇LUXE店)","5"
"合肥市","方兴大道与机场高速出口交叉口","5"
"天津市","天津滨海国际机场","5"
"西安市","西安咸阳机场大巴(西稍门站)","5"
"咸阳市","西安咸阳国际机场","5"
"昆明市","昆明长水国际机场","5"
"广州市","武汉天河国际机场","5"
"商丘市","逻岗镇人民政府","5"
"合肥市","万达广场(合肥包河店)","5"
"太原市","太原南站","4"
"重庆市","鹅岭公园","4"
"南京市","玄武湖公园","4"
"重庆市","室内步行街(南坪万达广场店)","4"
"广州市","珠江新城(地铁站)","4"
"北京市","中关村雍和航星科技园","4"
"重庆市","重庆北站","4"
"重庆市","重庆大学城","4"
"北京市","三里屯太古里","4"
"广州市","北京路步行街","4"
"杭州市","杭州(包含宁波)","4"
"重庆市","来福士购物中心","4"
"香港特别行政区","香港(广东道)","4"
"青岛市","青岛市人民政府","4"
"晋中市","平遥古城","4"
"广州市","正佳广场","4"
"北京市","北京首都国际机场","4"
"上海市","世纪汇广场(商场)","4"
"成都市","成都杜甫草堂博物馆","4"
"上海市","飞虹桥","4"
"中山市","中山公园","4"
"北京市","北京西站","4"
"常州市","五角场","4"
"河源市","七寨湖公园","4"
"北海市","中山公园","4"
"北京市","北京大兴国际机场","4"
"香港特别行政区","机场(地面运输中心)(公交站)","4"
"南京市","滁州(南京国际博览中心)","4"
"南京市","南京江北新区","4"
"十堰市","朝阳路","4"
"长春市","长春这有山舍客栈地下停车点(入口)","4"
"常州市","江南环球港","4"
"青岛市","山东科技大学","3"
"广州市","太古汇","3"
"上海市","上海中心大厦","3"
"重庆市","观音岩","3"
"厦门市","厦门东山宾馆","3"
"重庆市","两路口(地铁站)","3"
"淄博市","柳泉路","3"
"盘锦市","盘锦银行(盘山支行)","3"
"北京市","王府井","3"
"广州市","广州塔","3"
"重庆市","龙湖重庆时代天街","3"
"上海市","上海南站","3"
"北京市","北京朝阳合生汇","3"
"武汉市","洪山广场","3"
"苏州市","观前街","3"
"北京市","海淀黄庄(地铁站)","3"
"郑州市","郑州市金水区人民法院","3"
"西安市","大雁塔","3"
"常州市","徐家棚桥","3"
"北京市","北京市海淀区行政服务大厅","3"
"成都市","天府公园","3"
"临沂市","徐家汇车辆城","3"
"常州市","北大街","3"
"上海市","上海人民广场","3"
"深圳市","岗厦北(地铁站)","3"
"西安市","钟楼(地铁站)","3"
"长沙市","万家丽国际购物广场","3"
"广州市","天河公园","3"
"无锡市","十八湾湿地公园","3"
"南昌市","西湖李家实业发展有限公司","3"
"合肥市","包河大道","3"
"武汉市","奥林匹克花园2期停车场(出入口)","3"
"北京市","S3501大兴机场高速","3"
"大连市","大连周水子国际机场","3"
"商丘市","睿达传媒","3"
"玉溪市","峨山互通","3"
"漳州市","东山市场","3"
"洛阳市","龙门石窟","3"
"武汉市","东湖·御院","3"
"武汉市","光谷二路","3"
"长春市","G12珲乌高速","3"
"保定市","G4京港澳高速","3"
"衡阳市","南岳收费站(S51南岳高速东南向)","3"
"怀化市","G65包茂高速","3"
"常德市","G55二广高速","3"
"汕头市","G15沈海高速","3"
"成都市","安德","3"
"南京市","鼓楼(地铁站)","3"
"西安市","大唐西市","3"
"商丘市","八一路与归德路交叉口","3"
"北京市","龙湖长楹天街购物中心","3"
"苏州市","中茵广场","3"
"深圳市","日月光宾馆(塘下涌店)","3"
"上海市","陆家嘴","3"
"郑州市","大同路与福寿街交叉口","3"
"上海市","上海青浦吾悦广场","3"
"宣城市","万达广场","3"
"厦门市","厦门大学思明校区","2"
"济南市","山东财经大学舜耕校区","2"
"重庆市","帝都广场写字楼","2"
"哈尔滨市","凯德广场·学府","2"
"大理白族自治州","洱海公园","2"
"重庆市","盘龙立交","2"
"广州市","东圃(地铁站)","2"
"杭州市","武林广场","2"
"重庆市","怡园小区","2"
"南昌市","江西师范大学瑶湖校区","2"
"香港特别行政区","香港中文大学","2"
"成都市","春熙路","2"
"石家庄市","勒泰中心","2"
"青岛市","中国海洋大学崂山校区","2"
"南京市","南京夫子庙","2"
"长沙市","IFS国金中心","2"
"重庆市","万达广场(重庆南坪店)","2"
"郑州市","郑州大学","2"
"贵阳市","贵阳阿哈湖国家湿地公园-杜鹃花谷","2"
"北京市","清华大学","2"
"重庆市","菜园坝","2"
"深圳市","深圳北站","2"
"重庆市","四川美术学院虎溪校区","2"
"厦门市","中山路步行街","2"
"北京市","地安门","2"
"厦门市","中山路","2"
"大连市","大连海事大学","2"
"湘西土家族苗族自治州","凤凰南华门山庄","2"
"张家口市","太舞度假小镇","2"
"北京市","花乡茶叶","2"
"长沙市","长沙大学城·河西大学城","2"
"成都市","电子科技大学清水河校区","2"
"西安市","西安软件园","2"
"北海市","涠洲岛-滴水丹屏景区","2"
"重庆市","二厂文创公园","2"
"青岛市","山东(青岛国际会展中心)","2"
"重庆市","弹子石","2"
"北京市","良乡","2"
"深圳市","南头古城","2"
"武汉市","中南民族大学","2"
"石家庄市","南石家庄(公交站)","2"
"深圳市","观澜(地铁站)","2"
"重庆市","东和城广场","2"
"重庆市","解放碑日月光民宿(和平路分店)","2"
"武汉市","司门口","2"
"郑州市","二七广场","2"
"泰安市","谷山林场","2"
"韶关市","乐昌碧桂园","2"
"杭州市","阿里巴巴西溪A区","2"
"重庆市","照母山森林公园","2"
"重庆市","BAYU CROSSFIT(日月光购物中心店)","2"
"成都市","成都太古里","2"
"重庆市","较场口(地铁站)","2"
"太原市","迎泽公园","2"
"武汉市","华中科技大学","2"
"福州市","东街口","2"
"青岛市","丽达购物中心","2"
"厦门市","万达广场(厦门湖里店)","2"
"哈尔滨市","群力","2"
"杭州市","浦沿(地铁站)","2"
"杭州市","中基宁波集团","2"
"武汉市","江汉路(地铁站)","2"
"重庆市","上新街索道站(索道站)","2"
"重庆市","山城饭局·市井江湖菜(南坪万达店)","2"
"重庆市","七星岗(地铁站)","2"
"上海市","龙华(地铁站)","2"
"杭州市","杭州西湖风景名胜区苏堤","2"
"上海市","上海国金中心商场","2"
"南京市","新街口步行街","2"
"济南市","山东师范大学长清湖校区","2"
"咸阳市","中共咸阳市公安局渭城分局纪律检查委员会","2"
"丽江市","巨甸派出所","2"
"北京市","北京西站南广场","2"
"青岛市","青岛北站","2"
"西双版纳傣族自治州","湄公河印象","2"
"重庆市","西南大学(北碚校区)","2"
"重庆市","沙滨路","2"
"香港特别行政区","海港城(港威商场)","2"
"广州市","广州地铁新造车辆段","2"
"武汉市","徐家棚(地铁站)","2"
"北京市","西二旗(地铁站)","2"
"合肥市","新站区","2"
"杭州市","人民广场(地铁站)","2"
"商洛市","金钟村党员活动室","2"
"北京市","西直门(地铁站)","2"
"深圳市","车公庙(地铁站)","2"
"南京市","南京站(地铁站)","2"
"南通市","虹桥街道办事处","2"
"香港特别行政区","西九龙地产","2"
"上海市","青西郊野公园","2"
"深圳市","宝能城","2"
"西安市","桔子水晶西安钟楼酒店","2"
"深圳市","岗厦(地铁站)","2"
"威海市","梦恋衣坊(金都大厦店)","2"
"广州市","广州南站","2"
"杭州市","国大城市广场","2"
"西安市","西安站","2"
"哈尔滨市","黑龙江省医院香坊院区","2"
"广州市","珠江新城","2"
"喀什地区","南湖公园","2"
"贵阳市","观山湖公园","2"
"青岛市","湛园海德公园","2"
"柳州市","雀儿山公园","2"
"重庆市","三板溪公园","2"
"沈阳市","沈阳万象城","2"
"济南市","泉城公园","2"
"西安市","清凉山森林公园","2"
"太原市","南海子公园","2"
"塔城地区","乌苏市森林公园","2"
"泉州市","鸳鸯池公园","2"
"淮南市","八公山风景区售票处","2"
"邯郸市","十二生肖公园","2"
"厦门市","厦门大桥","2"
"合肥市","G40沪陕高速","2"
"上海市","上海虹桥机场(公交站)","2"
"武汉市","武汉港","2"
"温州市","温州机场(公交站)","2"
"哈尔滨市","哈尔滨太平国际机场","2"
"重庆市","重庆万象城","2"
"银川市","银川河东国际机场","2"
"合肥市","合肥新桥国际机场","2"
"佛山市","佛山沙堤机场","2"
"杭州市","杭州西湖湖滨银泰CitiGO欢阁酒店","2"
"青岛市","东升防水","2"
"北京市","北京首都国际机场2号航站楼","2"
"上海市","长宁来福士","2"
"北京市","北京首都国际机场1号航站楼(暂停营业)","2"
"重庆市","大坪路","2"
"广州市","人和镇人民政府","2"
"佛山市","西樵","2"
"南京市","鼓楼派出所","2"
"雅安市","上里古镇","2"
"武汉市","龚家岭收费站(S7武鄂高速西北向)","2"
"达州市","新华广场","2"
"重庆市","翠园路","2"
"厦门市","御福酒业(禹洲中央海岸二期店)","2"
"桂林市","北辰路与站前路交叉口","2"
"金华市","龙山镇人民政府","2"
"昆明市","碧鸡关隧道","2"
"杭州市","滨江路","2"
"济南市","山大南路","2"
"北京市","长峪城(暂停开放)","2"
"石家庄市","中山西路-路侧停车位","2"
"武汉市","中国福利彩票(江汉印象城B座店)","2"
"郑州市","中原西路杏湾路(公交站)","2"
"西安市","向荣巷与自强东路交叉口","2"
"菏泽市","君子路","2"
"宣城市","饭甑尖","2"
"厦门市","云顶岩寺","2"
"宿州市","顺河村村民委员会","2"
"商洛市","G65包茂高速","2"
"绍兴市","S24绍诸高速","2"
"深圳市","阳台山","2"
"武汉市","龙阳大道","2"
"武汉市","光谷创业街","2"
"菏泽市","山东高速","2"
"衡阳市","G72泉南高速","2"
"松原市","G45大广高速入口(长春方向)","2"
"上海市","闵浦大桥","2"
"金华市","G25长深高速","2"
"聊城市","S1济聊高速","2"
"泉州市","台商区","2"
"吉林市","G1211吉黑高速","2"
"株洲市","神农小区","2"
"肇庆市","四会市森普新材料科技有限公司","2"
"黄冈市","G4221沪武高速","2"
"马鞍山市","和县收费站(S22天天高速出口)","2"
"铜仁市","苗王城西收费站(S15松从高速入口)","2"
"铜陵市","G50沪渝高速","2"
"巴中市","G5012恩广高速","2"
"郑州市","郑州财经学院","2"
"德州市","G3京台高速","2"
"郑州市","京港澳高速口(公交站)","2"
"西宁市","南滩派出所","2"
"聊城市","华鲁街与建设路交叉口","2"
"衡阳市","S71华常高速","2"
"绍兴市","诸暨收费站(G60沪昆高速出口)","2"
"南京市","栖霞收费站(G25长深高速入口)","2"
"金华市","S27东永高速","2"
"马鞍山市","马鞍山","2"
"郴州市","郴州市儿童医院","2"
"武汉市","黄陂区六指街道西湖村委会","2"
"郴州市","桂东县人民医院","2"
"北京市","北京银行(青年路支行)","2"
"凉山彝族自治州","滨河路","2"
"廊坊市","燕郊镇人民政府","2"
"成都市","新民场","2"
"北海市","廉州镇廉西小学","2"
"重庆市","牛角沱(地铁站)","2"
"西安市","申通快递(太白路)","2"
"沈阳市","东关屯派出所","2"
"武汉市","马沧湖","2"
"惠州市","白云嶂","2"
"重庆市","彭水妇幼保健院","2"
"重庆市","重庆万友都成智电iDD长安新能源","2"
"自贡市","国宝轮胎","2"
"太原市","北营新村丰景佳园","2"
"西安市","黄柏峪","2"
"长沙市","解放西路","2"
"遵义市","星力城A馆","2"
"北京市","千灵山","2"
"遵义市","遵义医学院(公交站)","2"
"深圳市","深圳市福田中学","2"
"渭南市","解放路","2"
"武汉市","武商梦时代","2"
"洛阳市","洛阳桥","2"
"济南市","长清大学城商业街","2"
"北京市","朝阳大悦城","2"
"淮安市","国贸商城","2"
"澳门特别行政区","澳门上葡京综合度假村","2"
"重庆市","国泰广场","2"
"重庆市","龙湖·U城","2"
"唐山市","唐山吾悦广场","2"
"上海市","静安大悦城","2"
"厦门市","厦门万象城","2"
"平顶山市","湖岸新城","2"
"西安市","西安路","2"
"南京市","金鹰湖滨天地","2"
"滁州市","九九广场(美的专卖店)","2"
"厦门市","麦德龙(厦门湖里商场)","2"
"兰州市","兰州中心","2"
"西安市","西安城市运动公园","2"
"北京市","东单(地铁站)","2"
"武汉市","武汉站","2"
"成都市","大悦城","2"
"长沙市","湖南国际金融大厦","2"
"济南市","济南恒隆广场","2"
"上海市","南浦广场公园","2"
"沈阳市","文化路","2"
"上海市","ENZO港汇恒隆广场","2"
"重庆市","两江新区","2"
"商丘市","归德路","2"
"北京市","LIVAT荟聚(北京荟聚店)","2"
"西安市","新艺城","2"
"长沙市","古曲路","2"
"北京市","南站幸福路","2"
"邯郸市","丛台路","2"
"厦门市","厦门园林博览苑","2"
"湘西土家族苗族自治州","梁山村村民委员会","2"
"信阳市","观堂乡人民政府","2"
"遂宁市","天宫北路","2"
"潍坊市","胜利东街","2"
"青岛市","王家台后村级组织服务站","2"
"咸阳市","新兴路","2"
"江门市","台电大坑水库","2"
"菏泽市","太湖路与济南路交叉口","2"
"银川市","杞福巷","2"
"武汉市","武昌站","2"
"朝阳市","朝阳路","2"
"温州市","学院路","2"
"青岛市","铁橛山路","2"
"天水市","洛门镇人民政府","2"
"曲靖市","曙光小区","2"
"石家庄市","获鹿镇人民政府","2"
"南京市","紫金山","2"
"唐山市","磨石庵村公益电影放映点","2"
"潍坊市","潍坊市坊子区凤凰街道社区卫生服务中心","2"
"阿坝藏族羌族自治州","巴朗山","2"
"安阳市","安阳市实验中学","2"
"张家口市","后城镇人民政府","1"
"晋城市","市道路运输管理局(公交站)","1"
"上海市","宜家家居(宝山商场)","1"
"上海市","交通公园","1"
"东莞市","望牛墩文化广场(公交站)","1"
"温州市","天长岭隧道","1"
"上海市","上海外滩茂悦大酒店(装修中)","1"
"渭南市","乐天大街","1"
"武汉市","南湖校区社区居委会","1"
"九江市","南湖公园","1"
"沈阳市","瑞幸咖啡沈阳师范大学南区店","1"
"合肥市","红鑫新村","1"
"三亚市","三亚美高梅度假酒店","1"
"郑州市","龙湖金融岛","1"
"上海市","镇坪路(地铁站)","1"
"南昌市","农资公司小区","1"
"忻州市","忻州师范学院(新校区)","1"
"广州市","周门","1"
"成都市","四川省成都市武侯高级中学","1"
"石家庄市","龚尚嘉苑","1"
"咸阳市","西北农林科技大学北校区","1"
"上海市","上海交通大学闵行校区密西根学院","1"
"福州市","福州大学旗山校区","1"
"鄂州市","银河山庄","1"
"大理白族自治州","正阳时代广场(正阳女人淘宝大世界西南)","1"
"兰州市","雁滩北面滩新村","1"
"上海市","东华大学延安路校区","1"
"北京市","范崎路","1"
"青岛市","东李村(公交站)","1"
"泉州市","万达广场(泉州浦西店)","1"
"厦门市","曾厝垵","1"
"保定市","保定万博广场","1"
"银川市","宁夏大学贺兰山校区","1"
"石家庄市","Tineco添可(万达旗舰店)","1"
"重庆市","重庆大学A区学生公寓","1"
"南宁市","良凤江国家森林公园","1"
"北京市","金海湖","1"
"香港特别行政区","香港大学","1"
"广州市","天鹅花苑","1"
"天津市","天津市公安局北辰分局","1"
"大同市","大同古城","1"
"赣州市","赣州西站","1"
"苏州市","昆玉九里","1"
"威海市","威海乳山市银滩海滩","1"
"南宁市","广西壮族自治区药用植物园","1"
"杭州市","浙江省萧山中学","1"
"永州市","陶铸公园","1"
"天津市","天津大学卫津路校区","1"
"西安市","龙湖西安曲江星悦荟","1"
"广州市","白云山风景名胜区售票处","1"
"重庆市","福田小区","1"
"南宁市","盛天东郡","1"
"北京市","北京银泰中心in01","1"
"沈阳市","辽河","1"
"北京市","海淀区第二实验小学(清宁校区)","1"
"重庆市","魁星楼","1"
"包头市","锦林公园","1"
"沈阳市","中山广场","1"
"杭州市","荷花苑","1"
"武汉市","湖北工业大学","1"
"长沙市","长沙黄花国际机场","1"
"成都市","成都王府井购物中心(科华店)","1"
"北京市","首尔798韩国料理地区(五道口东源店)","1"
"重庆市","长嘉汇","1"
"怒江傈僳族自治州","怒江大峡谷","1"
"北京市","玉渊潭公园","1"
"南阳市","南阳师范学院","1"
"桂林市","阳朔栖溪美地度假酒店","1"
"重庆市","嘉陵江大桥","1"
"郑州市","郑州市管城回族区人民医院","1"
"葫芦岛市","风景区(公交站)","1"
"北京市","景山公园","1"
"南昌市","江西禹港国际卡丁车馆","1"
"上海市","上海共舞台","1"
"天津市","天津广播电视台(卫津路)","1"
"深圳市","金域豪庭","1"
"长沙市","湖南博物院","1"
"深圳市","民治(地铁站)","1"
"武汉市","海底世界","1"
"上海市","罗家路","1"
"贵阳市","贵州大学东校区","1"
"徐州市","三胞国际广场","1"
"长沙市","司门口","1"
"苏州市","海底捞火锅(悠方店)","1"
"武汉市","俪湖天地","1"
"莆田市","凤达山庄","1"
"成都市","成都市新津区人民政府","1"
"重庆市","重庆佛图关公园","1"
"香港特别行政区","皇后中心","1"
"深圳市","龙华(地铁站)","1"
"北京市","中华民族博物院","1"
"徐州市","金地商都(徐州彭城店)","1"
"重庆市","重庆美术馆","1"
"长沙市","中南大学北校区","1"
"潍坊市","平章府","1"
"朝阳市","慧敏冷面麻辣烫(凌水家园店)","1"
"深圳市","深圳保利文化广场","1"
"徐州市","中国矿业大学文昌校区","1"
"重庆市","龙溪(地铁站)","1"
"常州市","茅山服务区","1"
"北海市","涠洲岛","1"
"三亚市","三亚湾红树林度假世界","1"
"郑州市","河南省人民医院科教大厦","1"
"北京市","伊藤洋华堂","1"
"上海市","南码头","1"
"福州市","鳌峰苑","1"
"南京市","一南创意空间","1"
"北京市","北京朝阳站(地铁站)","1"
"苏州市","湖东新街口","1"
"北京市","北京科技职业学院","1"
"西宁市","中国藏医药文化博物馆","1"
"北京市","四惠桥","1"
"北京市","北方工业大学","1"
"北京市","华北电力大学","1"
"合肥市","桂元村村委会","1"
"杭州市","城站路与清泰街交叉口","1"
"太原市","太原市森林公园","1"
"玉溪市","筑友集团云南玉溪科技园(建设中)","1"
"贵阳市","金阳南路(南)(公交站)","1"
"黔东南苗族侗族自治州","快活林亮欢寨","1"
"重庆市","重庆来福士洲际酒店","1"
"贵阳市","甲秀南路","1"
"苏州市","东苏克路","1"
"邢台市","信誉楼","1"
"珠海市","接霞庄","1"
"泉州市","炉边炭","1"
"黄山市","黄山栢景假日酒店","1"
"重庆市","渝宗火锅(得意潮馆店)","1"
"上海市","右岸嘉园","1"
"苏州市","天池山","1"
"西安市","中贸广场","1"
"北京市","石门营收费站(西六环入口)","1"
"重庆市","上清寺","1"
"北京市","北臧村镇人民政府","1"
"武汉市","清江山水","1"
"北京市","天安门","1"
"广州市","华南理工大学五山校区","1"
"深圳市","深圳大学粤海校区","1"
"中卫市","中宁县恩和镇宋庄","1"
"济南市","黑龙峪村民委员会","1"
"昆明市","昆明植物园","1"
"重庆市","朝天门码头","1"
"海口市","晨晖·西海岸广场","1"
"杭州市","下城区综合楼","1"
"昆明市","昆明市海口林场森林公园","1"
"天津市","天津天河城购物中心(金街店)","1"
"北京市","西土城(地铁站)","1"
"武汉市","巢上城","1"
"成都市","三合嘉苑","1"
"深圳市","信息枢纽大厦","1"
"长春市","长春工业大学南湖校区","1"
"广州市","海心沙亚运公园","1"
"北京市","弘善家园","1"
"北京市","北京东直门三里屯王府井公寓","1"
"杭州市","浙江大学(玉泉校区)","1"
"广州市","华南农业大学","1"
"赣州市","赣州市人民医院","1"
"西安市","西北大学太白校区","1"
"赤峰市","乌兰布统景区","1"
"武汉市","武汉大学工学部","1"
"北京市","北京西山国家森林公园鬼笑石","1"
"泰安市","山东农业大学泮河校区学生公寓","1"
"石家庄市","顺美华庭","1"
"镇江市","大华面馆","1"
"阜阳市","岳家湖公园","1"
"汕头市","和翔花园","1"
"上海市","衡山路(地铁站)","1"
"揭阳市","星河驾校","1"
"徐州市","雨润新城","1"
"北京市","杨梅竹斜街","1"
"丽江市","麒麟庄园","1"
"成都市","万象城二期","1"
"上海市","朱家角","1"
"南京市","亚东商业广场","1"
"汕头市","乐业园小学","1"
"漳州市","龙文互通主线桥","1"
"青岛市","青岛科技大学(崂山校区)","1"
"咸阳市","陕西国际商贸学院","1"
"重庆市","赛格尔国际大厦","1"
"黄山市","老街","1"
"广州市","六片山","1"
"深圳市","南山村(公交站)","1"
"青岛市","香港中路","1"
"长春市","净月潭国家森林公园","1"
"东营市","银座商城(东城店)","1"
"北京市","首创国际半岛展位(暂停营业)","1"
"廊坊市","廊坊市自然公园-欢乐动物园","1"
"上海市","逸仙路","1"
"深圳市","龙岗老干中心(公交站)","1"
"上海市","高行绿洲五期","1"
"红河哈尼族彝族自治州","朱家花园","1"
"北京市","呼家楼(地铁站)","1"
"南京市","先锋书店(老门东店)","1"
"三亚市","三亚亚龙湾国家旅游度假区","1"
"洛阳市","隋唐洛阳城应天门遗址","1"
"长沙市","潇湘奥林匹克花园","1"
"商丘市","木兰大道","1"
"重庆市","重庆市合川区双凤镇佛山村村民委员会","1"
"深圳市","哈尔滨工业大学深圳校区","1"
"杭州市","杭州湖滨银泰in77","1"
"西安市","雁塔立交","1"
"成都市","成都娇子音乐厅","1"
"石家庄市","维多利亚时代","1"
"兰州市","东岗立交桥","1"
"广州市","黄埔大道(地铁站)","1"
"宁波市","北仑上海","1"
"武汉市","台铃电动车(白沙洲大道店)","1"
"深圳市","深圳湾公园","1"
"天津市","保利管道(U6街区店)","1"
"贵阳市","花果园","1"
"重庆市","天主教重庆总教区江北城德肋撒天主堂","1"
"深圳市","桂芳园6期","1"
"南京市","阅城国际花园","1"
"上海市","龙湖虹桥天街购物中心","1"
"沈阳市","新华科技大厦","1"
"武汉市","沌口","1"
"成都市","人民公园","1"
"江门市","海宴镇望头村新时代文明实践站","1"
"福州市","仓山园生活区","1"
"北京市","北京电影制片厂(装修中)","1"
"重庆市","祠堂","1"
"深圳市","莲花山公园","1"
"广州市","黄阁(地铁站)","1"
"杭州市","庆菱路","1"
"长沙市","华银南苑","1"
"武汉市","洪山区行政中心","1"
"上海市","余姚路与胶州路交叉口","1"
"北京市","东六环","1"
"上海市","上大聚丰园","1"
"宁波市","横省石牌坊","1"
"柳州市","窑埠古镇","1"
"太原市","桃园二巷","1"
"济南市","燕山","1"
"厦门市","蓝月湾(公交站)","1"
"桂林市","龙胜管","1"
"重庆市","渣滓洞监狱旧址","1"
"湘西土家族苗族自治州","杉木村农贸市场","1"
"青岛市","青岛西海岸新区","1"
"广州市","洛浦路","1"
"重庆市","徐悲鸿故居","1"
"重庆市","缤舍酒店(成都春熙路店)","1"
"常州市","麻省理功-深海烤鱼(江南环球港店)","1"
"南京市","明孝陵景区","1"
"昆明市","官渡森林公园","1"
"文山壮族苗族自治州","普者黑风景区","1"
"香港特别行政区","彩云村","1"
"泰安市","泰安汽车总站","1"
"潍坊市","昌乐桂河湿地公园","1"
"重庆市","花卉园","1"
"上海市","新德公寓","1"
"长沙市","芙蓉南路","1"
"鞍山市","玉佛山风景区-二一九公园","1"
"上海市","曹路(地铁站)","1"
"重庆市","巴滨路","1"
"广州市","南洲(地铁站)","1"
"深圳市","福永(地铁站)","1"
"成都市","成都IFS-座椅","1"
"乌鲁木齐市","新疆农业大学(老满城校区)","1"
"海口市","东环广场","1"
"济南市","南益·名泉春晓","1"
"常州市","红梅公园","1"
"烟台市","华信家园","1"
"邢台市","邢台学院","1"
"清远市","清新体育公园","1"
"重庆市","恒大中渝广场","1"
"安阳市","曙光小区(永安街)","1"
"杭州市","凤起路(地铁站)","1"
"张掖市","金阳国际饭店","1"
"云浮市","罗定风车山","1"
"成都市","营门口","1"
"南宁市","万秀新村","1"
"惠州市","惠阳碧桂园(公交站)","1"
"西安市","西安市临潼区北十字仟禧自助涮烤店","1"
"赣州市","万福人家(金丰路)","1"
"泸州市","富华泸州桂圆","1"
"南京市","江南贡院","1"
"南宁市","南宁吴圩国际机场","1"
"深圳市","东门町广场","1"
"本溪市","桓仁客运站","1"
"西安市","龙首原(地铁站)","1"
"重庆市","赤峰装饰","1"
"十堰市","星语特教十堰中心校区","1"
"无锡市","蠡湖大桥","1"
"三亚市","三亚太阳湾柏悦酒店","1"
"佛山市","佛山一环","1"
"阳江市","新都汇时代广场","1"
"延安市","延安新区","1"
"上海市","上海海洋大学(临港校区)","1"
"天津市","天津市咸水沽第一中学","1"
"重庆市","李子坝(地铁站)","1"
"南京市","金陵饭店","1"
"武汉市","喻园小区一期","1"
"杭州市","城中村村委会","1"
"临沂市","华润中心","1"
"南京市","南京工程学院(江宁校区)","1"
"常州市","富克斯流行广场","1"
"济南市","济南大学主校区","1"
"深圳市","南山公园","1"
"丽江市","丽江和府洲际度假酒店","1"
"哈尔滨市","红博会展购物广场","1"
"杭州市","江东(公交站)","1"
"武汉市","楚河汉街","1"
"无锡市","茂业天地(清扬店)","1"
"洛阳市","华阳广场国际大饭店","1"
"哈尔滨市","秋林食品(往事专卖店)","1"
"嘉兴市","南湖路","1"
"杭州市","宁波银行(吴山小微企业专营支行)","1"
"淮安市","钵池山公园","1"
"成都市","龙池国家森林公园","1"
"台州市","台州市路桥中学","1"
"重庆市","重庆渝融豪生酒店","1"
"滨州市","上海世家","1"
"天津市","天津医学高等专科学校","1"
"北京市","望京","1"
"广州市","广州市白云山风景名胜区","1"
"深圳市","维也纳酒店(深圳国际会展中心西环路店)","1"
"上海市","环贸 iAPM","1"
"济南市","百花小区","1"
"重庆市","两路","1"
"深圳市","深圳会展中心","1"
"天津市","武清仁和医院","1"
"天津市","南开大学校园快递","1"
"重庆市","黄泥塝","1"
"东营市","东营银行","1"
"重庆市","悦来会展中心","1"
"大庆市","大庆油田总医院","1"
"驻马店市","驻马店市第四人民医院","1"
"扬州市","佳家花园","1"
"成都市","抚琴(地铁站)","1"
"唐山市","华北理工大学曹妃甸校区","1"
"重庆市","中新城上城地下停车场","1"
"深圳市","深圳中心公园","1"
"天津市","三角洲军马酒(万明里店)","1"
"重庆市","汉丰","1"
"赣州市","赣南师范大学","1"
"武汉市","武汉职业技术学院东区都市丽人服装学院","1"
"南昌市","昌盛大药房万达旅游城店","1"
"海口市","五源河体育场","1"
"南宁市","青秀山风景区","1"
"长沙市","贺龙体育馆","1"
"北京市","北京师范大学附属实验中学(北校区)","1"
"天津市","天津工大宾馆","1"
"长沙市","湖南第一师范学院(东方红校区)","1"
"郑州市","郑州市森林公园","1"
"枣庄市","枣庄职业学院","1"
"西安市","乐居场小区","1"
"杭州市","杨公堤","1"
"扬州市","瘦西湖风景区-凉亭","1"
"上海市","ibp国际会议中心","1"
"天津市","盘山","1"
"南昌市","南昌大学青山湖校区北区","1"
"青岛市","青岛中山公园","1"
"东莞市","新城公寓","1"
"吉安市","万家批发商行","1"
"郑州市","河南省人民医院","1"
"北京市","建国门(地铁站)","1"
"苏州市","桐泾公园","1"
"嘉兴市","马家浜考古遗址公园","1"
"重庆市","磁器口古镇","1"
"肇庆市","北岭山森林公园","1"
"大理白族自治州","大理古城","1"
"广州市","广东奥林匹克体育中心","1"
"拉萨市","圣象天门服务中心","1"
"安阳市","万达广场(安阳店)","1"
"深圳市","深圳华侨城旅游度假区-生态广场","1"
"呼和浩特市","内蒙古农业大学西校区","1"
"郑州市","康桥溪山御府","1"
"成都市","成都市高新区","1"
"大理白族自治州","大冰的小屋","1"
"武汉市","湖北大学(地铁站)","1"
"上海市","上海天然气管网有限公司(华夏西路)","1"
"深圳市","蛇口大厦","1"
"上海市","宜家家居(上海徐汇商场)","1"
"上海市","海底捞外送(金通路店)","1"
"武汉市","武汉科学技术馆","1"
"深圳市","观澜版画村版画基地","1"
"东莞市","万达广场(厚街店)","1"
"苏州市","虎丘区","1"
"洛阳市","王府井购物中心","1"
"上海市","九峰居委会退役军人服务站","1"
"重庆市","桂阳街道(公交站)","1"
"杭州市","杭州师范大学仓前校区","1"
"南京市","南京信息工程大学水文气象学院","1"
"北京市","国家林业和草原局管理干部学院","1"
"衡阳市","银泰红城(建设中)","1"
"临沂市","红石湖公园","1"
"承德市","茅荆坝森林公园","1"
"佛山市","欢乐海岸PLUS","1"
"西安市","西北大学附属中学郭杜校区","1"
"北京市","广济寺","1"
"北京市","空军特色医学中心南楼停车场","1"
"北京市","旧鼓楼大街","1"
"廊坊市","燕郊","1"
"郑州市","河南水利与环境职业学院花园路校区","1"
"深圳市","深圳市少年宫(装修中)","1"
"天津市","天津市河东区职工大学","1"
"南京市","南京艺术学院","1"
"重庆市","朝天门长江大桥","1"
"东莞市","虎门站","1"
"苏州市","山塘街","1"
"重庆市","史记记忆火锅(洪崖洞总店)","1"
"重庆市","良玛装饰","1"
"咸阳市","中国西部科技创新港陕建指挥部","1"
"成都市","成都欢乐谷","1"
"成都市","李子坝九宫格火锅(中铁瑞城3号线店)","1"
"宁波市","鼓楼","1"
"澳门特别行政区","葡文书局","1"
"上海市","莘庄(地铁站)","1"
"上海市","勇卫商务大厦","1"
"西安市","西安交通大学兴庆校区","1"
"深圳市","深圳嘉里中心","1"
"聊城市","聊大花园","1"
"嘉兴市","西塘古镇景区","1"
"大连市","东北财经大学","1"
"开封市","河南大学金明校区","1"
"上海市","复旦大学邯郸校区","1"
"赣州市","马祖岩村委会","1"
"中山市","广东理工职业学院(中山校区)","1"
"西安市","樊记腊汁肉","1"
"广州市","华南师范大学(广州校区石牌校园)","1"
"遵义市","三元大桥","1"
"济南市","济南西站","1"
"临汾市","临汾职业技术学院","1"
"上海市","印象欧洲","1"
"洛阳市","三星超市","1"
"上海市","西木小区","1"
"武汉市","武汉大学图书馆(总馆)","1"
"武汉市","洪山礼堂广场","1"
"北京市","北京大学","1"
"南京市","瞻园","1"
"兰州市","兰州大学城关校区","1"
"杭州市","浙江农林大学东湖校区","1"
"扬州市","新城花园(维扬路)","1"
"桂林市","广西师范大学(雁山校区)","1"
"上海市","上海美豪丽致酒店管理有限公司","1"
"深圳市","横岗","1"
"阿拉善盟","喀格图","1"
"重庆市","庆隆·海客瀛洲","1"
"北京市","大羊坊收费站(G2京沪高速东南向)","1"
"青岛市","中国海洋大学崂山校区图书馆","1"
"北京市","角门西里七号院","1"
"昆明市","十里长街","1"
"北京市","外企大厦","1"
"池州市","九华山风景区","1"
"上海市","东方体育中心(地铁站)","1"
"广州市","广州图书馆","1"
"淮南市","百花园小区","1"
"香港特别行政区","常乐村","1"
"重庆市","两路口皇冠大扶梯","1"
"聊城市","聊城大学东校区","1"
"大兴安岭地区","北极村","1"
"重庆市","翠屏村村民委员会","1"
"重庆市","金科·天湖小镇","1"
"嘉兴市","思古桥村农产品电商中心","1"
"秦皇岛市","岳各庄村民委员会","1"
"深圳市","世界金融中心","1"
"武汉市","BouchonBistro·布熊小馆(万达行政公馆店)","1"
"天津市","杨柳青","1"
"宁波市","世茂·世界湾花园","1"
"北京市","联想总部(北京)园区","1"
"成都市","建林宾馆","1"
"深圳市","九州家园","1"
"郴州市","恒大华府(寒溪路)","1"
"漳州市","漳州站","1"
"东莞市","汇一城","1"
"上海市","外滩99","1"
"南京市","万达影城(建邺万达广场店)","1"
"上海市","创富大厦(大连路)","1"
"青岛市","岳都海景公寓","1"
"六盘水市","玉舍收费站(G56杭瑞高速出口)","1"
"大庆市","万达广场(大庆萨尔图店)","1"
"长沙市","澳海·澜庭","1"
"南京市","中山陵景区","1"
"长沙市","吉联MALL","1"
"广州市","大石(地铁站)","1"
"柳州市","龙屯立交桥","1"
"上海市","东方明珠广播电视塔(公交站)","1"
"北京市","太阳宫村","1"
"南京市","东山","1"
"深圳市","公明充电","1"
"内江市","李子坝村村民委员会","1"
"北京市","北京站","1"
"西双版纳傣族自治州","中国科学院西双版纳热带植物园","1"
"新乡市","河南科技学院图书馆","1"
"杭州市","湖滨步行街","1"
"大连市","大连医科大学","1"
"太原市","西安烤面筋","1"
"泉州市","星光耀","1"
"兰州市","兰州大学第二医院本部","1"
"潍坊市","昌乐县中医院","1"
"深圳市","盐田港","1"
"武汉市","豹澥街道社区居委会","1"
"湘西土家族苗族自治州","里耶古城遗址(装修中)","1"
"杭州市","姜山路","1"
"洛阳市","滨河路","1"
"那曲市","银河大酒店","1"
"大同市","大同大学(御东校区南校区)","1"
"武汉市","农科院社区居委会","1"
"深圳市","百姓家经济酒店","1"
"南京市","白马公园","1"
"上海市","万科时一区","1"
"成都市","成都新城旅馆","1"
"南京市","西善桥","1"
"西安市","西安北站","1"
"天水市","伏羲路步行街","1"
"广州市","新港西路","1"
"天津市","津南新城(公交站)","1"
"苏州市","平江路","1"
"杭州市","阳光水岸度假村","1"
"成都市","四川省体育馆","1"
"广安市","广安高新区创新创业服务中心","1"
"贵阳市","黄果树大厦","1"
"徐州市","盛普轮胎(京怀汽配城)前置仓","1"
"伊犁哈萨克自治州","温州商贸城(青年街)","1"
"广州市","大学城馨园","1"
"杭州市","杭州师范大学下沙校区","1"
"西安市","长安广场(地铁站)","1"
"合肥市","杏花公园","1"
"新乡市","新乡市宏达卫材有限公司","1"
"深圳市","石岩汽车站","1"
"香港特别行政区","华信街红磡(北)渡轮码头(轮渡站)","1"
"上海市","东方绿舟","1"
"重庆市","龙湖重庆春森星悦荟","1"
"合肥市","包公园","1"
"洛阳市","绿都·塞纳春天","1"
"铜仁市","梵净山风景区","1"
"上海市","莘城公寓","1"
"威海市","山东药品食品职业学院","1"
"徐州市","徐州市贾汪区人民医院","1"
"福州市","金色康城","1"
"重庆市","英利大融城","1"
"济南市","汉峪金谷","1"
"德州市","北园居住小区","1"
"天津市","如家商旅(意大利风情街店)停车场(入口)","1"
"广州市","长安粘胶","1"
"淄博市","山东理工大学","1"
"北京市","新兴宾馆(普惠西街)","1"
"湖州市","南浔古镇","1"
"福州市","福建农林大学(金山校区)","1"
"青岛市","青岛路","1"
"重庆市","洪崖洞夜市街区","1"
"重庆市","长江大桥","1"
"泉州市","清濛村委会","1"
"揭阳市","环市北河大桥","1"
"北京市","神武门(公交站)","1"
"西安市","小寨村村委会","1"
"柳州市","革新路","1"
"苏州市","林湖别墅","1"
"深圳市","星巴克(深圳阿里中心店)","1"
"重庆市","金港国际","1"
"烟台市","山东中医药高等专科学校","1"
"济南市","青铜山","1"
"大连市","大连工业大学","1"
"南宁市","南宁中房","1"
"赣州市","青年路中(公交站)","1"
"南平市","武夷学院","1"
"重庆市","东原中心写字楼","1"
"驻马店市","乐山大道","1"
"苏州市","毛许路","1"
"上海市","上海龙之梦大酒店","1"
"石家庄市","万象城","1"
"石家庄市","石家庄市北高营小学","1"
"深圳市","创维大厦","1"
"桂林市","漓江景区竹筏游览售票处","1"
"上海市","吴淞","1"
"新乡市","东张门村卫生所","1"
"无锡市","无锡东站","1"
"石家庄市","河北医科大学中山校区","1"
"长春市","吉林大学前卫南区","1"
"西安市","珠江新城","1"
"烟台市","南山公园","1"
"东莞市","东莞市横沥人民医院","1"
"贺州市","灵峰商业步行街","1"
"苏州市","苏州站","1"
"北京市","中国传媒大学","1"
"重庆市","临江门(地铁站)","1"
"丽水市","九龙国家湿地公园","1"
"长沙市","潮宗御苑","1"
"榆林市","古塔镇人民政府","1"
"漳州市","杜浔镇人民政府","1"
"安阳市","商颂大街","1"
"莆田市","美年大健康体检中心(莆田分院)","1"
"平顶山市","洗耳河","1"
"北京市","后厂村路","1"
"成都市","四川大学望江校区","1"
"乌鲁木齐市","古牧地镇人民政府","1"
"佛山市","狮山镇人民政府","1"
"南通市","南通职业大学","1"
"遵义市","董公寺社区卫生服务中心","1"
"成都市","少陵路","1"
"重庆市","中渝·滨江壹号","1"
"洛阳市","邙山","1"
"南宁市","老牌柳来香螺蛳粉(星湖路店)","1"
"佛山市","佛山市顺德区容桂街道(社保分厅)","1"
"杭州市","迎春南苑","1"
"白银市","小红门","1"
"大连市","凌南路","1"
"惠州市","惠东巽寮湾咸泉庄园度假酒店","1"
"杭州市","风尚锐体智慧健身空间(海上明月店)","1"
"湘潭市","湖南科技大学","1"
"秦皇岛市","卢龙服务区","1"
"武汉市","狮子山街","1"
"来宾市","西山小区一期","1"
"福州市","福清站","1"
"上海市","上海植物园","1"
"长沙市","东方红广场","1"
"澳门特别行政区","金光综艺馆","1"
"南京市","南京信息工程大学滨江学院","1"
"广州市","江南西(地铁站)","1"
"天津市","天津市滨海新区大沽街道总工会","1"
"吉林市","珠江家园","1"
"广州市","钟村","1"
"潍坊市","西城名都","1"
"临汾市","汾河公园","1"
"南京市","南京大学鼓楼校区","1"
"重庆市","化龙桥(地铁站)","1"
"临沂市","临西五路","1"
"上海市","上海交通大学医学院附属瑞金医院卢湾分院","1"
"上海市","田子坊","1"
"广州市","广园立交桥","1"
"南昌市","南昌大桥","1"
"杭州市","杭州市临平区临平第一中学(望梅校区)","1"
"大连市","华东人家","1"
"临沂市","临沂大学","1"
"北京市","新街口豁口(公交站)","1"
"济南市","济南世购商贸广场","1"
"成都市","成都高新技术产业开发区","1"
"上海市","上海市普陀区人民医院","1"
"北京市","花梨坎(地铁站)","1"
"杭州市","杭州石上石材护理有限公司","1"
"南阳市","古城街","1"
"重庆市","天宫殿小区","1"
"天津市","聚鑫祥殡葬服务站","1"
"天津市","滨江道步行街","1"
"北京市","印刷宿舍大院","1"
"扬州市","京华城","1"
"北京市","马连道路","1"
"南京市","将军大道","1"
"长春市","万科上东区","1"
"成都市","苏宁广场","1"
"天津市","橡树湾","1"
"东莞市","广东现代国际展览中心","1"
"广州市","永泰(地铁站)","1"
"呼和浩特市","昭君路","1"
"吉林市","吉林市龙潭区人民政府","1"
"南京市","秦淮河风光带","1"
"漳州市","九龙城(新华东路)","1"
"烟台市","大王村民委员会","1"
"郑州市","郑州大学第一附属医院(河医院区)","1"
"忻州市","七一北路","1"
"海口市","玉沙京华城(公交站)","1"
"绵阳市","龙架山","1"
"辽阳市","辽阳万达广场(童)","1"
"福州市","世界金龙大厦","1"
"重庆市","龙洲湾商街","1"
"温州市","梧田街","1"
"赤峰市","巴林左旗中蒙医院","1"
"福州市","福州市江镜华侨经济开发区","1"
"佛山市","大沥镇人民政府","1"
"武汉市","武汉软件新城","1"
"大连市","中央复兴里","1"
"哈尔滨市","玻璃钢研究院(公交站)","1"
"广州市","广州(天河南步行街店)","1"
"丽江市","丽江古城博物院-木府","1"
"潍坊市","威尼斯酒店","1"
"泰州市","金储村村民委员会","1"
"九江市","庐山国家级旅游风景名胜区","1"
"长沙市","岳麓山","1"
"广州市","琶洲(地铁站)","1"
"香港特别行政区","旺角东(地铁站)","1"
"成都市","成都东站","1"
"福州市","鼓楼医院","1"
"成都市","成都中医药大学温江校区","1"
"惠州市","惠新西街","1"
"深圳市","布吉(地铁站)","1"
"北京市","北京市海淀区科学技术协会","1"
"昆明市","虹桥(地铁站)","1"
"西安市","陕西历史博物馆","1"
"广州市","农讲所(地铁站)","1"
"三明市","闽赣加油站(建设中)","1"
"北京市","陶然亭公园","1"
"武汉市","中国地质大学(西区)","1"
"长沙市","阜埠河(地铁站)","1"
"重庆市","人民广场(公交站)","1"
"北京市","立水桥(地铁站)","1"
"北京市","清河站","1"
"重庆市","石油路","1"
"广州市","华南国家植物园","1"
"重庆市","十八梯茶楼(熊猫公馆店)","1"
"滨州市","望京村(公交站)","1"
"苏州市","虹桥","1"
"深圳市","黄木岗(地铁站)","1"
"上海市","徐家汇","1"
"成都市","天府广场(地铁站)","1"
"上海市","赤峰路(地铁站)","1"
"上海市","国家会展中心(上海)","1"
"广州市","白马商贸大厦","1"
"南京市","秣周东路(地铁站)","1"
"长春市","吉林省中医药科学院第一临床医院","1"
"成都市","四川财经职业学院","1"
"厦门市","厦门站","1"
"邢台市","五一广场(建设中)","1"
"上海市","上海市杨浦区四平街道敬老院","1"
"南京市","南京德基广场","1"
"重庆市","冉家湾大桥","1"
"南京市","金鹰国际购物中心(新街口店)","1"
"上海市","上海科技馆(装修中)","1"
"中卫市","宁夏海原县新宇晟枸杞专业合作社","1"
"南京市","南京市秦淮区夫子庙街道办事处","1"
"南宁市","南湖公园","1"
"厦门市","厦门北站","1"
"杭州市","江东客运站","1"
"杭州市","龙翔桥(地铁站)","1"
"杭州市","钱塘市民中心","1"
"香港特别行政区","City Hall Marriage Registry","1"
"福州市","宝龙广场-兴元(宝龙城市广场南区B店)","1"
"成都市","招商花园城-POP MART(高新招商花园城北区店)","1"
"南宁市","凤起路","1"
"杭州市","杭州西湖风景名胜区-汪宅","1"
"承德市","六沟镇人民政府","1"
"杭州市","西溪国家湿地公园洪园","1"
"长沙市","德政园","1"
"武汉市","王家湾(地铁站)","1"
"昭通市","春熙路","1"
"深圳市","前海集翔","1"
"牡丹江市","兴东小区","1"
"杭州市","良渚","1"
"深圳市","宝龙同乐(地铁站)","1"
"深圳市","贡茶(龙翔学校店)","1"
"上海市","南京西路(地铁站)","1"
"辽阳市","十里河","1"
"武汉市","湖北中医药大学昙华林校区","1"
"上海市","中国科学院上海药物研究所","1"
"合肥市","合肥站","1"
"成都市","奥克斯广场","1"
"扬州市","三阳路","1"
"安顺市","福鑫珠宝(富强路店)","1"
"广州市","番禺广场(地铁站)","1"
"上海市","静安寺(地铁站)","1"
"阿坝藏族羌族自治州","黄木岗","1"
"深圳市","南山(地铁站)","1"
"长沙市","长沙银盆岭万达广场","1"
"上海市","九亭(地铁站)","1"
"广州市","番禺广场","1"
"武汉市","螃蟹岬(地铁站)","1"
"天津市","五大道文化旅游区","1"
"温州市","龙阳路","1"
"景德镇市","蒙特利","1"
"重庆市","冉家坝(地铁站)","1"
"上海市","中环(徐汇)绿廊","1"
"广州市","大沙地(地铁站)","1"
"广州市","天河南(地铁站)","1"
"西安市","北大街","1"
"长沙市","中南大学湘雅医院","1"
"上海市","上海世茂广场","1"
"北京市","北京大栅栏","1"
"池州市","虎泉山庄","1"
"南宁市","民族大道","1"
"焦作市","武陟医院","1"
"广州市","美好居","1"
"合肥市","万象城","1"
"北京市","百望山森林公园","1"
"海口市","海口人民公园","1"
"淄博市","淄博市植物园","1"
"深圳市","西涌旅游度假区","1"
"徐州市","云龙公园","1"
"邯郸市","滏阳公园","1"
"自贡市","银河歌城KTV","1"
"海东市","湟水","1"
"武汉市","紫阳湖公园站自行车租赁点","1"
"鸡西市","航空公园","1"
"桂林市","七星景区","1"
"湖州市","湖州儿童公园","1"
"延边朝鲜族自治州","雁鸣湖镇政府","1"
"保定市","乾荣世纪公园","1"
"蚌埠市","张公山公园","1"
"昆明市","中国科学院西双版纳热带植物园(昆明分部)","1"
"海口市","白沙","1"
"金华市","常乐小区","1"
"乌鲁木齐市","头屯河谷森林公园地面停车场(出入口)","1"
"杭州市","西溪国家湿地公园","1"
"东莞市","大岭山森林公园","1"
"苏州市","虞山国家森林公园","1"
"广州市","黄山鲁森林公园","1"
"马鞍山市","雨山湖公园","1"
"营口市","辽河公园","1"
"无锡市","锡惠公园(惠河路)(公交站)","1"
"牡丹江市","阳明公园","1"
"深圳市","深圳市民中心","1"
"上海市","世纪公园","1"
"北京市","北坞公园","1"
"柳州市","柳侯公园","1"
"北京市","首都师范大学","1"
"郑州市","郑州市万山森林公园","1"
"永州市","桂林村村民委员会","1"
"伊春市","北山公园","1"
"郑州市","郑州市人民公园","1"
"信阳市","花园路","1"
"大连市","港湾广场(地铁站)","1"
"成都市","泡桐树中学百仁校区","1"
"郑州市","西流湖公园","1"
"武汉市","武汉商务区站商业街","1"
"西宁市","青海弘大(公交站)","1"
"金昌市","前滩","1"
"青岛市","青岛太平角公园","1"
"广州市","天坛公园","1"
"广元市","龙江世纪","1"
"茂名市","市民公园","1"
"郴州市","北湖公园","1"
"镇江市","赤山湖国家湿地公园","1"
"天水市","马跑泉公园","1"
"苏州市","虞山公园","1"
"北京市","镇海寺郊野公园","1"
"南昌市","艾溪湖森林湿地公园","1"
"丽水市","碧湖镇人民政府","1"
"葫芦岛市","三角公园","1"
"北京市","杜仲公园","1"
"杭州市","西溪公园","1"
"厦门市","三一堂","1"
"广州市","陈家祠社区居民委员会","1"
"乌鲁木齐市","红山公园","1"
"重庆市","重庆市潼南区新胜镇盘山村退役军人服务站","1"
"北京市","门城湖","1"
"成都市","青龙湖湿地公园","1"
"苏州市","拙政园","1"
"东莞市","黄江梅塘烈士公园","1"
"上海市","顾村公园","1"
"成都市","中坝(地铁站)","1"
"武汉市","现代森林花园","1"
"上海市","中山公园","1"
"秦皇岛市","鲁迅公园","1"
"西安市","大明宫国家遗址公园","1"
"广州市","花城广场","1"
"北京市","奥林匹克森林公园北园","1"
"秦皇岛市","秦皇岛森林体育公园","1"
"上海市","和平公园","1"
"无锡市","无锡锡惠公园售票处","1"
"惠州市","石湾公园","1"
"常州市","常州新城·桃李郡","1"
"贵阳市","花溪公园","1"
"深圳市","荔林公园","1"
"上海市","杨浦大桥出口(五洲大道东向)","1"
"常德市","滨湖公园","1"
"喀什地区","慕士塔格冰川公园","1"
"北京市","香山公园","1"
"汕头市","文祠东路","1"
"厦门市","厦门白鹭洲公园","1"
"杭州市","富阳区城市森林公园","1"
"重庆市","仙女山国家森林公园","1"
"河源市","铁路公园","1"
"清远市","羊角山森林公园","1"
"深圳市","宝安公园","1"
"南京市","羊山公园","1"
"南昌市","东湖","1"
"深圳市","大雁山","1"
"苏州市","苏州丝绸博物馆","1"
"宜昌市","神仙湾","1"
"南京市","南京老山国家森林公园","1"
"上海市","长风公园","1"
"永州市","世纪汇小区","1"
"南充市","双女石公园","1"
"厦门市","仙岳公园","1"
"芜湖市","神山公园","1"
"北京市","八大处公园","1"
"青岛市","姜山湿地","1"
"青岛市","青岛胶州湾隧道","1"
"乐山市","人民东路","1"
"岳阳市","厉厉茶·新烈士陵园店","1"
"无锡市","惠山国家森林公园","1"
"乐山市","绿心公园","1"
"武汉市","丰荷山","1"
"青岛市","胶东街道办事处","1"
"杭州市","机场城市大道","1"
"重庆市","重庆江北国际机场T2A航站楼","1"
"乐山市","四川省犍为县大兴镇梧桐村退役军人服务站","1"
"香港特别行政区","元朗中心","1"
"海东市","空港市场","1"
"昆明市","盘龙江游船售票厅","1"
"宿州市","大雄宝殿","1"
"济南市","济南鲁能希尔顿酒店及公寓","1"
"安阳市","瓦岗镇人民政府","1"
"北京市","五道口(地铁站)","1"
"惠州市","惠州平潭机场","1"
"贵阳市","图云关隧道","1"
"吉林市","吉林市公安局吉林经济技术开发区分局机场派出所哨口村警务室","1"
"石家庄市","石家庄正定国际机场","1"
"澳门特别行政区","机场(地铁站)","1"
"厦门市","新洲大桥","1"
"沈阳市","沈阳桃仙国际机场","1"
"北京市","北新桥(地铁站)","1"
"咸阳市","咸阳北客站(公交站)","1"
"泉州市","泉州晋江国际机场","1"
"北京市","安慧桥","1"
"北京市","三元桥与S12机场高速交叉口","1"
"揭阳市","潮汕机场城市候机楼","1"
"北京市","中华世纪坛","1"
"武汉市","台北四村","1"
"北京市","天通苑学校","1"
"广州市","南村万博(地铁站)","1"
"广州市","白云机场北站","1"
"湛江市","遂城街道办事处","1"
"丽江市","战华路与G4216蓉丽高速入口交叉口","1"
"太原市","太原武宿国际机场","1"
"武汉市","黄陂立交桥","1"
"北京市","北京首都国际机场T3-C航站楼侯机区","1"
"厦门市","厦门市安兜小学","1"
"呼和浩特市","机场高速入口(东向)","1"
"玉溪市","G8511昆磨高速","1"
"广州市","广园路","1"
"南昌市","南昌西收费站(南昌大道出口)","1"
"上海市","东方明珠广播电视塔","1"
"南京市","南京站","1"
"福州市","福州长乐国际机场","1"
"杭州市","杭州萧山国际机场武林门航站楼","1"
"攀枝花市","香榭丽都","1"
"广州市","石井","1"
"襄阳市","襄阳刘集机场","1"
"北京市","北京天坛普华医院","1"
"南宁市","星巴克(南宁盛天领域店)","1"
"昆明市","S92机场高速","1"
"宁波市","宁波栎社国际机场","1"
"福州市","福州国际航空港城市候机厅","1"
"天津市","收货区","1"
"上海市","北京(上海东昌店)","1"
"南阳市","经十路与长江东路交叉口","1"
"上海市","上海商城","1"
"郑州市","河南中原高速公路股份有限公司(航空港分公司)","1"
"延安市","延安南泥湾机场","1"
"宁波市","机场路与鄞县大道交叉口","1"
"温州市","浃底隧道","1"
"大连市","热岛·黄金海岸","1"
"张家口市","机场路","1"
"邯郸市","邯郸机场","1"
"北京市","慧忠路","1"
"北京市","东直门","1"
"上海市","上海浦东国际机场2号航站楼","1"
"临沂市","临沂启阳机场","1"
"西安市","西安咸阳国际机场","1"
"北京市","S12机场高速","1"
"哈尔滨市","哈西公路客运站","1"
"锦州市","锦州客运站(公交站)","1"
"深圳市","深圳宝安国际机场T3航站楼","1"
"杭州市","杭州市西湖公证处","1"
"北京市","良子健身(华贸一店)","1"
"银川市","银川站","1"
"上海市","凯德龙之梦","1"
"昆明市","中国邮政(长水国际机场邮政所)","1"
"深圳市","福田(地铁站)","1"
"济南市","章丘龙山","1"
"洛阳市","洛阳理工学院开元校区","1"
"济宁市","S33济徐高速","1"
"绵阳市","绵阳南郊机场","1"
"乌鲁木齐市","乌鲁木齐地窝堡国际机场","1"
"温州市","机场(地铁站)","1"
"济南市","济南遥墙国际机场","1"
"长春市","长春站","1"
"泰州市","南京禄口国际机场泰州城市候机楼","1"
"岳阳市","九华山","1"
"成都市","小鹏汽车成都机场路销售服务中心停车场","1"
"常州市","常州奔牛国际机场","1"
"长治市","容海苑","1"
"重庆市","龍頭男士理发馆(永辉超市傍边)","1"
"东莞市","东莞理工学院","1"
"温州市","机场大道与甬江路交叉口","1"
"咸阳市","机场高速","1"
"荆州市","荆监一级公路","1"
"泰安市","徐家楼社区","1"
"秦皇岛市","建设大街","1"
"泰安市","泰山路","1"
"郑州市","郑州现代农业示范区管理委员会","1"
"长沙市","窑岭湘雅二医院(地铁站)","1"
"深圳市","笋岗(地铁站)","1"
"青岛市","悦荟广场","1"
"池州市","安徽省昭潭中学","1"
"南阳市","李村村委会","1"
"厦门市","厦门市同安区褒建筑农资店","1"
"南昌市","江变超市","1"
"青岛市","北外环路","1"
"广州市","哈尔滨大饼(棠安路)","1"
"德阳市","龙居寺村村民委员会","1"
"新乡市","方山村民委员会","1"
"佛山市","张槎","1"
"厦门市","厦门市同安工业集中区","1"
"眉山市","俱乐部","1"
"青岛市","临港路","1"
"潍坊市","林家村镇人民政府","1"
"中山市","中山一路","1"
"遵义市","隧道口(公交站)","1"
"太原市","都市广场(都司街)","1"
"苏州市","环湖佳苑东升小区","1"
"宁波市","云林东路","1"
"桂林市","万福路","1"
"洛阳市","九都西路珠江路口西(公交站)","1"
"安阳市","长安中路与阜民街交叉口","1"
"达州市","达州客运南站","1"
"泸州市","护国市场监管所","1"
"西安市","团结南路","1"
"来宾市","石龙镇人民政府","1"
"阜阳市","王楼村村委会","1"
"武汉市","高新四路光谷二路(公交站)","1"
"楚雄彝族自治州","凤凰山","1"
"珠海市","司马山","1"
"巴音郭楞蒙古自治州","新疆罗布人村寨景区","1"
"珠海市","飞沙村委会","1"
"延边朝鲜族自治州","延吉北收费站(G12珲乌高速入口)","1"
"武汉市","长江二桥","1"
"长沙市","人民中路","1"
"厦门市","磨心山","1"
"济宁市","济宁高新区创业园","1"
"滨州市","中海公园","1"
"南宁市","万秀菜市","1"
"成都市","云丰村站(公交站)","1"
"重庆市","大学城(地铁站)","1"
"重庆市","武隆喀斯特旅游区-羊角古镇","1"
"伊犁哈萨克自治州","恰西草原风景旅游区","1"
"大理白族自治州","仁寿村民委员会","1"
"上海市","华山绿地","1"
"重庆市","宏博·澎湖湾-望龙门","1"
"贵阳市","黔诚酸汤牛肉(甲秀楼2.0店)","1"
"福州市","大东(大王里店)","1"
"陇南市","嘉陵江","1"
"太原市","五龙口街","1"
"苏州市","苏州中惠铂尔曼酒店","1"
"东莞市","长安广场","1"
"昆明市","阳光小学","1"
"鹤壁市","河南省鹤壁市山城区前进路南头旺杰钢材销售部","1"
"保山市","正阳南路","1"
"鹤壁市","牟山大道","1"
"鹤壁市","朝阳街","1"
"鹤壁市","馨苑10区","1"
"鹤壁市","黎阳路","1"
"乌兰察布市","小淖尔出口(G6京藏高速东向)","1"
"葫芦岛市","G1京哈高速入口(锦州方向)","1"
"长春市","世纪广场轻轨站(公交站)","1"
"呼和浩特市","爱民街","1"
"牡丹江市","南小爱民街","1"
"郑州市","北四环","1"
"南昌市","象山北路","1"
"郑州市","丰庆路与博颂路交叉口","1"
"平顶山市","山河路","1"
"宝鸡市","姜谭路","1"
"荆州市","荆中路","1"
"海西蒙古族藏族自治州","唐古拉山镇政府","1"
"淮北市","胡同现烤糕点(新华书店住宅楼店)","1"
"青岛市","三里河街道办事处","1"
"北京市","中国科学院大学雁栖湖校区","1"
"信阳市","浉河公园","1"
"武汉市","武汉欢乐谷","1"
"南京市","东环服务区","1"
"武汉市","野芷湖大桥","1"
"长春市","榆树弓棚镇收费站(G1015铁科高速出口)","1"
"南昌市","坛子口(地铁站)","1"
"台州市","S28台金高速","1"
"南京市","G2501南京绕城高速与G40沪陕高速交叉口","1"
"承德市","兴隆街(公交站)","1"
"滨州市","G18荣乌高速","1"
"北京市","南四环西路","1"
"武汉市","观湖别院","1"
"武汉市","汉西一村","1"
"乌鲁木齐市","机场高速","1"
"北京市","龙门涧风景区","1"
"济南市","龙洞风景区","1"
"商洛市","凤凰沟","1"
"临沂市","小安子(公交站)","1"
"榆林市","农科路","1"
"佛山市","大塘边路","1"
"大连市","G15沈海高速","1"
"石家庄市","北焦坡村村委会","1"
"郑州市","郑州十八里河收费站(京广快速路出口)","1"
"济南市","中山公园","1"
"四平市","梨树东出口(G1京哈高速东北向)","1"
"武汉市","墨水湖大桥","1"
"包头市","少先路与民族东路交叉口","1"
"亳州市","魏武广场","1"
"汕头市","新乡市场","1"
"郑州市","美年大健康(郑州四分院)","1"
"荆州市","观音垱(公交站)","1"
"厦门市","兴隆路与火炬二路交叉口","1"
"济南市","回河南街社区管理委员会","1"
"天津市","新安镇人民政府","1"
"贵阳市","省武警总队(公交站)","1"
"武汉市","长青收费站(四环线出口)","1"
"武汉市","汉中","1"
"南昌市","中山路","1"
"武汉市","东吴大道四明路(公交站)","1"
"广州市","南部战区总医院(越秀院区)","1"
"南京市","秦淮区中医医院","1"
"来宾市","古道休闲吧","1"
"福州市","上下店路","1"
"湛江市","玉湛高速","1"
"宁德市","寿宁收费站(G4012溧宁高速入口)","1"
"漯河市","G36宁洛高速","1"
"松原市","松原西收费站(G12珲乌高速入口)","1"
"怀化市","长沙银行(怀化分行)","1"
"大同市","大同收费站(G55二广高速出口)","1"
"保山市","赛格隧道","1"
"合肥市","铜陵路街道办事处","1"
"济南市","银座旅游文化东路恒大帝景店","1"
"河源市","G35济广高速","1"
"秦皇岛市","秦皇岛西收费站(G0111秦滨高速出口)","1"
"绥化市","G10绥满高速","1"
"宜春市","铜鼓隧道","1"
"开封市","G30连霍高速","1"
"荆门市","G55二广高速","1"
"郑州市","商登高速桥","1"
"巴彦淖尔市","陕坝停车区(建设中)","1"
"铜仁市","G56杭瑞高速","1"
"重庆市","中村电器","1"
"襄阳市","G70福银高速","1"
"四平市","双辽南收费站(G25长深高速出口)","1"
"廊坊市","G0121京秦高速","1"
"南充市","G42沪蓉高速","1"
"苏州市","G50沪渝高速","1"
"淄博市","沂源东收费站(G22青兰高速出口)","1"
"长沙市","干杉收费站(S42江干高速出口)","1"
"绍兴市","鉴湖服务区","1"
"临汾市","东高村4区","1"
"长沙市","G0421许广高速","1"
"安康市","G5京昆高速","1"
"郴州市","S31宜连高速","1"
"贵阳市","清镇收费站(G60沪昆高速出口)","1"
"巴中市","S1成万高速","1"
"武汉市","日月山水","1"
"张家界市","张家界收费站(G5513长张高速出口)","1"
"延边朝鲜族自治州","敦化收费站(G12珲乌高速出口)","1"
"徐州市","沛县安国中学","1"
"萍乡市","昌栗高速","1"
"承德市","G25长深高速","1"
"毕节市","S20毕威高速","1"
"延边朝鲜族自治州","S11牡延高速","1"
"六安市","G40沪陕高速","1"
"长沙市","浏阳西收费站(S19浏洪高速出口)","1"
"铜仁市","S15铜大高速","1"
"泉州市","晋江南收费站(S58晋长高速入口)","1"
"台州市","东山陈村办公楼","1"
"六安市","G35济广高速","1"
"郴州市","G0421许广高速","1"
"漳州市","城中村委会","1"
"南昌市","桐子李村","1"
"晋城市","天井关隧道","1"
"运城市","芮城服务区与G59呼北高速交叉口","1"
"衡阳市","新塘收费站(G4京港澳高速出口)","1"
"惠州市","S23惠大高速","1"
"郴州市","G4京港澳高速","1"
"榆林市","古城滩收费站(G6521榆蓝高速出口)","1"
"惠州市","S14汕湛高速","1"
"济南市","济南郭店立交","1"
"韶关市","中山坑","1"
"长沙市","东二环(地铁站)","1"
"吉安市","文陂收费站(S61吉安绕城高速入口)","1"
"武汉市","青菱湖","1"
"襄阳市","梁文海汽车维修部","1"
"来宾市","G72泉南高速","1"
"石家庄市","河北慧耕生态农场","1"
"安庆市","G4221沪武高速","1"
"吴忠市","G20青银高速","1"
"西安市","G5京昆高速","1"
"重庆市","G42沪蓉高速","1"
"威海市","威海收费站(G18荣乌高速西南向)","1"
"北京市","S11京承高速入口(京承高速方向)","1"
"常德市","G56杭瑞高速","1"
"南充市","仁和收费站(S32西绵高速出口)","1"
"丽水市","田里隧道群2号","1"
"延边朝鲜族自治州","延吉西收费站(S12延龙高速入口)","1"
"石家庄市","G5京昆高速","1"
"湘潭市","G60沪昆高速入口(娄底方向)","1"
"郑州市","S88郑栾高速","1"
"宁波市","兰海(公交站)","1"
"清远市","清远西收费站(G0421许广高速出口)","1"
"延边朝鲜族自治州","吉林省延边朝鲜族自治州人民检察院","1"
"揭阳市","北门市场(北环城路)","1"
"新乡市","G4京港澳高速入口(郑州方向)","1"
"周口市","商丘奥林水泥(南丰直销处)","1"
"芜湖市","南陵家发服务区餐厅","1"
"黄石市","G45大广高速与G45大广高速入口交叉口","1"
"白城市","G1015铁科高速","1"
"龙岩市","漳平南收费站(S30永漳高速出口)","1"
"嘉兴市","S12申嘉湖高速","1"
"鄂州市","G50沪渝高速","1"
"常州市","淹城服务区","1"
"达州市","达川区百节镇工会","1"
"益阳市","沅江南收费站(S71华常高速入口)","1"
"聊城市","枣乡街与民生路交叉口","1"
"清远市","G0421许广高速","1"
"湖州市","S12申嘉湖高速","1"
"肇庆市","金利燃气","1"
"呼和浩特市","毕克齐镇人民政府","1"
"临沧市","云县西收费站(G5615天猴高速出口云县方向)","1"
"成都市","山东高速大厦","1"
"梅州市","棉洋服务区","1"
"合肥市","合安高速改扩建项目办","1"
"金华市","东阳收费站(G1512甬金高速入口)","1"
"贵阳市","贵阳西收费站(G60沪昆高速出口)","1"
"邯郸市","大广高速魏县连接线与G45大广高速入口交叉口","1"
"衡阳市","S80衡邵高速","1"
"威海市","乳山东立交","1"
"长沙市","油子塘大桥","1"
"成都市","蜀源大道","1"
"安庆市","龙城隧道","1"
"哈尔滨市","红旗村村委会","1"
"南宁市","屯里大桥","1"
"石家庄市","北五女(公交站)","1"
"广州市","G15沈海高速","1"
"台州市","内环路","1"
"泉州市","G15沈海高速","1"
"阿拉善盟","G7京新高速入口(哈密方向)","1"
"宣城市","芜宣枢纽与G50沪渝高速交叉口","1"
"温州市","104国道","1"
"南京市","S55宁宣高速","1"
"武汉市","G42沪蓉高速","1"
"淄博市","博山互通立交","1"
"安庆市","王河服务区（沪渝高速上海方向）","1"
"遵义市","东山","1"
"昆明市","G56杭瑞高速","1"
"长沙市","绕城高速(公交站)","1"
"滨州市","无棣收费站(G18荣乌高速入口)","1"
"秦皇岛市","G1京哈高速","1"
"商丘市","G30连霍高速","1"
"合肥市","双墩收费站(G40沪陕高速出口)","1"
"黄冈市","G45大广高速","1"
"河源市","黄石街","1"
"贵阳市","永乐花海","1"
"云浮市","S14汕湛高速","1"
"曲靖市","宣威复兴收费站(S11威砚高速出口西南向)","1"
"曲靖市","茨营收费站(S11威砚高速出口)","1"
"驻马店市","G4京港澳高速","1"
"曲靖市","罗平北收费站(G78汕昆高速出口)","1"
"滁州市","S12滁新高速","1"
"芜湖市","巢黄高速与巢黄高速入口交叉口","1"
"晋城市","玉溪村民委员会","1"
"珠海市","珠海大道","1"
"芜湖市","巢黄高速","1"
"邢台市","清家沟服务区","1"
"梧州市","梧州南高速路口(公交站)","1"
"辽阳市","二台子乔四诊所","1"
"恩施土家族苗族自治州","利川收费站(G50沪渝高速出口)","1"
"绍兴市","绍兴收费站(G92杭州湾环线高速出口)","1"
"滨州市","滨州东收费站(G2516东吕高速出口)","1"
"白山市","G11鹤大高速","1"
"汉中市","分水岭隧道","1"
"资阳市","安岳服务区驿路香自选式快餐","1"
"黔南布依族苗族自治州","朝阳镇人民政府","1"
"黔西南布依族苗族自治州","晴隆服务区","1"
"成都市","成环路与S2成巴高速入口交叉口","1"
"邢台市","S75太行山高速","1"
"南京市","宁合高速","1"
"昆明市","明朗收费站(G5601昆明绕城高速出口)","1"
"呼和浩特市","盛乐镇(公喇嘛)(公交站)","1"
"泉州市","互通区主线2号桥","1"
"泰安市","东平收费站(G35济广高速入口)","1"
"宁波市","慈城出口(G15沈海高速北向)","1"
"湖州市","安吉北收费站(S14杭长宜高速出口)","1"
"长治市","史回收费站(青兰线东向)","1"
"南宁市","南宁安吉客运站","1"
"滁州市","滁淮高速","1"
"安阳市","G4京港澳高速","1"
"威海市","G18荣乌高速入口(文登方向)","1"
"遵义市","务川收费站(S10德习高速入口正务高速方向)","1"
"襄阳市","南漳服务区","1"
"青岛市","跨胶州湾高速大桥","1"
"石家庄市","西柏坡高速","1"
"丽水市","丽水北收费站(G25长深高速出口)","1"
"南京市","宁杭高速","1"
"天水市","秦安互通立交","1"
"焦作市","云台山","1"
"武汉市","铁机路(地铁站)","1"
"丽水市","遂昌县人民法院共享法庭(定溪村)","1"
"长沙市","长沙县黄花镇人民政府","1"
"武汉市","军运村","1"
"济南市","郭店庚辰钢铁宿舍","1"
"宜昌市","五峰山","1"
"太原市","水西关南街","1"
"湘潭市","万达广场(湘潭高新店)","1"
"深圳市","广东梧桐山风景名胜区","1"
"贵港市","阳光城","1"
"重庆市","古路","1"
"衢州市","衢州市衢江区湖南镇破石村民委员会","1"
"深圳市","辅城坳小学","1"
"南昌市","九洲大街与抚生南路交叉口","1"
"廊坊市","广阳道与新华路交叉口","1"
"乌兰察布市","住建局","1"
"阜阳市","邢庄桥","1"
"常州市","荆川公园","1"
"泰安市","晶华路","1"
"宿州市","路桥小区(中兴路)","1"
"杭州市","清凉峰国家级自然保护区(不对外开放)(暂停开放)","1"
"苏州市","吴江太湖新城","1"
"十堰市","竹山县竹坪乡人民政府","1"
"邵阳市","迎宾路","1"
"桂林市","中山中路","1"
"哈尔滨市","儿童公园","1"
"银川市","宝湖国家湿地公园","1"
"成都市","红光大道","1"
"成都市","泰山大道","1"
"成都市","天宇路","1"
"南京市","机场路","1"
"重庆市","四公里(地铁站)","1"
"宿州市","张集村综治中心","1"
"贵阳市","亨特国际广场","1"
"信阳市","夏集子(公交站)","1"
"郴州市","资兴市唐洞街道办事处","1"
"邯郸市","中柳林警务站","1"
"宜昌市","桥边镇人民政府","1"
"榆林市","大清路","1"
"咸阳市","沣泾大道","1"
"太原市","金虎便利(101电车总站店)","1"
"襄阳市","马良镇人民政府","1"
"白山市","三合城村委会","1"
"龙岩市","下林村村委会","1"
"保山市","湾甸派出所","1"
"威海市","威海里口山风景名胜区","1"
"成都市","新团路","1"
"济南市","奥体中路与轻风路交叉口","1"
"昌吉回族自治州","中山北路","1"
"怀化市","体育中心","1"
"成都市","安德街道办事处","1"
"成都市","成都市郫都区德源街道禹庙村村民委员会","1"
"三明市","增田村(公交站)","1"
"大连市","大连森林动物园","1"
"南京市","南京北站(地铁站)","1"
"周口市","赵庄村","1"
"梅州市","梅州站","1"
"玉溪市","纳古派出所","1"
"宝鸡市","太白路","1"
"宣城市","宣城市泾县榔桥宾馆","1"
"西安市","终南山悟真风景区","1"
"芜湖市","弋矶山","1"
"西安市","科研巷","1"
"三明市","牙梳山","1"
"银川市","洪广镇人民政府","1"
"宜昌市","贺家坪村委会","1"
"泰州市","白马镇人民政府","1"
"西安市","胜利油田胶管大全","1"
"上海市","城隍庙小吃","1"
"商洛市","针织布匹","1"
"遵义市","苏山村村民委员会","1"
"济南市","五峰派出所","1"
"莆田市","九华山","1"
"大连市","景山住宅小区","1"
"随州市","齐星花园","1"
"昌吉回族自治州","老君庙水库","1"
"喀什地区","石油路","1"
"淮南市","夏集镇人民政府","1"
"宣城市","长安欧尚汽车(广德欧宇)","1"
"安阳市","兴泰路","1"
"武汉市","知音桥","1"
"信阳市","司马光东路","1"
"石家庄市","王母观","1"
"赣州市","麟潭乡人民政府","1"
"漳州市","漳州台商投资区","1"
"桂林市","桂林古镇江璟酒店(漓江景区大圩古镇店)地面停车点(出入口)","1"
"苏州市","虎丘山风景区","1"
"南京市","古玩(夫子庙步行街店)","1"
"青岛市","海南路","1"
"大庆市","大庆路","1"
"济宁市","孔府孔庙停车场(出入口)","1"
"重庆市","海棠溪(地铁站)","1"
"成都市","珠江路(地铁站)","1"
"邯郸市","志新酷车","1"
"台州市","新大街","1"
"重庆市","小龙坎(地铁站)","1"
"郑州市","紫荆山(地铁站)","1"
"十堰市","牛头山国家森林公园","1"
"白山市","长白镇人民政府","1"
"合肥市","望江路","1"
"合肥市","红石咀公园","1"
"滨州市","归化村村委会","1"
"邢台市","长安(南宫恒骏店)","1"
"双鸭山市","七星派出所","1"
"上海市","四川北路(地铁站)","1"
"长沙市","金桥村谭新明卫生室","1"
"杭州市","西坞岗","1"
"德阳市","九龙镇人民政府","1"
"来宾市","缤纷江南","1"
"呼和浩特市","内蒙古自治区人民医院","1"
"南阳市","中国工商银行(南阳仲景路支行)","1"
"哈尔滨市","康金街道兰阳村退役军人服务站","1"
"南宁市","桂林银行(白圩镇石塘村农村普惠金融综合服务点)","1"
"上海市","龙门邨","1"
"太原市","劲松北路","1"
"金华市","光南路与环城东路交叉口","1"
"北京市","箭扣长城","1"
"太原市","小东流(公交站)","1"
"杭州市","朱穴村村民委员会","1"
"湘潭市","大鹏西路","1"
"大连市","大连老街","1"
"渭南市","罕井镇人民政府","1"
"商丘市","商丘古城","1"
"上海市","上海市徐汇中学","1"
"克孜勒苏柯尔克孜自治州","慕士塔格峰","1"
"佛山市","江边村东社(公交站)","1"
"西安市","飞天路","1"
"池州市","仙寓山风景区","1"
"宁德市","环城路","1"
"北京市","北京市丰台区太平桥东里幼儿园","1"
"肇庆市","洽水镇中心小学旺洞教学点","1"
"阜阳市","古城镇人民政府","1"
"淮北市","烈山","1"
"宣城市","沿河村村民委员会","1"
"贵港市","皮塘水库","1"
"安阳市","大众煤业","1"
"南宁市","南宁街","1"
"延安市","延安机务段","1"
"阜阳市","关庙村公益电影放映点","1"
"杭州市","杭州天目山医院","1"
"柳州市","长风路","1"
"南京市","长江路","1"
"济南市","羊里派出所","1"
"南通市","如家酒店(海安中坝南路店)","1"
"苏州市","舟山路","1"
"孝感市","毛陈镇(公交站)","1"
"蚌埠市","后马村村民委员会","1"
"重庆市","路景苑","1"
"杭州市","龙山","1"
"洛阳市","正太商贸有限公司","1"
"安阳市","头道街与文峰北街交叉口","1"
"上海市","正泰电气股份有限公司","1"
"南通市","启东经济开发区","1"
"杭州市","余杭街道社区卫生服务中心","1"
"南京市","南通(南京国际博览中心)","1"
"德州市","杨安镇人民政府","1"
"淮南市","国庆路(公交站)","1"
"宿州市","交通路","1"
"合肥市","丰乐街道(公交站)","1"
"芜湖市","三山·时代广场","1"
"重庆市","胜利路","1"
"济宁市","曲阜东站(西出站口)","1"
"合肥市","紫蓬镇人民政府","1"
"商丘市","淮海大道","1"
"长沙市","四水厂(公交站)","1"
"宜昌市","白溢坪村村民委员会","1"
"南阳市","赵沟","1"
"东莞市","黄江广场","1"
"焦作市","工业路","1"
"昭通市","新店镇政府","1"
"南昌市","乐豆家(南昌世贸店)","1"
"铜陵市","铜陵中学","1"
"襄阳市","马桥镇人民政府","1"
"广州市","五指山","1"
"青岛市","珠海街道办事处社会治理指挥中心","1"
"上海市","新寺社区卫生服务中心","1"
"海口市","海口市龙华小学","1"
"拉萨市","布达拉宫","1"
"金华市","螺山路","1"
"湖州市","仁皇山景区","1"
"温州市","茗岙梯田","1"
"广州市","火炉山森林公园","1"
"运城市","山西平陆中学","1"
"东莞市","清溪湖","1"
"攀枝花市","西佛寺","1"
"柳州市","永前路四区","1"
"南京市","淳化","1"
"金华市","金胜山健康主题公园","1"
"平顶山市","平顶山","1"
"南京市","手工烘焙","1"
"佛山市","维也纳国际酒店(西樵山景区店)","1"
"合肥市","定光社区","1"
"渭南市","山前洼村卫生室","1"
"凉山彝族自治州","瑞香村村民委员会","1"
"马鞍山市","马鞍山惠农金融服务室","1"
"黄冈市","汤河","1"
"南京市","喜马拉雅瑜伽","1"
"绵阳市","开茂村村民委员会","1"
"株洲市","株洲市冬季游泳运动协会","1"
"淄博市","宫夏路","1"
"巴彦淖尔市","天雷赛鸽","1"
"三亚市","国家海岸·保利财富中心","1"
"芜湖市","二坝镇人民政府","1"
"济南市","佛山街","1"
"朔州市","紫晨商务酒店","1"
"台州市","金华村委会","1"
"济南市","黄台电厂第五宿舍区","1"
"广州市","中信东方广场","1"
"荆州市","安良百货","1"
"鞍山市","三里(公交站)","1"
"深圳市","赛格电子市场(龙岗路)","1"
"上海市","星巴克(上海新联地带店)","1"
"揭阳市","大港路","1"
"广州市","广州市番禺区人民政府","1"
"拉萨市","拉萨圣地天堂洲际大饭店","1"
"武汉市","湖泗老街","1"
"重庆市","江津大悦城","1"
"成都市","七一村卫生站","1"
"沈阳市","大悦城skg(韶音专卖店)","1"
"重庆市","龙湖重庆北城天街","1"
"上海市","西岸艺术中心","1"
"武汉市","武商MALL","1"
"厦门市","达人公社(达意商业城店)","1"
"西安市","人人乐超市(汉神购物广场店)","1"
"上海市","上海高岛屋百货","1"
"天津市","伊势丹百货(现代城店)","1"
"西安市","人人乐(凤城五路店)","1"
"苏州市","苏州中心商场南区","1"
"哈尔滨市","红博中央公园","1"
"香港特别行政区","葵涌广场","1"
"南昌市","公园村卫生所","1"
"上海市","上海市浦东新区金桥镇人民政府","1"
"深圳市","地王大厦","1"
"上海市","金虹桥商业广场","1"
"常州市","工人文化宫","1"
"北京市","国贸商城(西区)","1"
"济南市","洪家楼","1"
"济南市","振兴街","1"
"广州市","时光里美食广场","1"
"成都市","成都九龙广场","1"
"重庆市","六指烧烤","1"
"上海市","陆家嘴中心","1"
"北京市","西红门","1"
"长沙市","太平街","1"
"三门峡市","大中海步行街","1"
"温州市","大罗山-瑶溪","1"
"苏州市","亨通广场","1"
"长沙市","东润·万象城","1"
"随州市","大润发(随州店)","1"
"济宁市","乐民商厦","1"
"保定市","未来石","1"
"杭州市","延安路与解放路交叉口","1"
"信阳市","西亚生活广场(蓼北路)","1"
"眉山市","金钟村村民委员会","1"
"青岛市","青岛凯德MALL","1"
"南京市","景枫中心","1"
"南京市","HappyMart(南京城北万象汇店)(装修中)","1"
"上海市","前滩太古里","1"
"郑州市","洁美万家","1"
"北京市","崇文门(地铁站)","1"
"成都市","居然之家(金牛店)","1"
"南京市","南京奥林匹克体育中心","1"
"深圳市","卓悦中心东区","1"
"重庆市","金源时代购物中心(北滨一路)","1"
"广州市","中华广场","1"
"郑州市","肯德基(正道中环百货店)","1"
"广州市","江山酒家(万达广场店)","1"
"长沙市","梅溪湖公园","1"
"深圳市","卓悦中心北区","1"
"南京市","招商·花园城","1"
"郑州市","新田360广场(郑州国贸店)","1"
"成都市","成都高新区政务服务中心","1"
"泸州市","万象汇小屋(春景上路分店)","1"
"昆明市","恒隆广场","1"
"成都市","成都铁路工程学校","1"
"石家庄市","海悦天地","1"
"汉中市","天汉大道","1"
"武汉市","硚口路","1"
"绵阳市","崇文门","1"
"北京市","林奥CITY PARK","1"
"邯郸市","陵园路与黎明街交叉口","1"
"驻马店市","甲鱼面馆(天龙步行街南街店)","1"
"杭州市","大悦城","1"
"温州市","杨府山公园","1"
"无锡市","Livat荟聚","1"
"延安市","武汉百货","1"
"澳门特别行政区","金沙(公交站)","1"
"佛山市","佛山保利MALL","1"
"济南市","明湖西路","1"
"广州市","荔湾广场","1"
"杭州市","杭州大厦","1"
"深圳市","深圳购物公园","1"
"武汉市","恒隆广场","1"
"沈阳市","华润·铁西万象汇购物中心","1"
"香港特别行政区","美国银行中心","1"
"唐山市","唐山高新区管委会","1"
"上海市","兴业太古汇","1"
"济南市","融汇城","1"
"周口市","五一路","1"
"深圳市","鸿荣源·壹成中心","1"
"青岛市","海底捞火锅(乐客城店)","1"
"广州市","天环Parc Central","1"
"广州市","金中环大厦","1"
"天津市","SM天津滨海城市广场","1"
"北京市","凯德MALL(西直门店)","1"
"沈阳市","市府恒隆广场","1"
"江门市","堤西路","1"
"成都市","天虹商场(奥克斯广场店)","1"
"杭州市","杭州华联(龙湖·名景台南苑店)","1"
"贵阳市","华为授权体验店(银海元隆店)","1"
"成都市","成都银泰中心","1"
"广州市","东山百货大楼","1"
"苏州市","东方之门","1"
"南宁市","相思湖购物公园","1"
"商洛市","朝阳商业广场","1"
"赣州市","步步高","1"
"西安市","星巴克咖啡(西安大兴龙湖星悦荟店)","1"
"北京市","西二旗","1"
"福州市","福建兴闽榕建筑工程有限公司","1"
"福州市","宜家家具城","1"
"南京市","金茂广场","1"
"开封市","西郊商场(滨河路)(公交站)","1"
"重庆市","华润中心","1"
"杭州市","杭州西溪印象城","1"
"衡水市","第三完全小学","1"
"嘉兴市","养馋记(文昌路菜场店)","1"
"临沂市","泰盛广场","1"
"泰安市","山东第一医科大学第二附属医院停车场(出入口)","1"
"徐州市","徐州苏宁广场","1"
"大庆市","美立方","1"
"杭州市","海山公园","1"
"广州市","天河城","1"
"廊坊市","运通家园","1"
"济南市","首创奥特莱斯","1"
"杭州市","银泰百货(中大店)","1"
"鞍山市","中化石油胡家庙加油站","1"
"郑州市","红旗路","1"
"青岛市","青岛·卓悦里","1"
"潮州市","开濠花园路","1"
"郑州市","万达广场商管部","1"
"惠州市","甲子路","1"
"济南市","百丽宫影城(济南恒隆广场店)","1"
"柳州市","东风商场","1"
"邯郸市","邯山商场(公交站)","1"
"成都市","万达广场(成都郫都店)","1"
"上海市","日月光","1"
"昆明市","地下停车场","1"
"澳门特别行政区","大炮台","1"
"南宁市","航洋国际购物中心","1"
"广州市","扶光书店","1"
"上海市","虹桥天地购物中心","1"
"惠州市","光长村党群服务中心","1"
"荆州市","江汉路","1"
"成都市","武侯皮革城(鞋都南路)","1"
"烟台市","芝罘金街(万达广场店)","1"
"杭州市","浙江大学医学院附属第二医院(解放路院区)","1"
"临沂市","华南社区","1"
"香港特别行政区","兴业中心","1"
"沈阳市","沈阳(大南店)","1"
"深圳市","世纪汇购物中心","1"
"黄冈市","红安名品广场(物资商业步行街店)","1"
"扬州市","RMALL生活广场(京华城2期店)","1"
"杭州市","星巴克咖啡(杭州鸿锦大厦店)","1"
"郑州市","绿博园","1"
"铜陵市","长江路","1"
"郑州市","ECCO郑州丹尼斯大卫城店","1"
"金华市","东阳市人民医院","1"
"佛山市","印象城","1"
"杭州市","龙湖杭州滨江天街","1"
"太原市","王府井百货(太原店)","1"
"武汉市","新世界(万商白马服装交易中心市场店)","1"
"东菀市","民盈·国贸城","1"
"广州市","白云汇广场","1"
"宁波市","和义大道购物中心","1"
"广州市","太古仓码头","1"
"德州市","齐河德百(公交站)","1"
"广州市","女人花(万佳服装批发广场店)","1"
"临沂市","华丰国际商贸城","1"
"北京市","领展购物广场·中关村","1"
"成都市","新世纪环球购物中心","1"
"深圳市","天虹(前海店)","1"
"重庆市","重庆汽博中心","1"
"杭州市","银泰西选(中大店)","1"
"益阳市","好润佳(沅江店)","1"
"上海市","绿洲湖畔花园","1"
"揭阳市","体育西馆","1"
"上海市","星游城","1"
"上海市","百联南方购物中心","1"
"大连市","大连中央大道吾悦广场","1"
"广州市","广州文和友(太古汇店)","1"
"淄博市","芳草地别墅区","1"
"南京市","雨花客厅里的幸运草公寓(花露北岗分店)","1"
"澳门特别行政区","澳门四季酒店","1"
"石家庄市","北国商城站","1"
"上海市","世博源","1"
"台北市","台北市政府民政局","1"
"天津市","天津陆家嘴广场","1"
"武汉市","世界城光谷步行街","1"
"青岛市","星巴克咖啡(青岛悦荟广场店)","1"
"深圳市","中央花园","1"
"唐山市","惠铖超市丨路北店","1"
"邵阳市","双拥路","1"
"澳门特别行政区","新濠天地车(壹号湖畔店)","1"
"阜阳市","六和源(上海大花园店)","1"
"长沙市","德思勤城市广场","1"
"青岛市","青岛海信广场","1"
"金华市","义乌站","1"
"南宁市","万达商业广场(印象城店)","1"
"广州市","花城汇","1"
"北京市","西单大悦城","1"
"郑州市","宜家家居(郑州商场)","1"
"上海市","白玉兰广场","1"
"长春市","这有山","1"
"重庆市","江北步行街","1"
"深圳市","深业上城商场","1"
"济南市","中海·环宇城","1"
"深圳市","深圳卓悦中心","1"
"佳木斯市","万象国际","1"
"泉州市","万达广场","1"
"上海市","庆华苑","1"
"南京市","南京新百","1"
"济南市","成龙影城(绿地店)","1"
"佛山市","贰捌商场","1"
"镇江市","协信星光时代广场","1"
"台北市","西门町电影公园","1"
"临沂市","郯中商场","1"
"西安市","赛格国际购物中心","1"
"南京市","21世纪国际公寓","1"
"广州市","大壮国际广场","1"
"深圳市","新天地购物广场(宝安大道)","1"
"武汉市","保利时代","1"
"澳门特别行政区","澳门喜来登大酒店","1"
"北京市","清河万象汇购物中心-LOUNGE","1"
"三亚市","cdf三亚国际免税城A区","1"
"江门市","万达广场(江门蓬江店)","1"
"南阳市","文化路","1"
"湘潭市","步步高","1"
"苏州市","诚品书店(诚品生活)","1"
"重庆市","南岸区南坪(商圈)","1"
"泰安市","大润发","1"
"咸阳市","王府井奥莱机场店","1"
"郑州市","紫荆山","1"
"佛山市","容山商场(环镇路)","1"
"哈尔滨市","百盛A(3)座","1"
"济南市","欧亚大观","1"
"长春市","欧亚卖场","1"
"泉州市","泉州晋江SM国际广场","1"
"开封市","延庆观","1"
"株洲市","神农公园","1"
"太原市","立达国际商城(柳巷南路)","1"
"南宁市","南宁国际商业贸易中心C区","1"
"安庆市","金拱镇公墓","1"
"北京市","颐堤港","1"
"成都市","成都来福士广场","1"
"宁波市","凯德","1"
"淮北市","万达广场","1"
"鞍山市","新玛特购物广场(鞍山总店)","1"
"沈阳市","沈阳盛京大奥莱","1"
"南阳市","南阁村民委员会","1"
"邵阳市","红旗路","1"
"呼和浩特市","丁香路","1"
"天津市","天津大悦城","1"
"上海市","1788广场","1"
"南通市","南通万象城","1"
"南京市","南京师范大学(随园校区)","1"
"合肥市","砂之船(合肥)奥莱","1"
"渭南市","联手商城","1"
"济南市","宾谷街","1"
"宁波市","世纪东方广场","1"
"合肥市","三里庵","1"
"东菀市","民盈·国贸中心","1"
"贵阳市","龙湾国际一期","1"
"泉州市","丰泽东海街道","1"
"合肥市","合肥体育中心","1"
"淮北市","濉溪百货商场","1"
"淮南市","新淮村(公交站)","1"
"南通市","南通濠河风景名胜区","1"
"郑州市","雀友麻将机专卖店(宝龙广场店)","1"
"武汉市","万达广场(菱角湖店)","1"
"沈阳市","浑南区浑南新区","1"
"澳门特别行政区","大三巴牌坊","1"
"北京市","硅谷亮城","1"
"太原市","太原万象城","1"
"成都市","旺泉街","1"
"重庆市","爱融荟城","1"
"上海市","万象城","1"
"佛山市","容桂派出所","1"
"杭州市","杭州大厦(公交站)","1"
"北京市","北京侨福芳草地购物中心","1"
"深圳市","西乡(地铁站)","1"
"汕头市","金环路","1"
"阜阳市","阜阳·临沂商城","1"
"福州市","正荣·财富中心","1"
"武汉市","长丰路","1"
"杭州市","祥符路","1"
"广州市","顺德陈村佛具批发商行","1"
"衡水市","衡百国际","1"
"滁州市","定城镇人民政府","1"
"广州市","体育西路","1"
"珠海市","华润万家","1"
"无锡市","袁家巷","1"
"沧州市","团结公园","1"
"南京市","新街口","1"
"邵阳市","隆回县九龙学校","1"
"延安市","中防万宝城(南门里店)","1"
"张家界市","西溪坪","1"
"青岛市","青岛北方国贸大厦","1"
"日照市","青岛路","1"
"西安市","太古里","1"
"青岛市","海尔路","1"
"杭州市","杭州市江干区中医医院","1"
"北京市","魏公村(地铁站)","1"
"上海市","上海交通大学闵行校区","1"
"珠海市","拱北口岸","1"
"湛江市","鼎盛广场","1"
"赤峰市","鲁王路","1"
"邯郸市","滏阳东路","1"
"安庆市","八佰伴(集贤南路)","1"
"遵义市","万里路","1"
"大连市","大连恒隆广场","1"
"邵阳市","邵阳九福老年公寓","1"
"宁波市","宁海县前童镇专职消防队","1"
"齐齐哈尔市","齐齐哈尔百货大楼","1"
"梧州市","永安大桥","1"
"常德市","柳泉路","1"
"潍坊市","222省道与341国道交叉口","1"
"大连市","西岗市场(华西小区店)","1"
"保定市","北京师范大学实验幼儿园","1"
"绵阳市","圣水寺","1"
"漳州市","吉马购物桥口商场","1"
"湘潭市","湘潭市雨湖区人民政府","1"
"北京市","移动综合楼","1"
"遵义市","内沙路","1"
"泉州市","西宫(公交站)","1"
"青岛市","杭州路海岸路(公交站)","1"
"青岛市","宣化路与杭州路交叉口","1"
"钦州市","八寨沟旅游景区","1"
"济南市","零点立交南(公交站)","1"
"固原市","杨忠堡村村民委员会","1"
"重庆市","沙坪坝站","1"
"驻马店市","世泽路与灈阳大道交叉口","1"
"包头市","横竖街","1"
"重庆市","时代广场","1"
"合肥市","安医大二附院","1"
"荆门市","田岗村委会","1"
"常州市","玉龙南路与龙城大道交叉口","1"
"广元市","茶树村村民委员会","1"
"武汉市","武汉国际体育文化休闲园","1"
"宿州市","宿马园区","1"
"宿州市","龙山创鑫广场","1"
"昆明市","南门集贸市场","1"
"临沂市","涑河南路","1"
"邵阳市","仁信·半岛城","1"
"株洲市","霞阳收费站(G1517莆炎高速出口)","1"
"济南市","济阳蔬菜","1"
"西安市","南门里(箭门市场店)","1"
"湛江市","雷州市客路镇人民政府","1"
"武汉市","黄浦社区(武汉大道)","1"
"南宁市","英华路","1"
"重庆市","新山村社区","1"
"长沙市","潇湘北路","1"
"文山壮族苗族自治州","三鑫开化商贸城农贸市场(三鑫第一城店)","1"
"绵阳市","艾潇汽配城","1"
"淄博市","胜利路","1"
"苏州市","老许屋里香","1"
"许昌市","赵楼小学","1"
"郑州市","桃贾路与陇海西路交叉口","1"
"湛江市","东新福居","1"
"惠州市","疏港大道","1"
"遂宁市","遂宁站","1"
"太原市","东社","1"
"南阳市","南阳理工学院","1"
"邯郸市","东部美的城","1"
"德州市","迎宾大道与迎宾路交叉口","1"
"云浮市","石巷村委会","1"
"邵阳市","邵阳市炭黑厂家属区","1"
"乐山市","苏中路","1"
"海口市","中山南路与凤翔东路交叉口","1"
"盘锦市","盘锦北站","1"
"合肥市","潜山路与龙图路交叉口","1"
"湛江市","翠绿花园","1"
"东莞市","电中国电信股份有限公司东莞长安区分公司沙头营销中心","1"
"青岛市","嘉定路与宁化路交叉口","1"
"南宁市","闭村小学","1"
"银川市","章光101(凤凰北街店)","1"
"江门市","芦阳学校","1"
"德州市","陵城区检察院(公交站)","1"
"南昌市","胡家村(公交站)","1"
"北海市","兴港大道","1"
"株洲市","姞仙村村民委员会","1"
"邢台市","渤海路","1"
"梅州市","石下村(公交站)","1"
"阳江市","岗南村委会","1"
"焦作市","迎宾大道","1"
"三门峡市","黄河三门峡商务中心区医院","1"
"西安市","西五路","1"
"石家庄市","体育大街","1"
"宜宾市","绣球村委会","1"
"驻马店市","时代鑫苑小区","1"
"广元市","剑阁百货大楼","1"
"西双版纳傣族自治州","基诺山基诺族乡人民政府","1"
"西安市","凤城九路","1"
"宝鸡市","车海洋智能自助洗车千渭星城大十字路口站","1"
"安康市","宋家镇人民政府","1"
"唐山市","大广生态园","1"
"常州市","锦汇商业广场","1"
"上海市","甪里村委会","1"
"保山市","保龙龙庭苑","1"
"常州市","新北工业园","1"
"兰州市","刘家堡广场站","1"
"衡阳市","二七二厂(公交站)","1"
"阜新市","儿童公园","1"
"济宁市","曲阜三孔景区-孔府","1"
"成都市","成都后花园3期","1"
"佳木斯市","向阳湖风景区","1"
"淮南市","红旗楼(公交站)","1"
"黄山市","三华园","1"
"许昌市","马坊集煤球场","1"
"漳州市","长泰区","1"
"海口市","和平北路","1"
"池州市","花园小区","1"
"遵义市","民族广场户外劳动者服务站","1"
"厦门市","维也纳3好酒店(厦门机场厦鼓码头店)","1"
"宜昌市","丁家坝大桥","1"
"南阳市","南阳大桥","1"
"襄阳市","白马广场","1"
"商丘市","新城社区","1"
"开封市","西环路·大梁路(公交站)","1"
"甘南藏族自治州","甘南藏族自治州妇幼保健院","1"
"福州市","鼓岭旅游度假区","1"
"长沙市","南二环桔园立交桥","1"
"绵阳市","芙蓉桥","1"
"银川市","丽景南街与长城东路交叉口","1"
"合肥市","海恒街","1"
"厦门市","莲岳路","1"
"湛江市","雷城街道办事处","1"
"兰州市","天水南路","1"
"济宁市","微山县夏镇街道办事处","1"
"文山壮族苗族自治州","三鑫第一城开化商贸城","1"
"信阳市","潢川县城区新一中","1"
"唐山市","紫薇园","1"
"六安市","六岭村委会","1"
"嘉兴市","九龙山大道","1"
"南京市","上湖工业园","1"
"惠州市","街电(美宜佳康宁店)","1"
"阜阳市","太和村张庄","1"
"阳江市","城西大道","1"
"太原市","千峰南路","1"
"怀化市","富州南路","1"
"玉溪市","纳古镇人民政府","1"
"三亚市","吉阳大道与迎宾互通交叉口","1"
"焦作市","庙小段村民委员会","1"
"来宾市","来宾市兴宾区水落小学","1"
"惠州市","厦深铁路惠州南站(公交站)","1"
"常德市","洞庭大道与芙蓉路交叉口","1"
"遂宁市","如环境保护局宿舍","1"
"达州市","金利多广场","1"
"贵阳市","中环国际","1"
"湖州市","万家水果商行","1"
"济宁市","特来电充电站(兖州火车站广场)","1"
"贵港市","中国体育彩票(六八村店)","1"
"景德镇市","东湖公园","1"
"漯河市","明刺青","1"
"杭州市","百丈岭","1"
"株洲市","松岗(公交站)","1"
"郴州市","东云路与解放北路1巷交叉口","1"
"佛山市","顺峰山公园","1"
"南充市","黄金江岸","1"
"杭州市","浙西天池","1"
"遵义市","圣城华府·紫郡(建设中)","1"
"赣州市","江山里小区(公交站)","1"
"德州市","迎宾街","1"
"商丘市","北门村民委员会","1"
"贵阳市","贵州师范大学宝山校区","1"
"芜湖市","高校园区派出所","1"
"东莞市","东莞市体育中心体育馆","1"
"巴中市","恩阳古镇游客中心","1"
"绍兴市","崧厦街道","1"
"常德市","毛家岔大桥","1"
"武汉市","太平寺","1"
"南通市","江苏省海门中学","1"
"安阳市","平原路与德隆街交叉口","1"
"南阳市","淮河大桥","1"
"宝鸡市","美阳街","1"
"湛江市","六坑村(公交站)","1"
"驻马店市","挚地大道与铁塔路交叉口","1"
"邯郸市","寇公西路","1"
"常州市","劳动西路与清潭路交叉口","1"
"宁波市","坝头西路与高田王街交叉口","1"
"南通市","水绘园","1"
"广州市","广州市越秀儿童公园","1"
"青岛市","世茂·诺沙湾","1"
"信阳市","中国农业银行(北向店支行)","1"
"西安市","终南大道","1"
"齐齐哈尔市","胡屯村委会","1"
"咸宁市","沙坪村村委会","1"
"凉山彝族自治州","新世界","1"
"乐山市","蟠龙苑","1"
"重庆市","中亿·阳明山水","1"
"保山市","人社社保服务窗口(隆阳区兰城街道汉营社区为民服务站)","1"
"枣庄市","荆河中路","1"
"杭州市","杭州北创传动科技有限公司","1"
"长沙市","麻园路南二环路口(公交站)","1"
"安阳市","豫北图书大厦","1"
"邵阳市","大祥路","1"
"广安市","广安新天地","1"
"常德市","特来电充电站(常德市武陵公交)","1"
"昆明市","安宁市县街中心卫生院","1"
"许昌市","襄城外国语学校","1"
"枣庄市","龙庄村民委员会","1"
"西安市","银河路","1"
"遵义市","上坝中学","1"
"平凉市","良邑镇民政工作站","1"
"太原市","山西省气象局","1"
"怀化市","怀化站","1"
"青岛市","二里河公园","1"
"遵义市","中国邮政储蓄银行(火车站支行)","1"
"文山壮族苗族自治州","东风派出所","1"
"吕梁市","大同路","1"
"汕头市","汕头礐石大桥","1"
"丹东市","滨江中路","1"
"江门市","龙胜镇","1"
"武汉市","八一路鲁磨路(公交站)","1"
"黔南布依族苗族自治州","玉屏街道办事处","1"
"眉山市","广场南路","1"
"安阳市","桑园路","1"
"许昌市","园区路","1"
"厦门市","翔安隧道","1"
"北京市","兴政街西口(公交站)","1"
"商丘市","雪枫超市(雪枫路)","1"
"邯郸市","南环立交桥","1"
"宁波市","余姚北站","1"
"邢台市","致冠便利店","1"
"西安市","西延路","1"
"株洲市","佳诚电脑手机城","1"
"驻马店市","王楼村委会","1"
"太原市","五一路与北大街交叉口","1"
"邵阳市","221省道","1"
"本溪市","泉涌社区","1"
"武汉市","民主村村委会","1"
"成都市","广德成食品","1"
"北京市","北京市昌平区小汤山镇南官庄村村民委员会","1"
"咸宁市","九宫大道与迎宾大道交叉口","1"
"苏州市","苏州工业园区","1"
"广州市","金沙湾花园","1"
"漯河市","人民路","1"
"成都市","长安路","1"
"汕头市","金涛庄","1"
"台州市","如刚街头牛排(路桥一店)","1"
"长沙市","万家丽路高架","1"
"湛江市","雷州市中医医院","1"
"漯河市","南京路","1"
"宁波市","凤山南路","1"
"昆明市","昆明站(北京路)(公交站)","1"
"青岛市","中国国际能源加油站(龙海站)","1"
"济南市","西杨家园","1"
"遵义市","遵义市汇川区市场监督管理局","1"
"惠州市","大洞水库","1"
"咸阳市","世纪大道","1"
"金华市","丹溪路与双龙南街交叉口","1"
"玉林市","学田村村委会","1"
"长沙市","书香路","1"
"邵阳市","城北路","1"
"驻马店市","西亚超市(公交站)","1"
"邯郸市","建设街与魏征路交叉口","1"
"赣州市","超田小学","1"
"青岛市","福州南路与香港中路交叉口","1"
"牡丹江市","桐林超市","1"
"鹤壁市","河南柳江生态牧业股份有限公司","1"
"常德市","常德大道与朝阳路交叉口","1"
"南阳市","中山街","1"
"乌鲁木齐市","长江路","1"
"重庆市","人民路与滨河路交叉口","1"
"永州市","猎豹北路与飞腾路交叉口","1"
"永州市","永州大道与进贤路交叉口","1"
"黄石市","铜花二巷","1"
"凉山彝族自治州","南山大道","1"
"武汉市","武汉瑞华医院民兴中医门诊部","1"
"温州市","凤凰村村委会","1"
"宣城市","安徽宣城宛陵湖省级湿地公园","1"
"济南市","华山风景区","1"
"襄阳市","三桥村五组","1"
"武汉市","板材大市场B区","1"
"常德市","常德大道","1"
"呼和浩特市","腾飞电器(昭君路)","1"
"南昌市","八一大道与孺子路交叉口","1"
"沈阳市","长青街","1"
"菏泽市","松花江路桥","1"
"台州市","桐方线","1"
"黔南布依族苗族自治州","广惠社区居委会","1"
"郑州市","天河路与英才街交叉口","1"
"济南市","黑峪顶","1"
"曲靖市","福安广场","1"
"衡阳市","鑫鑫米兰","1"
"杭州市","太子尖","1"
"长春市","宽城区政府中心公园","1"
"武汉市","武汉天兴洲长江大桥","1"
"济南市","嘉华购物广场(济南槐荫店)","1"
"贵阳市","富水南路与曹状元街交叉口","1"
"朝阳市","青年路","1"
"珠海市","金凤路","1"
"邯郸市","美乐城(中国邯郸环球中心店)","1"
"湖州市","真诚草莓采摘园","1"
"郴州市","稻田公园","1"
"天水市","解放北路","1"
"滁州市","仁和路与敬梓路交叉口","1"
"昆明市","官渡广场","1"
"长春市","益和国际城","1"
"西宁市","海湖新区","1"
"杭州市","物美超市(顾家江东店)","1"
"德州市","亿家火锅店","1"
"长沙市","阿波罗商业广场","1"
"惠州市","大华二路","1"
"南昌市","火炬广场","1"
"长沙市","长沙理工大学西门(公交站)","1"
"成都市","安德鲁森(银润店)","1"
"上海市","五角场","1"
"益阳市","福泽大厦","1"
"惠州市","尚品世家","1"
"厦门市","仙岳路","1"
"乌兰察布市","乌兰察布市集宁区中蒙医院","1"
"娄底市","娄底一大桥(公交站)","1"
"商丘市","凯旋北路与建设路交叉口","1"
"蚌埠市","秦仁路","1"
"济南市","经二路","1"
"长沙市","万博汇","1"
"太原市","府东街","1"
"唐山市","市府北街","1"
"成都市","团结街","1"
"金华市","丹光路","1"
"太原市","龙城北街(公交站)","1"
"太原市","五一路与府东街交叉口","1"
"北京市","万寿路与玉渊潭南路交叉口","1"
"安阳市","彰德路与迎春西街交叉口","1"
"南京市","南京1912街区","1"
"上海市","曹安公路与黄家花园路交叉口","1"
"济南市","中国工商银行(山东省分行)","1"
"西安市","文艺北路","1"
"荆州市","红门路","1"
"海口市","白沙门公园游乐场售票处","1"
"济南市","党杨路与刘长山路交叉口","1"
"德州市","夏津德百商贸城","1"
"惠州市","俄之塘南五街","1"
"海口市","中山","1"
"南阳市","南阳汽车站","1"
"成都市","春熙路(地铁站)","1"
"吉林市","光明路","1"
"营口市","西海立交桥","1"
"攀枝花市","旅客家宾馆","1"
"唐山市","伯雍街","1"
"沧州市","耀华商厦","1"
"保定市","东关大街","1"
"长沙市","长沙市雨花区人民政府","1"
"石嘴山市","惠农区红果子镇综合治理中心","1"
"徐州市","开甲·尚仕名邸","1"
"安阳市","河阳寺","1"
"上海市","上海市浦东新区潍坊新村街道社区保安队","1"
"台州市","台州渝帆机电科技","1"
"珠海市","珠海市紫荆中学(凤凰路校区)","1"
"日照市","新天地","1"
"永州市","锦绣花园","1"
"黔南布依族苗族自治州","石灰坳小学","1"
"金华市","义乌市第三中学","1"
"保定市","星光国际商务酒店","1"
"枣庄市","薛城区财政局","1"
"厦门市","斗西路口","1"
"青岛市","山水文苑","1"
"攀枝花市","东风小康皓升渡仁西线店","1"
"太原市","七港九(育英中学店)","1"
"济南市","广州路","1"
"包头市","安达汽修","1"
"遵义市","余庆新余旅社","1"
"青岛市","青岛嘉逸豪庭精品酒店","1"
"广元市","龙洞碥大桥","1"
"湛江市","雷州市英利镇人民政府","1"
"昆明市","西福路","1"
"河源市","东源大润发一楼风裳美衣","1"
"惠州市","东华学校","1"
"曲靖市","凤凰谷","1"
"周口市","马家粮油商行","1"
"临沧市","凤凰路","1"
"渭南市","陕西金骏(渭南办事处)","1"
"青岛市","市委党校(公交站)","1"
"长沙市","环联路","1"
"长沙市","芙蓉兴盛","1"
"北京市","立汤路辅路","1"
"合肥市","包河花园","1"
"合肥市","金寨路","1"
"衡水市","长安街","1"
"宜春市","天宝路","1"
"毕节市","常丰村村委会","1"
"周口市","大庆路与女娲路交叉口","1"
"上海市","奉城南街","1"
"遂宁市","永逸家居店地面停车场","1"
"邯郸市","中共邯郸市峰峰矿区滏阳东路街道东沟社区支部委员会","1"
"赤峰市","松山区第四中学","1"
"青岛市","海信湖岛世家二期营销中心","1"
"酒泉市","西湖","1"
"南阳市","港达商贸城","1"
"遂宁市","滨江中路","1"
"湛江市","金沙湾广场","1"
"惠州市","草洋石材市场","1"
"南阳市","仲景路信臣路口(公交站)","1"
"惠州市","白云坑市场(装修中)","1"
"焦作市","清化医院门诊","1"
"喀什地区","巴楚步行街","1"
"阳江市","中山公园","1"
"成都市","南湖公园","1"
"徐州市","百惠家美时超市(丰储街店)","1"
"厦门市","嘉庚体育馆","1"
"楚雄彝族自治州","永丰水库","1"
"阳泉市","阳泉市义井中学","1"
"抚州市","新人民医院(公交站)","1"
"新乡市","荣校东路福彩街(公交站)","1"
"厦门市","枋钟路","1"
"青岛市","汉川路与金水路交叉口","1"
"梅州市","梅河公园","1"
"遵义市","龙溪镇人民政府","1"
"南阳市","锦上花购物中心","1"
"丽江市","环城北路","1"
"徐州市","顺河路","1"
"益阳市","中国工商银行(东新支行)","1"
"岳阳市","交通花园(新埠东路)","1"
"汕头市","龙华街","1"
"保定市","冲之大街与涞阳路交叉口","1"
"遂宁市","机场小区A区","1"
"永州市","阳明山国家森林公园","1"
"莆田市","兴安名城C区","1"
"开封市","开封市正大家属院","1"
"邯郸市","龙城小区","1"
"肇庆市","南东一路","1"
"安阳市","弦歌大道与曙光路交叉口","1"
"抚州市","丹阳桥","1"
"临沂市","山东省郯城县新村银杏产业开发区","1"
"昆明市","第三城丹槿园","1"
"杭州市","朝阳路","1"
"晋城市","河门口村(公交站)","1"
"遵义市","龙家镇先锋村春风小院","1"
"长沙市","靳江路","1"
"黄山市","黄山区永丰乡人民政府","1"
"开封市","汪屯桥(公交站)","1"
"肇庆市","蔚蓝国际","1"
"岳阳市","洛王社区居民服务中心","1"
"合肥市","皇家尚品地面停车场","1"
"太原市","晋阳·峰璟","1"
"蚌埠市","东海大道·中粮大道(公交站)","1"
"鹤壁市","黄河路","1"
"北京市","香泉环岛","1"
"郑州市","河南财经政法大学郑东校区","1"
"临沂市","山东临沂远行重汽修理厂(宝友物流店)","1"
"深圳市","壹海城","1"
"临沂市","临沂市公安局交通警察支队板泉中队","1"
"自贡市","沿滩新城","1"
"珠海市","珠海国家高新区","1"
"深圳市","政丰南路","1"
"娄底市","娄底市自然资源和规划局","1"
"苏州市","横沥村党群服务中心","1"
"芜湖市","芜湖长江大桥","1"
"肇庆市","高良出口(S8广佛肇高速西向)","1"
"驻马店市","爱民超市","1"
"济南市","阳光100艺术馆","1"
"重庆市","兴隆花园","1"
"北京市","华商三优汽车充电站(东城区东四十条10116充电扬招站)","1"
"宁德市","万安路","1"
"临沂市","刘家园街","1"
"驻马店市","盘龙山公园","1"
"安顺市","中国石化安顺城区干河1加油站","1"
"温州市","平阳站","1"
"厦门市","马垅(公交站)","1"
"成都市","铭城玻璃门窗","1"
"黄石市","黄石市花湖街道办","1"
"聊城市","郭屯(公交站)","1"
"常州市","夏城中路与武南中路交叉口","1"
"邵阳市","双园路","1"
"漳州市","中石化森美迎宾加油站","1"
"长治市","长治医学院附属和平医院","1"
"芜湖市","万达广场","1"
"吉林市","万宝蛋糕","1"
"西安市","西沣路","1"
"遵义市","珠海路口(公交站)","1"
"泸州市","丙灵路","1"
"北京市","呼家楼","1"
"南阳市","后李洼村公益电影放映点","1"
"马鞍山市","富康路","1"
"长沙市","枫树山悦东方小学","1"
"肇庆市","凤艳村委会","1"
"临沂市","解放路","1"
"南昌市","康华园","1"
"泰州市","江苏省泰州市政协","1"
"廊坊市","S3601京雄高速","1"
"合肥市","铜陵路高架桥","1"
"玉林市","广西信祺蛇业虎纹蛙养殖基地","1"
"镇江市","北山路","1"
"太原市","小马服装批发城","1"
"肇庆市","广东源铭废旧物资回收有限公司","1"
"清远市","三加村(公交站)","1"
"眉山市","S40广洪高速","1"
"临沂市","北京路与孝河路交叉口","1"
"宿州市","朱仙庄镇人民政府","1"
"北京市","北京路客民宿BI9830","1"
"枣庄市","轴村(公交站)","1"
"合肥市","大强路与龙川路交叉口","1"
"郑州市","新兴路","1"
"深圳市","大鹿港","1"
"随州市","长岭镇人民政府","1"
"黔西南布依族苗族自治州","双龙水泥标砖厂","1"
"中山市","中山市黄圃镇兆丰村民委员会","1"
"苏州市","苏州市姑苏区人民法院","1"
"昭通市","芒部镇人民政府","1"
"惠州市","中京路与曙光路交叉口","1"
"金华市","义乌街","1"
"青岛市","汇泉路","1"
"贵阳市","桐木岭收费站(S01贵阳南环高速入口)","1"
"赤峰市","山嘴子村委会","1"
"邵阳市","敏州西路","1"
"洛阳市","洛阳汽车站","1"
"肇庆市","汇康堂药店","1"
"西安市","五星街","1"
"安阳市","文峰大道","1"
"沧州市","交通大街","1"
"遵义市","二龙村村民委员会","1"
"开封市","金明广场","1"
"信阳市","凯旋大道与建设路交叉口","1"
"新余市","罗坊镇人民政府","1"
"江门市","清风视觉形象设计","1"
"邵阳市","雪峰南路","1"
"江门市","平冈村球场","1"
"宁德市","中南社区警务室","1"
"淄博市","正阳路与米山路交叉口","1"
"沈阳市","世代龙泽湾","1"
"湛江市","文车村(公交站)","1"
"长沙市","金星路","1"
"青岛市","鞍山五路","1"
"阜新市","细河公安分局","1"
"太原市","大同路","1"
"宁波市","九峰山","1"
"许昌市","天骄幼儿园","1"
"重庆市","綦江古剑山景区","1"
"江门市","北郊市场(天沙四路)","1"
"贵阳市","都司路","1"
"广安市","广安万和(工厂旗舰店)","1"
"成都市","兴贤路","1"
"重庆市","重庆白市驿森林公园","1"
"深圳市","老虎涧(不对外开放)","1"
"宁波市","塔峙圃票证博物馆","1"
"济宁市","济宁市任城区人民医院","1"
"安阳市","太行大峡谷风景区","1"
"太原市","摄乐桥","1"
"长治市","安昌村民委员会","1"
"三门峡市","黄河公园","1"
"太原市","小井峪街道三益社区","1"
"武汉市","粮道街","1"
"德阳市","天桥村民宿聚居点","1"
"济南市","唐冶中路与文苑街交叉口","1"
"湘潭市","益丰大药房(湘潭岚园路)","1"
"临夏回族自治州","西街","1"
"宁波市","宝山路","1"
"济南市","历城区政府(公交站)","1"
"长沙市","曙光路","1"
"信阳市","幸福社区居委会(中原路)","1"
"武汉市","武汉大道","1"
"青岛市","崂山区世纪广场","1"
"开封市","马市街小学","1"
"西安市","河堤路","1"
"淄博市","原山大道","1"
"九江市","老崔葡萄采摘园","1"
"铜仁市","寨桂村退役军人服务站","1"
"宿州市","夹沟镇人民政府","1"
"株洲市","雷打石镇人民政府","1"
"西安市","阳光城·紫金城","1"
"青岛市","李哥庄镇政府","1"
"宁波市","史家巷","1"
"石家庄市","星程石家庄中山东路乐汇城店","1"
"吕梁市","振兴街","1"
"亳州市","刘营(公交站)","1"
"柳州市","鹿寨公园(公交站)","1"
"运城市","南村加油站","1"
"襄阳市","马良街社区服务中心","1"
"济南市","五峰路","1"
"宜昌市","肖家巷","1"
"金华市","大寒尖山庄","1"
"秦皇岛市","胡草科村公益电影放映点","1"
"青岛市","大港","1"
"湛江市","廉江市城南汽车客运站","1"
"郴州市","金华村委会","1"
"杭州市","万家福门业","1"
"郑州市","康复前街与铁英街交叉口","1"
"芜湖市","长江路","1"
"济南市","济南站(公交站)","1"
"重庆市","蒲吕大桥","1"
"上海市","天目山农庄(罗泾)","1"
"青岛市","榉林山早市","1"
"青岛市","清水湾花园","1"
"苏州市","格林豪泰(太仓浏河镇店)","1"
"荆门市","石化","1"
"济南市","美里湖湿地公园","1"
"青岛市","易足道足疗推拿店","1"
"曲靖市","陆良电力生活小区","1"
"杭州市","龙岗收费站(G56杭瑞高速出口)","1"
"济南市","奥体中路与工业南路交叉口","1"
"丹东市","鸭绿江","1"
"上海市","牡丹村三浜2019","1"
"重庆市","白马社区","1"
"威海市","G1813威青高速","1"
"常德市","长安汽车售后服务咨询点","1"
"驻马店市","开源大道与骏马路交叉口","1"
"天水市","河滨北路","1"
"青岛市","兴华路永平路(公交站)","1"
"哈尔滨市","哈尔滨站","1"
"吕梁市","滨河巷与滨河西路交叉口","1"
"南阳市","陈留店村民委员会","1"
"上海市","徐浦大桥","1"
"随州市","毛家棚村村委会","1"
"合肥市","百大周谷堆大兴农产品批发市场","1"
"南阳市","文化路口(公交站)","1"
"青岛市","宁夏路","1"
"曲靖市","景秀家园(陆小线)","1"
"西安市","西安祥峪森林公园","1"
"太原市","红寺北街","1"
"保定市","花园里梅兰菊社区菊园","1"
"泉州市","金龙街道办事处","1"
"北京市","北京奥林匹克公园","1"
"开封市","银河路","1"
"台州市","路桥区人民政府峰江街道办事处","1"
"武汉市","新保利香颂营销中心","1"
"济南市","济齐路","1"
"合肥市","和平路","1"
"广州市","万科新里程明·别墅","1"
"北京市","涧沟村委会","1"
"泰州市","中国石化周楼加油站","1"
"铁岭市","万家汽车维修店","1"
"柳州市","元宝山","1"
"商丘市","任庄旅游风景区","1"
"惠州市","风田水库","1"
"平顶山市","关庙桥","1"
"遂宁市","卧龙山公园","1"
"湖州市","画溪花园","1"
"芜湖市","喇叭口(公交站)","1"
"重庆市","万达广场","1"
"遵义市","和谐医院","1"
"北京市","北京建筑大学(西城校区)","1"
"南充市","蓬安县相如广场","1"
"重庆市","重庆市武隆区黄莺乡人民政府","1"
"福州市","罗源世纪金源购物中心","1"
"苏州市","张家港市西张建筑工程有限公司驻苏州办事处","1"
"杭州市","虎山公园","1"
"南京市","马占山","1"
"上海市","淀山湖","1"
"北京市","陈桁村(公交站)","1"
"襄阳市","谢洼(公交站)","1"
"韶关市","承平村村委会","1"
"泸州市","绿园路与花园路交叉口","1"
"镇江市","中国石化三山加油站","1"
"梧州市","中山路","1"
"亳州市","殷庄渡口","1"
"银川市","南门广场","1"
"曲靖市","马街镇人民政府(陆水线)","1"
"大理白族自治州","巍宝山乡合作村退役军人服务站","1"
"漳州市","中国石化城北加油站","1"
"昆明市","金碧公园","1"
"沧州市","府前大街与邮政路交叉口","1"
"南京市","中和路","1"
"洛阳市","付庄村村委会","1"
"汕头市","金园路","1"
"武汉市","长安汽车长安欧尚","1"
"南京市","鼎泰家园","1"
"淮安市","周恩来同志故居","1"
"杭州市","凤山公园","1"
"上海市","南桥镇人民政府","1"
"合肥市","好未来教育","1"
"景德镇市","新厂西路","1"
"铜川市","铜川市耀州区人民法院","1"
"襄阳市","牌坊湾(公交站)","1"
"盐城市","白驹镇人民政府","1"
"铜陵市","狮子山","1"
"杭州市","杭州光明顶民宿","1"
"武汉市","新沟镇小学","1"
"济南市","济南市历下区房屋管理服务中心公用公房服务部","1"
"蚌埠市","天井村村民委员会","1"
"湖州市","曹家簖村委会","1"
"南阳市","华山路","1"
"达州市","红旗医院","1"
"福州市","先锋花园","1"
"惠州市","承修四路","1"
"临沧市","青树村委会","1"
"宁波市","青林湾大桥","1"
"酒泉市","人民医院","1"
"郑州市","钱塘路","1"
"西安市","西安大悦城","1"
"柳州市","北雀路","1"
"酒泉市","河东镇政府","1"
"襄阳市","环城路","1"
"盐城市","近湖镇财政管理所","1"
"阿克苏地区","长宁路","1"
"北京市","高时明墓","1"
"济南市","东关大街","1"
"潍坊市","英科医疗","1"
"邯郸市","南湖酒店","1"
"青岛市","李村","1"
"开封市","禹王台公园","1"
"保定市","朝阳大街","1"
"攀枝花市","仁和广场","1"
"南阳市","健康路与建设大道交叉口","1"
