"person","location","count"
"老人","长安医药","6"
"司机","洪崖洞民俗风貌区","4"
"老人","沙坪坝","4"
"司机","上海浦东国际机场","4"
"行人","G0421许广高速","4"
"老人","万达广场","4"
"老人","包河大道","3"
"老人","G40沪陕高速","3"
"男子","方兴大道与机场高速出口交叉口","3"
"老人","峨山互通","3"
"老人","龙门石窟","3"
"男子","光谷二路","3"
"老人","G72泉南高速","3"
"老人","G55二广高速","3"
"老人","G56杭瑞高速","3"
"老人","G50沪渝高速","3"
"老人","G0421许广高速","3"
"行人","滁州(南京国际博览中心)","3"
"老人","G65包茂高速","3"
"老人","安德","3"
"老人","南京江北新区","3"
"老人","长江路","3"
"老人","大唐西市","3"
"老人","八一路与归德路交叉口","3"
"老人","解放路","3"
"孩子","朝阳路","3"
"司机","解放碑步行街","2"
"游客","解放碑步行街","2"
"老人","盘锦银行(盘山支行)","2"
"老人","新站区","2"
"老人","雀儿山公园","2"
"老人","三板溪公园","2"
"老人","鸳鸯池公园","2"
"游客","八公山风景区售票处","2"
"老人","十二生肖公园","2"
"孩子","北京大兴国际机场工作区","2"
"司机","北京大兴国际机场工作区","2"
"老人","机场路","2"
"行人","上里古镇","2"
"老人","龚家岭收费站(S7武鄂高速西北向)","2"
"老人","新华广场","2"
"老人","翠园路","2"
"老人","北辰路与站前路交叉口","2"
"老人","龙山镇人民政府","2"
"孩子","滨江路","2"
"老人","山大南路","2"
"老人","中国福利彩票(江汉印象城B座店)","2"
"老人","东山市场","2"
"孩子","中原西路杏湾路(公交站)","2"
"老人","向荣巷与自强东路交叉口","2"
"老人","顺河村村民委员会","2"
"老人","S24绍诸高速","2"
"老人","阳台山","2"
"老人","G15沈海高速","2"
"老人","G45大广高速入口(长春方向)","2"
"老人","G25长深高速","2"
"老人","S1济聊高速","2"
"老人","G30连霍高速","2"
"老人","G4京港澳高速","2"
"孩子","G1211吉黑高速","2"
"行人","G4京港澳高速","2"
"老人","四会市森普新材料科技有限公司","2"
"司机","和县收费站(S22天天高速出口)","2"
"老人","苗王城西收费站(S15松从高速入口)","2"
"行人","逻岗镇人民政府","2"
"行人","G5京昆高速","2"
"儿童","郑州财经学院","2"
"老人","G3京台高速","2"
"游客","南滩派出所","2"
"老人","华鲁街与建设路交叉口","2"
"老人","S12申嘉湖高速","2"
"男子","S71华常高速","2"
"孩子","逻岗镇人民政府","2"
"老人","万达广场(合肥包河店)","2"
"孩子","G4京港澳高速","2"
"老人","郴州市儿童医院","2"
"老人","黄陂区六指街道西湖村委会","2"
"行人","桂东县人民医院","2"
"老人","北京西站","2"
"老人","滨河路","2"
"老人","燕郊镇人民政府","2"
"老人","儿童公园","2"
"老人","新民场","2"
"老人","廉州镇廉西小学","2"
"儿童","彭水妇幼保健院","2"
"男子","黄柏峪","2"
"孩子","解放西路","2"
"老人","星力城A馆","2"
"老人","遵义医学院(公交站)","2"
"老人","金华村委会","2"
"孩子","郑州市金水区人民法院","2"
"老人","湖岸新城","2"
"老人","武汉站","2"
"老人","大同路与福寿街交叉口","2"
"老人","杭州(包含宁波)","2"
"老人","丛台路","2"
"老人","梁山村村民委员会","2"
"老人","观堂乡人民政府","2"
"老人","银河路","2"
"老人","天宫北路","2"
"老人","胜利东街","2"
"老人","大同路","2"
"老人","王家台后村级组织服务站","2"
"儿童","太湖路与济南路交叉口","2"
"老人","杞福巷","2"
"老人","武昌站","2"
"老人","东关大街","2"
"老人","新兴路","2"
"老人","学院路","2"
"女子","东湖·御院","2"
"老人","铁橛山路","2"
"老人","洛门镇人民政府","2"
"老人","曙光小区","2"
"老人","获鹿镇人民政府","2"
"女子","紫金山","2"
"老人","磨石庵村公益电影放映点","2"
"老人","安阳市实验中学","2"
"孩子","东华大学延安路校区","1"
"游客","上海中心大厦","1"
"司机","海淀区第二实验小学(清宁校区)","1"
"司机","涠洲岛","1"
"行人","解放碑步行街","1"
"孩子","北京朝阳站(地铁站)","1"
"孩子","桂元村村委会","1"
"司机","渝宗火锅(得意潮馆店)","1"
"行人","凤凰南华门山庄","1"
"孩子","星河驾校","1"
"行人","万象城二期","1"
"司机","亚东商业广场","1"
"老人","花乡茶叶","1"
"女子","来福士购物中心","1"
"司机","黄埔大道(地铁站)","1"
"司机","山东(青岛国际会展中心)","1"
"司机","弹子石","1"
"孩子","海宴镇望头村新时代文明实践站","1"
"儿童","余姚路与胶州路交叉口","1"
"孩子","桃园二巷","1"
"行人","杭州湖滨银泰in77C3区","1"
"孩子","芙蓉南路","1"
"司机","盘龙立交","1"
"男子","延安新区","1"
"游客","王府井","1"
"行人","金陵饭店","1"
"司机","二七广场","1"
"司机","青秀山风景区","1"
"孩子","湖南第一师范学院(东方红校区)","1"
"孩子","郑州市森林公园","1"
"游客","青岛中山公园","1"
"游客","大理古城","1"
"司机","圣象天门服务中心","1"
"司机","北京市人民政府(旧址)","1"
"司机","武汉科学技术馆","1"
"孩子","王府井购物中心","1"
"司机","良玛装饰","1"
"孩子","临汾职业技术学院","1"
"孩子","角门西里七号院","1"
"游客","平遥古城","1"
"司机","两路口皇冠大扶梯","1"
"司机","思古桥村农产品电商中心","1"
"司机","杨柳青","1"
"司机","万达广场(厦门湖里店)","1"
"司机","建林宾馆","1"
"老人","岳都海景公寓","1"
"司机","玉舍收费站(G56杭瑞高速出口)","1"
"司机","东方明珠广播电视塔(公交站)","1"
"司机","太阳宫村","1"
"司机","天津站(地铁站)","1"
"女子","豹澥街道社区居委会","1"
"游客","观音桥","1"
"女子","黄果树大厦","1"
"女子","新乡市宏达卫材有限公司","1"
"行人","洪崖洞夜市街区","1"
"司机","七星岗(地铁站)","1"
"孩子","武夷学院","1"
"司机","东原中心写字楼","1"
"孩子","创维大厦","1"
"行人","漓江景区竹筏游览售票处","1"
"司机","洗耳河","1"
"孩子","董公寺社区卫生服务中心","1"
"游客","圆明园遗址公园","1"
"行人","广园立交桥","1"
"司机","沙滨路","1"
"司机","大王村民委员会","1"
"行人","郑州大学第一附属医院(河医院区)","1"
"男子","七一北路","1"
"行人","宜兰县","1"
"司机","福州市江镜华侨经济开发区","1"
"司机","中央复兴里","1"
"孩子","丽江古城博物院-木府","1"
"老人","阜埠河(地铁站)","1"
"老人","秣周东路(地铁站)","1"
"老人","上海市杨浦区四平街道敬老院","1"
"司机","青西郊野公园","1"
"司机","光谷广场","1"
"老人","南湖公园","1"
"老人","钱塘市民中心","1"
"孩子","招商花园城-POP MART(高新招商花园城北区店)","1"
"老人","国贸(地铁站)","1"
"老人","王家湾(地铁站)","1"
"老人","良渚","1"
"儿童","钟楼(地铁站)","1"
"老人","贡茶(龙翔学校店)","1"
"老人","合肥站","1"
"行人","新街口步行街","1"
"老人","武陟医院","1"
"老人","紫阳湖公园站自行车租赁点","1"
"老人","雁鸣湖镇政府","1"
"老人","黄山鲁森林公园","1"
"老人","雨山湖公园","1"
"孩子","首都师范大学","1"
"游客","北山公园","1"
"孩子","赤山湖国家湿地公园","1"
"老人","三角公园","1"
"孩子","南海子公园","1"
"老人","现代森林花园","1"
"司机","常州新城·桃李郡","1"
"游客","慕士塔格冰川公园","1"
"老人","文化公园(公交站)","1"
"男子","富阳区城市森林公园","1"
"游客","五指山","1"
"游客","大雁山","1"
"老人","神仙湾","1"
"孩子","南京老山国家森林公园","1"
"老人","双女石公园","1"
"老人","神山公园","1"
"老人","青岛胶州湾隧道","1"
"游客","清凉山森林公园","1"
"游客","惠山国家森林公园","1"
"行人","丰荷山","1"
"男子","机场城市大道","1"
"老人","重庆江北国际机场T2A航站楼","1"
"老人","空港市场","1"
"司机","香港国际机场","1"
"老人","瓦岗镇人民政府","1"
"老人","北京首都国际机场3号航站楼","1"
"司机","上海虹桥国际机场","1"
"老人","惠州平潭机场","1"
"老人","图云关隧道","1"
"老人","上海虹桥国际机场","1"
"司机","沈阳桃仙国际机场","1"
"司机","安慧桥","1"
"老人","潮汕机场城市候机楼","1"
"老人","台北四村","1"
"孩子","广州白云国际机场店","1"
"老人","遂城街道办事处","1"
"行人","战华路与G4216蓉丽高速入口交叉口","1"
"行人","黄陂立交桥","1"
"司机","厦门市安兜小学","1"
"行人","G8511昆磨高速","1"
"游客","丽江古城","1"
"行人","南京禄口国际机场","1"
"老人","北京大兴国际机场建设指挥部","1"
"司机","重庆江北国际机场","1"
"司机","东方明珠广播电视塔","1"
"孩子","香榭丽都","1"
"老人","襄阳刘集机场","1"
"老人","S92机场高速","1"
"游客","古城供销","1"
"老人","收货区","1"
"老人","经十路与长江东路交叉口","1"
"孩子","河南中原高速公路股份有限公司(航空港分公司)","1"
"老人","延安南泥湾机场","1"
"男子","东升防水","1"
"老人","机场路与鄞县大道交叉口","1"
"老人","浃底隧道","1"
"司机","邯郸机场","1"
"老人","重庆江北国际机场","1"
"司机","深圳宝安国际机场T3航站楼","1"
"老人","北京首都国际机场","1"
"老人","章丘龙山","1"
"老人","洛阳理工学院开元校区","1"
"老人","S33济徐高速","1"
"老人","贵阳龙洞堡国际机场","1"
"女子","重庆江北国际机场","1"
"老人","西安咸阳国际机场","1"
"司机","合肥新桥国际机场","1"
"孩子","容海苑","1"
"老人","成都双流国际机场","1"
"孩子","机场大道与甬江路交叉口","1"
"老人","徐家楼社区","1"
"老人","建设大街","1"
"孩子","西樵","1"
"老人","大坪路","1"
"老人","泰山路","1"
"老人","郑州现代农业示范区管理委员会","1"
"老人","窑岭湘雅二医院(地铁站)","1"
"老人","笋岗(地铁站)","1"
"老人","悦荟广场","1"
"老人","七寨湖公园","1"
"老人","安徽省昭潭中学","1"
"老人","李村村委会","1"
"老人","厦门市同安区褒建筑农资店","1"
"老人","江变超市","1"
"老人","北外环路","1"
"行人","龙居寺村村民委员会","1"
"男子","方山村民委员会","1"
"男子","张槎","1"
"女子","鼓楼派出所","1"
"儿童","厦门市同安工业集中区","1"
"老人","俱乐部","1"
"老人","临港路","1"
"老人","林家村镇人民政府","1"
"行人","碧鸡关隧道","1"
"老人","都市广场(都司街)","1"
"老人","云林东路","1"
"游客","长峪城(暂停开放)","1"
"老人","九都西路珠江路口西(公交站)","1"
"老人","长安中路与阜民街交叉口","1"
"老人","达州客运南站","1"
"老人","护国市场监管所","1"
"老人","团结南路","1"
"老人","石龙镇人民政府","1"
"老人","高新四路光谷二路(公交站)","1"
"男子","司马山","1"
"男子","新疆罗布人村寨景区","1"
"孩子","君子路","1"
"游客","延吉北收费站(G12珲乌高速入口)","1"
"老人","长江二桥","1"
"老人","人民中路","1"
"男子","磨心山","1"
"老人","济宁高新区创业园","1"
"老人","东湖·御院","1"
"孩子","中海公园","1"
"孩子","万秀菜市","1"
"老人","云丰村站(公交站)","1"
"孩子","万象影城(庐阳万象汇LUXE店)","1"
"老人","五龙口街","1"
"老人","苏州中惠铂尔曼酒店","1"
"老人","长安广场","1"
"孩子","阳光小学","1"
"老人","河南省鹤壁市山城区前进路南头旺杰钢材销售部","1"
"老人","正阳南路","1"
"老人","牟山大道","1"
"老人","朝阳街","1"
"老人","馨苑10区","1"
"老人","黎阳路","1"
"老人","小淖尔出口(G6京藏高速东向)","1"
"老人","G1京哈高速入口(锦州方向)","1"
"老人","世纪广场轻轨站(公交站)","1"
"老人","爱民街","1"
"老人","南小爱民街","1"
"老人","北四环","1"
"老人","象山北路","1"
"老人","丰庆路与博颂路交叉口","1"
"老人","山河路","1"
"男子","姜谭路","1"
"老人","荆中路","1"
"老人","三里河街道办事处","1"
"老人","武汉欢乐谷","1"
"老人","东环服务区","1"
"老人","野芷湖大桥","1"
"孩子","榆树弓棚镇收费站(G1015铁科高速出口)","1"
"司机","坛子口(地铁站)","1"
"司机","S28台金高速","1"
"儿童","G2501南京绕城高速与G40沪陕高速交叉口","1"
"司机","兴隆街(公交站)","1"
"男子","G18荣乌高速","1"
"行人","南四环西路","1"
"司机","汉西一村","1"
"司机","机场高速","1"
"孩子","龙洞风景区","1"
"老人","农科路","1"
"老人","北焦坡村村委会","1"
"老人","郑州十八里河收费站(京广快速路出口)","1"
"老人","梨树东出口(G1京哈高速东北向)","1"
"老人","龙阳大道","1"
"儿童","光谷创业街","1"
"老人","墨水湖大桥","1"
"老人","山东高速","1"
"老人","少先路与民族东路交叉口","1"
"老人","新乡市场","1"
"老人","美年大健康(郑州四分院)","1"
"老人","观音垱(公交站)","1"
"老人","兴隆路与火炬二路交叉口","1"
"老人","回河南街社区管理委员会","1"
"孩子","新安镇人民政府","1"
"老人","省武警总队(公交站)","1"
"老人","长青收费站(四环线出口)","1"
"行人","汉中","1"
"老人","G12珲乌高速","1"
"孩子","二七广场","1"
"老人","东吴大道四明路(公交站)","1"
"老人","南部战区总医院(越秀院区)","1"
"老人","秦淮区中医医院","1"
"老人","玉湛高速","1"
"行人","寿宁收费站(G4012溧宁高速入口)","1"
"老人","松原西收费站(G12珲乌高速入口)","1"
"老人","长沙银行(怀化分行)","1"
"行人","大同收费站(G55二广高速出口)","1"
"行人","赛格隧道","1"
"男子","铜陵路街道办事处","1"
"老人","逻岗镇人民政府","1"
"男子","银座旅游文化东路恒大帝景店","1"
"老人","G35济广高速","1"
"行人","秦皇岛西收费站(G0111秦滨高速出口)","1"
"女子","G10绥满高速","1"
"老人","铜鼓隧道","1"
"女子","G12珲乌高速","1"
"老人","台商区","1"
"男子","商登高速桥","1"
"老人","陕坝停车区(建设中)","1"
"老人","中村电器","1"
"老人","G70福银高速","1"
"老人","双辽南收费站(G25长深高速出口)","1"
"老人","G0121京秦高速","1"
"司机","神农小区","1"
"行人","G42沪蓉高速","1"
"孩子","沂源东收费站(G22青兰高速出口)","1"
"老人","干杉收费站(S42江干高速出口)","1"
"行人","鉴湖服务区","1"
"老人","东高村4区","1"
"老人","G5京昆高速","1"
"行人","S31宜连高速","1"
"老人","清镇收费站(G60沪昆高速出口)","1"
"行人","S1成万高速","1"
"孩子","日月山水","1"
"老人","张家界收费站(G5513长张高速出口)","1"
"老人","沛县安国中学","1"
"老人","昌栗高速","1"
"行人","G25长深高速","1"
"儿童","S20毕威高速","1"
"行人","S11牡延高速","1"
"老人","S15铜大高速","1"
"老人","晋江南收费站(S58晋长高速入口)","1"
"孩子","G4221沪武高速","1"
"老人","东山陈村办公楼","1"
"孩子","G35济广高速","1"
"儿童","G0421许广高速","1"
"行人","城中村委会","1"
"老人","桐子李村","1"
"行人","天井关隧道","1"
"孩子","芮城服务区与G59呼北高速交叉口","1"
"老人","新塘收费站(G4京港澳高速出口)","1"
"男子","S23惠大高速","1"
"老人","古城滩收费站(G6521榆蓝高速出口)","1"
"老人","S14汕湛高速","1"
"行人","济南郭店立交","1"
"行人","坡心互通","1"
"男子","中山坑","1"
"孩子","东二环(地铁站)","1"
"孩子","文陂收费站(S61吉安绕城高速入口)","1"
"老人","青菱湖","1"
"老人","梁文海汽车维修部","1"
"行人","南岳收费站(S51南岳高速东南向)","1"
"行人","G4221沪武高速","1"
"老人","G20青银高速","1"
"司机","G42沪蓉高速","1"
"老人","威海收费站(G18荣乌高速西南向)","1"
"老人","S11京承高速入口(京承高速方向)","1"
"行人","G5012恩广高速","1"
"老人","仁和收费站(S32西绵高速出口)","1"
"行人","京港澳高速口(公交站)","1"
"男子","田里隧道群2号","1"
"行人","延吉西收费站(S12延龙高速入口)","1"
"老人","G60沪昆高速入口(娄底方向)","1"
"老人","S88郑栾高速","1"
"行人","兰海(公交站)","1"
"老人","清远西收费站(G0421许广高速出口)","1"
"老人","吉林省延边朝鲜族自治州人民检察院","1"
"老人","北门市场(北环城路)","1"
"行人","G4京港澳高速入口(郑州方向)","1"
"老人","商丘奥林水泥(南丰直销处)","1"
"行人","南陵家发服务区餐厅","1"
"司机","G45大广高速与G45大广高速入口交叉口","1"
"老人","G1015铁科高速","1"
"老人","漳平南收费站(S30永漳高速出口)","1"
"司机","G50沪渝高速","1"
"行人","淹城服务区","1"
"老人","达川区百节镇工会","1"
"老人","沅江南收费站(S71华常高速入口)","1"
"老人","中山西路-路侧停车位","1"
"老人","枣乡街与民生路交叉口","1"
"男子","G0421许广高速","1"
"老人","京港澳高速口(公交站)","1"
"男子","金利燃气","1"
"女子","南岳收费站(S51南岳高速东南向)","1"
"司机","云县西收费站(G5615天猴高速出口云县方向)","1"
"行人","山东高速大厦","1"
"老人","诸暨收费站(G60沪昆高速出口)","1"
"老人","棉洋服务区","1"
"男子","栖霞收费站(G25长深高速入口)","1"
"老人","合安高速改扩建项目办","1"
"孩子","东阳收费站(G1512甬金高速入口)","1"
"女子","贵阳西收费站(G60沪昆高速出口)","1"
"行人","G9812海琼高速","1"
"老人","大广高速魏县连接线与G45大广高速入口交叉口","1"
"老人","S80衡邵高速","1"
"老人","S27东永高速","1"
"老人","乳山东立交","1"
"男子","油子塘大桥","1"
"老人","蜀源大道","1"
"男子","奥林匹克花园2期停车场(出入口)","1"
"老人","龙城隧道","1"
"老人","红旗村村委会","1"
"女子","屯里大桥","1"
"老人","北五女(公交站)","1"
"老人","内环路","1"
"男子","G15沈海高速","1"
"行人","G7京新高速入口(哈密方向)","1"
"老人","栖霞收费站(G25长深高速入口)","1"
"老人","芜宣枢纽与G50沪渝高速交叉口","1"
"行人","S55宁宣高速","1"
"男子","G42沪蓉高速","1"
"老人","王河服务区（沪渝高速上海方向）","1"
"行人","东山","1"
"行人","绕城高速(公交站)","1"
"老人","马鞍山","1"
"老人","G5012恩广高速","1"
"老人","无棣收费站(G18荣乌高速入口)","1"
"男子","G1京哈高速","1"
"行人","双墩收费站(G40沪陕高速出口)","1"
"老人","G45大广高速","1"
"老人","永乐花海","1"
"行人","S14汕湛高速","1"
"儿童","宣威复兴收费站(S11威砚高速出口西南向)","1"
"老人","茨营收费站(S11威砚高速出口)","1"
"老人","罗平北收费站(G78汕昆高速出口)","1"
"老人","S12滁新高速","1"
"老人","玉溪村民委员会","1"
"男子","珠海大道","1"
"男子","山东高速","1"
"老人","巢黄高速","1"
"行人","奥林匹克花园2期停车场(出入口)","1"
"女子","清家沟服务区","1"
"老人","梧州南高速路口(公交站)","1"
"男子","二台子乔四诊所","1"
"老人","利川收费站(G50沪渝高速出口)","1"
"行人","绍兴收费站(G92杭州湾环线高速出口)","1"
"老人","滨州东收费站(G2516东吕高速出口)","1"
"老人","分水岭隧道","1"
"老人","安岳服务区驿路香自选式快餐","1"
"老人","朝阳镇人民政府","1"
"男子","晴隆服务区","1"
"行人","成环路与S2成巴高速入口交叉口","1"
"行人","S75太行山高速","1"
"行人","宁合高速","1"
"孩子","盛乐镇(公喇嘛)(公交站)","1"
"老人","互通区主线2号桥","1"
"老人","东平收费站(G35济广高速入口)","1"
"老人","安吉北收费站(S14杭长宜高速出口)","1"
"老人","史回收费站(青兰线东向)","1"
"司机","南宁安吉客运站","1"
"老人","滁淮高速","1"
"男子","马鞍山","1"
"男子","G18荣乌高速入口(文登方向)","1"
"男子","跨胶州湾高速大桥","1"
"老人","西柏坡高速","1"
"老人","丽水北收费站(G25长深高速出口)","1"
"老人","宁杭高速","1"
"行人","秦安互通立交","1"
"老人","铁机路(地铁站)","1"
"司机","长沙县黄花镇人民政府","1"
"老人","军运村","1"
"老人","郭店庚辰钢铁宿舍","1"
"老人","水西关南街","1"
"老人","万达广场(湘潭高新店)","1"
"老人","阳光城","1"
"老人","古路","1"
"老人","衢州市衢江区湖南镇破石村民委员会","1"
"孩子","广阳道与新华路交叉口","1"
"老人","住建局","1"
"老人","荆川公园","1"
"司机","晶华路","1"
"老人","北京银行(青年路支行)","1"
"儿童","迎宾路","1"
"老人","中山中路","1"
"老人","宝湖国家湿地公园","1"
"老人","红光大道","1"
"老人","泰山大道","1"
"老人","天宇路","1"
"老人","四公里(地铁站)","1"
"老人","张集村综治中心","1"
"老人","亨特国际广场","1"
"老人","夏集子(公交站)","1"
"老人","资兴市唐洞街道办事处","1"
"老人","中柳林警务站","1"
"男子","西樵","1"
"男子","桥边镇人民政府","1"
"老人","大清路","1"
"老人","沣泾大道","1"
"老人","金虎便利(101电车总站店)","1"
"女子","马良镇人民政府","1"
"老人","三合城村委会","1"
"老人","下林村村委会","1"
"老人","湾甸派出所","1"
"老人","新团路","1"
"老人","奥体中路与轻风路交叉口","1"
"老人","中山北路","1"
"老人","安德街道办事处","1"
"老人","成都市郫都区德源街道禹庙村村民委员会","1"
"老人","增田村(公交站)","1"
"老人","大连森林动物园","1"
"老人","南京北站(地铁站)","1"
"老人","赵庄村","1"
"老人","梅州站","1"
"孩子","纳古派出所","1"
"老人","太白路","1"
"游客","终南山悟真风景区","1"
"老人","弋矶山","1"
"老人","科研巷","1"
"游客","牙梳山","1"
"孩子","洪广镇人民政府","1"
"男子","贺家坪村委会","1"
"老人","白马镇人民政府","1"
"老人","胜利油田胶管大全","1"
"老人","城隍庙小吃","1"
"老人","针织布匹","1"
"老人","苏山村村民委员会","1"
"老人","五峰派出所","1"
"游客","九华山","1"
"老人","景山住宅小区","1"
"老人","齐星花园","1"
"老人","东关屯派出所","1"
"孩子","鼓楼派出所","1"
"老人","石油路","1"
"老人","夏集镇人民政府","1"
"老人","长安欧尚汽车(广德欧宇)","1"
"老人","兴泰路","1"
"孩子","知音桥","1"
"老人","司马光东路","1"
"老人","鼓楼(地铁站)","1"
"女子","麟潭乡人民政府","1"
"孩子","漳州台商投资区","1"
"男子","桂林古镇江璟酒店(漓江景区大圩古镇店)地面停车点(出入口)","1"
"孩子","虎丘山风景区","1"
"游客","古玩(夫子庙步行街店)","1"
"老人","海南路","1"
"老人","大庆路","1"
"孩子","孔府孔庙停车场(出入口)","1"
"老人","海棠溪(地铁站)","1"
"孩子","珠江路(地铁站)","1"
"老人","志新酷车","1"
"孩子","紫荆山(地铁站)","1"
"老人","长白镇人民政府","1"
"老人","牛角沱(地铁站)","1"
"老人","重庆万友都成智电iDD长安新能源","1"
"孩子","红石咀公园","1"
"老人","归化村村委会","1"
"老人","国宝轮胎","1"
"老人","七星派出所","1"
"老人","金桥村谭新明卫生室","1"
"行人","西坞岗","1"
"老人","北营新村丰景佳园","1"
"老人","九龙镇人民政府","1"
"男子","内蒙古自治区人民医院","1"
"老人","中国工商银行(南阳仲景路支行)","1"
"孩子","康金街道兰阳村退役军人服务站","1"
"老人","桂林银行(白圩镇石塘村农村普惠金融综合服务点)","1"
"老人","青岛市人民政府","1"
"老人","劲松北路","1"
"孩子","光南路与环城东路交叉口","1"
"女子","箭扣长城","1"
"女子","小东流(公交站)","1"
"老人","朱穴村村民委员会","1"
"孩子","大鹏西路","1"
"老人","罕井镇人民政府","1"
"老人","商丘古城","1"
"游客","慕士塔格峰","1"
"老人","江边村东社(公交站)","1"
"老人","飞天路","1"
"行人","仙寓山风景区","1"
"孩子","环城路","1"
"老人","司门口","1"
"老人","北京市丰台区太平桥东里幼儿园","1"
"老人","洽水镇中心小学旺洞教学点","1"
"老人","古城镇人民政府","1"
"老人","烈山","1"
"老人","沿河村村民委员会","1"
"儿童","皮塘水库","1"
"老人","大众煤业","1"
"老人","南宁街","1"
"男子","延安机务段","1"
"老人","关庙村公益电影放映点","1"
"儿童","杭州天目山医院","1"
"老人","长风路","1"
"老人","羊里派出所","1"
"老人","如家酒店(海安中坝南路店)","1"
"老人","舟山路","1"
"男子","毛陈镇(公交站)","1"
"老人","后马村村民委员会","1"
"老人","路景苑","1"
"行人","龙山","1"
"老人","正太商贸有限公司","1"
"老人","头道街与文峰北街交叉口","1"
"老人","正泰电气股份有限公司","1"
"老人","启东经济开发区","1"
"老人","余杭街道社区卫生服务中心","1"
"孩子","南通(南京国际博览中心)","1"
"老人","杨安镇人民政府","1"
"老人","国庆路(公交站)","1"
"老人","交通路","1"
"老人","丰乐街道(公交站)","1"
"老人","三山·时代广场","1"
"老人","胜利路","1"
"孩子","曲阜东站(西出站口)","1"
"老人","紫蓬镇人民政府","1"
"儿童","淮海大道","1"
"孩子","四水厂(公交站)","1"
"老人","赵沟","1"
"老人","工业路","1"
"老人","新店镇政府","1"
"老人","铜陵中学","1"
"老人","马桥镇人民政府","1"
"老人","珠海街道办事处社会治理指挥中心","1"
"老人","新寺社区卫生服务中心","1"
"老人","海口市龙华小学","1"
"男子","山西平陆中学","1"
"老人","永前路四区","1"
"老人","闵浦大桥","1"
"老人","平顶山","1"
"老人","手工烘焙","1"
"男子","瑞香村村民委员会","1"
"老人","马鞍山惠农金融服务室","1"
"老人","汤河","1"
"老人","开茂村村民委员会","1"
"老人","株洲市冬季游泳运动协会","1"
"老人","宫夏路","1"
"老人","天雷赛鸽","1"
"女子","二坝镇人民政府","1"
"老人","佛山街","1"
"老人","紫晨商务酒店","1"
"老人","黄台电厂第五宿舍区","1"
"行人","东关屯派出所","1"
"孩子","三里(公交站)","1"
"孩子","人人乐超市(汉神购物广场店)","1"
"孩子","人人乐(凤城五路店)","1"
"老人","长清大学城商业街","1"
"老人","王府井","1"
"行人","工人文化宫","1"
"游客","国贸商城(西区)","1"
"儿童","振兴街","1"
"老人","国贸商城","1"
"行人","大中海步行街","1"
"孩子","大罗山-瑶溪","1"
"老人","东润·万象城","1"
"儿童","七寨湖公园","1"
"老人","大润发(随州店)","1"
"孩子","乐民商厦","1"
"孩子","国泰广场","1"
"老人","西亚生活广场(蓼北路)","1"
"孩子","洁美万家","1"
"老人","梅溪湖公园","1"
"老人","成都铁路工程学校","1"
"孩子","天汉大道","1"
"老人","硚口路","1"
"儿童","林奥CITY PARK","1"
"老人","陵园路与黎明街交叉口","1"
"老人","明湖西路","1"
"老人","西安路","1"
"老人","唐山高新区管委会","1"
"老人","五一路","1"
"老人","堤西路","1"
"游客","星巴克咖啡(西安大兴龙湖星悦荟店)","1"
"孩子","九九广场(美的专卖店)","1"
"老人","西郊商场(滨河路)(公交站)","1"
"老人","麦德龙(厦门湖里商场)","1"
"老人","第三完全小学","1"
"老人","养馋记(文昌路菜场店)","1"
"行人","泰盛广场","1"
"孩子","南京江北新区","1"
"孩子","红旗路","1"
"儿童","西安城市运动公园","1"
"孩子","开濠花园路","1"
"行人","万达广场商管部","1"
"男子","甲子路","1"
"老人","东风商场","1"
"老人","邯山商场(公交站)","1"
"孩子","青岛市人民政府","1"
"儿童","扶光书店","1"
"老人","光长村党群服务中心","1"
"孩子","江汉路","1"
"老人","华南社区","1"
"行人","绿博园","1"
"孩子","长江路","1"
"儿童","齐河德百(公交站)","1"
"孩子","华丰国际商贸城","1"
"老人","天虹(前海店)","1"
"老人","好润佳(沅江店)","1"
"男子","星游城","1"
"孩子","五一广场","1"
"老人","西单","1"
"行人","大同路与福寿街交叉口","1"
"老人","双拥路","1"
"老人","六和源(上海大花园店)","1"
"孩子","德思勤城市广场","1"
"孩子","文化路","1"
"儿童","协信星光时代广场","1"
"孩子","惠安达物流","1"
"老人","文化路","1"
"孩子","紫荆山","1"
"老人","容山商场(环镇路)","1"
"孩子","欧亚大观","1"
"老人","延庆观","1"
"孩子","神农公园","1"
"孩子","归德路","1"
"孩子","万达广场","1"
"老人","沈阳盛京大奥莱","1"
"孩子","南阁村民委员会","1"
"男子","兰州中心","1"
"司机","南石家庄(公交站)","1"
"孩子","丁香路","1"
"老人","西安城市运动公园","1"
"儿童","联手商城","1"
"老人","宾谷街","1"
"儿童","濉溪百货商场","1"
"老人","新淮村(公交站)","1"
"儿童","容桂派出所","1"
"孩子","金环路","1"
"老人","阜阳·临沂商城","1"
"老人","顺德陈村佛具批发商行","1"
"老人","衡百国际","1"
"孩子","袁家巷","1"
"老人","团结公园","1"
"孩子","西溪坪","1"
"儿童","青岛路","1"
"老人","魏公村(地铁站)","1"
"老人","新艺城","1"
"儿童","鲁王路","1"
"儿童","滏阳东路","1"
"老人","八佰伴(集贤南路)","1"
"老人","邵阳九福老年公寓","1"
"孩子","宁海县前童镇专职消防队","1"
"司机","万达广场(合肥包河店)","1"
"老人","永安大桥","1"
"老人","柳泉路","1"
"老人","222省道与341国道交叉口","1"
"老人","西岗市场(华西小区店)","1"
"行人","北京师范大学实验幼儿园","1"
"老人","圣水寺","1"
"儿童","吉马购物桥口商场","1"
"老人","湘潭市雨湖区人民政府","1"
"老人","移动综合楼","1"
"老人","内沙路","1"
"老人","西宫(公交站)","1"
"老人","杭州路海岸路(公交站)","1"
"老人","宣化路与杭州路交叉口","1"
"游客","八寨沟旅游景区","1"
"老人","零点立交南(公交站)","1"
"女子","杨忠堡村村民委员会","1"
"老人","沙坪坝站","1"
"老人","世泽路与灈阳大道交叉口","1"
"孩子","横竖街","1"
"老人","时代广场","1"
"老人","安医大二附院","1"
"老人","田岗村委会","1"
"老人","玉龙南路与龙城大道交叉口","1"
"老人","茶树村村民委员会","1"
"老人","武汉国际体育文化休闲园","1"
"老人","宿马园区","1"
"孩子","重庆北站","1"
"老人","龙山创鑫广场","1"
"老人","南门集贸市场","1"
"老人","涑河南路","1"
"老人","仁信·半岛城","1"
"老人","霞阳收费站(G1517莆炎高速出口)","1"
"老人","济阳蔬菜","1"
"孩子","南门里(箭门市场店)","1"
"孩子","黄浦社区(武汉大道)","1"
"老人","英华路","1"
"老人","新山村社区","1"
"老人","潇湘北路","1"
"老人","三鑫开化商贸城农贸市场(三鑫第一城店)","1"
"老人","艾潇汽配城","1"
"孩子","胜利路","1"
"老人","老许屋里香","1"
"老人","赵楼小学","1"
"老人","桃贾路与陇海西路交叉口","1"
"老人","东新福居","1"
"老人","疏港大道","1"
"老人","东社","1"
"老人","南阳理工学院","1"
"老人","东部美的城","1"
"老人","迎宾大道与迎宾路交叉口","1"
"孩子","石巷村委会","1"
"老人","邵阳市炭黑厂家属区","1"
"老人","苏中路","1"
"老人","中山南路与凤翔东路交叉口","1"
"男子","南站幸福路","1"
"老人","盘锦北站","1"
"老人","潜山路与龙图路交叉口","1"
"老人","电中国电信股份有限公司东莞长安区分公司沙头营销中心","1"
"老人","闭村小学","1"
"司机","章光101(凤凰北街店)","1"
"老人","芦阳学校","1"
"孩子","陵城区检察院(公交站)","1"
"老人","兴港大道","1"
"老人","姞仙村村民委员会","1"
"儿童","渤海路","1"
"老人","石下村(公交站)","1"
"老人","岗南村委会","1"
"女子","迎宾大道","1"
"老人","黄河三门峡商务中心区医院","1"
"老人","西五路","1"
"老人","体育大街","1"
"老人","绣球村委会","1"
"老人","时代鑫苑小区","1"
"老人","剑阁百货大楼","1"
"游客","基诺山基诺族乡人民政府","1"
"老人","凤城九路","1"
"老人","车海洋智能自助洗车千渭星城大十字路口站","1"
"老人","宋家镇人民政府","1"
"老人","大广生态园","1"
"孩子","北京银行(青年路支行)","1"
"老人","锦汇商业广场","1"
"老人","保龙龙庭苑","1"
"老人","新北工业园","1"
"老人","刘家堡广场站","1"
"老人","二七二厂(公交站)","1"
"孩子","曲阜三孔景区-孔府","1"
"老人","成都后花园3期","1"
"孩子","北营新村丰景佳园","1"
"孩子","向阳湖风景区","1"
"孩子","红旗楼(公交站)","1"
"老人","三华园","1"
"老人","马坊集煤球场","1"
"老人","长泰区","1"
"孩子","和平北路","1"
"老人","花园小区","1"
"孩子","民族广场户外劳动者服务站","1"
"老人","维也纳3好酒店(厦门机场厦鼓码头店)","1"
"老人","丁家坝大桥","1"
"老人","南阳大桥","1"
"老人","白马广场","1"
"老人","新城社区","1"
"老人","西环路·大梁路(公交站)","1"
"老人","甘南藏族自治州妇幼保健院","1"
"男子","鼓岭旅游度假区","1"
"老人","南二环桔园立交桥","1"
"孩子","芙蓉桥","1"
"孩子","丽景南街与长城东路交叉口","1"
"老人","海恒街","1"
"孩子","洛阳桥","1"
"老人","莲岳路","1"
"老人","天水南路","1"
"老人","微山县夏镇街道办事处","1"
"老人","三鑫第一城开化商贸城","1"
"老人","潢川县城区新一中","1"
"老人","紫薇园","1"
"老人","六岭村委会","1"
"老人","九龙山大道","1"
"老人","上湖工业园","1"
"老人","街电(美宜佳康宁店)","1"
"行人","太和村张庄","1"
"老人","城西大道","1"
"孩子","千峰南路","1"
"老人","富州南路","1"
"老人","纳古镇人民政府","1"
"老人","吉阳大道与迎宾互通交叉口","1"
"老人","庙小段村民委员会","1"
"老人","如环境保护局宿舍","1"
"老人","金利多广场","1"
"孩子","中环国际","1"
"孩子","万家水果商行","1"
"孩子","特来电充电站(兖州火车站广场)","1"
"老人","中国体育彩票(六八村店)","1"
"老人","东湖公园","1"
"老人","明刺青","1"
"老人","松岗(公交站)","1"
"老人","东云路与解放北路1巷交叉口","1"
"孩子","顺峰山公园","1"
"孩子","黄金江岸","1"
"游客","浙西天池","1"
"老人","圣城华府·紫郡(建设中)","1"
"老人","迎宾街","1"
"儿童","北门村民委员会","1"
"行人","贵州师范大学宝山校区","1"
"老人","高校园区派出所","1"
"孩子","东莞市体育中心体育馆","1"
"儿童","恩阳古镇游客中心","1"
"老人","毛家岔大桥","1"
"老人","太平寺","1"
"老人","江苏省海门中学","1"
"老人","平原路与德隆街交叉口","1"
"孩子","美阳街","1"
"老人","挚地大道与铁塔路交叉口","1"
"老人","寇公西路","1"
"老人","乐昌碧桂园","1"
"老人","劳动西路与清潭路交叉口","1"
"老人","坝头西路与高田王街交叉口","1"
"孩子","广州市越秀儿童公园","1"
"老人","世茂·诺沙湾","1"
"老人","中国农业银行(北向店支行)","1"
"老人","终南大道","1"
"老人","胡屯村委会","1"
"老人","沙坪村村委会","1"
"老人","新世界","1"
"老人","蟠龙苑","1"
"老人","中亿·阳明山水","1"
"老人","人社社保服务窗口(隆阳区兰城街道汉营社区为民服务站)","1"
"老人","荆河中路","1"
"老人","杭州北创传动科技有限公司","1"
"老人","麻园路南二环路口(公交站)","1"
"老人","豫北图书大厦","1"
"老人","大祥路","1"
"老人","广安新天地","1"
"老人","特来电充电站(常德市武陵公交)","1"
"行人","安宁市县街中心卫生院","1"
"老人","襄城外国语学校","1"
"老人","龙庄村民委员会","1"
"老人","上坝中学","1"
"老人","良邑镇民政工作站","1"
"老人","山西省气象局","1"
"老人","怀化站","1"
"孩子","千灵山","1"
"老人","二里河公园","1"
"老人","中国邮政储蓄银行(火车站支行)","1"
"老人","东风派出所","1"
"老人","汕头礐石大桥","1"
"老人","滨江中路","1"
"儿童","龙胜镇","1"
"孩子","八一路鲁磨路(公交站)","1"
"老人","玉屏街道办事处","1"
"老人","广场南路","1"
"老人","桑园路","1"
"老人","园区路","1"
"老人","翔安隧道","1"
"老人","兴政街西口(公交站)","1"
"老人","雪枫超市(雪枫路)","1"
"老人","南环立交桥","1"
"老人","余姚北站","1"
"老人","西延路","1"
"老人","佳诚电脑手机城","1"
"老人","王楼村委会","1"
"老人","五一路与北大街交叉口","1"
"老人","221省道","1"
"女子","台电大坑水库","1"
"老人","泉涌社区","1"
"老人","广德成食品","1"
"老人","北京市昌平区小汤山镇南官庄村村民委员会","1"
"老人","九宫大道与迎宾大道交叉口","1"
"老人","苏州工业园区","1"
"老人","金沙湾花园","1"
"老人","人民路","1"
"老人","金涛庄","1"
"孩子","如刚街头牛排(路桥一店)","1"
"老人","雷州市中医医院","1"
"老人","南京路","1"
"老人","凤山南路","1"
"老人","昆明站(北京路)(公交站)","1"
"老人","中国国际能源加油站(龙海站)","1"
"老人","西杨家园","1"
"老人","遵义市汇川区市场监督管理局","1"
"老人","世纪大道","1"
"老人","中关村雍和航星科技园","1"
"游客","重庆万友都成智电iDD长安新能源","1"
"老人","丹溪路与双龙南街交叉口","1"
"老人","学田村村委会","1"
"老人","书香路","1"
"孩子","城北路","1"
"老人","西亚超市(公交站)","1"
"老人","建设街与魏征路交叉口","1"
"老人","国际商贸城","1"
"老人","福州南路与香港中路交叉口","1"
"老人","桐林超市","1"
"老人","河南柳江生态牧业股份有限公司","1"
"老人","常德大道与朝阳路交叉口","1"
"孩子","中山街","1"
"儿童","人民路与滨河路交叉口","1"
"孩子","猎豹北路与飞腾路交叉口","1"
"孩子","永州大道与进贤路交叉口","1"
"老人","铜花二巷","1"
"老人","武汉瑞华医院民兴中医门诊部","1"
"老人","凤凰村村委会","1"
"孩子","华山风景区","1"
"老人","三桥村五组","1"
"孩子","板材大市场B区","1"
"老人","常德大道","1"
"老人","腾飞电器(昭君路)","1"
"老人","八一大道与孺子路交叉口","1"
"老人","东方市东方医院(老院区)","1"
"老人","长青街","1"
"老人","桐方线","1"
"老人","广惠社区居委会","1"
"儿童","天河路与英才街交叉口","1"
"老人","鑫鑫米兰","1"
"男子","太子尖","1"
"老人","宽城区政府中心公园","1"
"老人","武汉天兴洲长江大桥","1"
"老人","嘉华购物广场(济南槐荫店)","1"
"老人","富水南路与曹状元街交叉口","1"
"老人","沈老头包子(东方·碧海云天店)","1"
"孩子","青年路","1"
"老人","美乐城(中国邯郸环球中心店)","1"
"老人","真诚草莓采摘园","1"
"儿童","稻田公园","1"
"老人","解放北路","1"
"老人","仁和路与敬梓路交叉口","1"
"儿童","官渡广场","1"
"老人","益和国际城","1"
"孩子","海湖新区","1"
"老人","亿家火锅店","1"
"孩子","阿波罗商业广场","1"
"老人","大华二路","1"
"孩子","火炬广场","1"
"孩子","长沙理工大学西门(公交站)","1"
"老人","安德鲁森(银润店)","1"
"老人","五角场","1"
"老人","仙岳路","1"
"老人","乌兰察布市集宁区中蒙医院","1"
"老人","娄底一大桥(公交站)","1"
"老人","凯旋北路与建设路交叉口","1"
"老人","秦仁路","1"
"孩子","经二路","1"
"老人","万博汇","1"
"儿童","府东街","1"
"孩子","市府北街","1"
"老人","团结街","1"
"老人","丹光路","1"
"孩子","龙城北街(公交站)","1"
"老人","五一路与府东街交叉口","1"
"老人","万寿路与玉渊潭南路交叉口","1"
"老人","彰德路与迎春西街交叉口","1"
"孩子","南京1912街区","1"
"老人","曹安公路与黄家花园路交叉口","1"
"孩子","中国工商银行(山东省分行)","1"
"老人","文艺北路","1"
"老人","红门路","1"
"儿童","白沙门公园游乐场售票处","1"
"老人","党杨路与刘长山路交叉口","1"
"老人","夏津德百商贸城","1"
"老人","俄之塘南五街","1"
"老人","中山","1"
"老人","南阳汽车站","1"
"老人","春熙路(地铁站)","1"
"老人","光明路","1"
"孩子","西海立交桥","1"
"老人","旅客家宾馆","1"
"老人","伯雍街","1"
"老人","耀华商厦","1"
"老人","长沙市雨花区人民政府","1"
"老人","惠农区红果子镇综合治理中心","1"
"老人","开甲·尚仕名邸","1"
"老人","河阳寺","1"
"老人","上海市浦东新区潍坊新村街道社区保安队","1"
"老人","台州渝帆机电科技","1"
"老人","珠海市紫荆中学(凤凰路校区)","1"
"孩子","新天地","1"
"老人","石灰坳小学","1"
"老人","义乌市第三中学","1"
"老人","星光国际商务酒店","1"
"孩子","薛城区财政局","1"
"老人","斗西路口","1"
"老人","山水文苑","1"
"老人","东风小康皓升渡仁西线店","1"
"孩子","七港九(育英中学店)","1"
"男子","广州路","1"
"老人","安达汽修","1"
"老人","余庆新余旅社","1"
"儿童","青岛嘉逸豪庭精品酒店","1"
"老人","龙洞碥大桥","1"
"老人","雷州市英利镇人民政府","1"
"老人","西福路","1"
"老人","东源大润发一楼风裳美衣","1"
"老人","东华学校","1"
"游客","凤凰谷","1"
"老人","马家粮油商行","1"
"老人","凤凰路","1"
"老人","陕西金骏(渭南办事处)","1"
"儿童","市委党校(公交站)","1"
"男子","环联路","1"
"老人","芙蓉兴盛","1"
"老人","立汤路辅路","1"
"老人","包河花园","1"
"老人","金寨路","1"
"老人","天宝路","1"
"老人","常丰村村委会","1"
"老人","大庆路与女娲路交叉口","1"
"老人","永逸家居店地面停车场","1"
"孩子","中共邯郸市峰峰矿区滏阳东路街道东沟社区支部委员会","1"
"老人","松山区第四中学","1"
"老人","海信湖岛世家二期营销中心","1"
"老人","上海南站","1"
"老人","西湖","1"
"孩子","港达商贸城","1"
"孩子","滨江中路","1"
"老人","草洋石材市场","1"
"孩子","仲景路信臣路口(公交站)","1"
"老人","清化医院门诊","1"
"老人","巴楚步行街","1"
"老人","中山公园","1"
"男子","南湖公园","1"
"老人","百惠家美时超市(丰储街店)","1"
"孩子","嘉庚体育馆","1"
"老人","永丰水库","1"
"老人","阳泉市义井中学","1"
"老人","新人民医院(公交站)","1"
"孩子","枋钟路","1"
"老人","汉川路与金水路交叉口","1"
"老人","梅河公园","1"
"孩子","龙溪镇人民政府","1"
"老人","锦上花购物中心","1"
"老人","环城北路","1"
"老人","顺河路","1"
"老人","中国工商银行(东新支行)","1"
"老人","交通花园(新埠东路)","1"
"女子","龙华街","1"
"老人","冲之大街与涞阳路交叉口","1"
"老人","机场小区A区","1"
"老人","太原南站","1"
"老人","阳明山国家森林公园","1"
"孩子","兴安名城C区","1"
"老人","开封市正大家属院","1"
"老人","朝阳路","1"
"老人","龙城小区","1"
"老人","南东一路","1"
"老人","弦歌大道与曙光路交叉口","1"
"老人","丹阳桥","1"
"老人","山东省郯城县新村银杏产业开发区","1"
"孩子","第三城丹槿园","1"
"老人","河门口村(公交站)","1"
"老人","九九广场(美的专卖店)","1"
"老人","龙家镇先锋村春风小院","1"
"老人","靳江路","1"
"老人","黄山区永丰乡人民政府","1"
"老人","两江新区","1"
"老人","汪屯桥(公交站)","1"
"女子","蔚蓝国际","1"
"老人","洛王社区居民服务中心","1"
"老人","皇家尚品地面停车场","1"
"老人","黄河路","1"
"老人","香泉环岛","1"
"孩子","河南财经政法大学郑东校区","1"
"老人","山东临沂远行重汽修理厂(宝友物流店)","1"
"老人","壹海城","1"
"老人","临沂市公安局交通警察支队板泉中队","1"
"老人","沿滩新城","1"
"老人","珠海国家高新区","1"
"老人","政丰南路","1"
"老人","娄底市自然资源和规划局","1"
"孩子","横沥村党群服务中心","1"
"老人","芜湖长江大桥","1"
"老人","高良出口(S8广佛肇高速西向)","1"
"老人","爱民超市","1"
"老人","阳光100艺术馆","1"
"老人","兴隆花园","1"
"孩子","华商三优汽车充电站(东城区东四十条10116充电扬招站)","1"
"孩子","万安路","1"
"老人","刘家园街","1"
"老人","盘龙山公园","1"
"老人","平阳站","1"
"老人","马垅(公交站)","1"
"女子","铭城玻璃门窗","1"
"老人","黄石市花湖街道办","1"
"老人","郭屯(公交站)","1"
"老人","夏城中路与武南中路交叉口","1"
"老人","双园路","1"
"孩子","中石化森美迎宾加油站","1"
"老人","长治医学院附属和平医院","1"
"女子","万达广场","1"
"老人","万宝蛋糕","1"
"老人","西沣路","1"
"老人","珠海路口(公交站)","1"
"男子","丙灵路","1"
"老人","呼家楼","1"
"老人","后李洼村公益电影放映点","1"
"老人","富康路","1"
"老人","枫树山悦东方小学","1"
"老人","凤艳村委会","1"
"老人","康华园","1"
"老人","东升防水","1"
"孩子","江苏省泰州市政协","1"
"行人","S3601京雄高速","1"
"老人","铜陵路高架桥","1"
"老人","广西信祺蛇业虎纹蛙养殖基地","1"
"孩子","北山路","1"
"孩子","小马服装批发城","1"
"老人","北水屯村公益电影放映点","1"
"孩子","三加村(公交站)","1"
"行人","S40广洪高速","1"
"老人","北京路与孝河路交叉口","1"
"老人","朱仙庄镇人民政府","1"
"老人","北京路客民宿BI9830","1"
"老人","轴村(公交站)","1"
"老人","大鹿港","1"
"老人","长岭镇人民政府","1"
"老人","双龙水泥标砖厂","1"
"老人","中山市黄圃镇兆丰村民委员会","1"
"孩子","苏州市姑苏区人民法院","1"
"老人","芒部镇人民政府","1"
"老人","汇泉路","1"
"老人","桐木岭收费站(S01贵阳南环高速入口)","1"
"老人","厦门大桥","1"
"老人","敏州西路","1"
"老人","洛阳汽车站","1"
"老人","五星街","1"
"孩子","台商区","1"
"老人","文峰大道","1"
"老人","交通大街","1"
"孩子","二龙村村民委员会","1"
"孩子","金明广场","1"
"孩子","凯旋大道与建设路交叉口","1"
"老人","罗坊镇人民政府","1"
"老人","清风视觉形象设计","1"
"孩子","雪峰南路","1"
"女子","平冈村球场","1"
"老人","中南社区警务室","1"
"老人","正阳路与米山路交叉口","1"
"老人","世代龙泽湾","1"
"老人","南京南站南广场","1"
"司机","文车村(公交站)","1"
"老人","金星路","1"
"老人","鞍山五路","1"
"老人","细河公安分局","1"
"女子","天骄幼儿园","1"
"孩子","长峪城(暂停开放)","1"
"老人","北郊市场(天沙四路)","1"
"老人","都司路","1"
"老人","广安万和(工厂旗舰店)","1"
"老人","兴贤路","1"
"老人","济宁市任城区人民医院","1"
"男子","摄乐桥","1"
"老人","安昌村民委员会","1"
"老人","小井峪街道三益社区","1"
"行人","申通快递(太白路)","1"
"孩子","中关村雍和航星科技园","1"
"孩子","天桥村民宿聚居点","1"
"老人","唐冶中路与文苑街交叉口","1"
"老人","益丰大药房(湘潭岚园路)","1"
"老人","西街","1"
"老人","宝山路","1"
"老人","历城区政府(公交站)","1"
"老人","曙光路","1"
"老人","幸福社区居委会(中原路)","1"
"老人","武汉大道","1"
"老人","崂山区世纪广场","1"
"老人","马市街小学","1"
"男子","河堤路","1"
"老人","原山大道","1"
"老人","老崔葡萄采摘园","1"
"老人","寨桂村退役军人服务站","1"
"老人","雷打石镇人民政府","1"
"老人","阳光城·紫金城","1"
"老人","李哥庄镇政府","1"
"老人","史家巷","1"
"老人","星程石家庄中山东路乐汇城店","1"
"儿童","潍坊市坊子区凤凰街道社区卫生服务中心","1"
"孩子","振兴街","1"
"老人","刘营(公交站)","1"
"老人","鹿寨公园(公交站)","1"
"老人","南村加油站","1"
"老人","马良街社区服务中心","1"
"老人","五峰路","1"
"老人","肖家巷","1"
"游客","大寒尖山庄","1"
"老人","潍坊市坊子区凤凰街道社区卫生服务中心","1"
"老人","胡草科村公益电影放映点","1"
"老人","大港","1"
"老人","廉江市城南汽车客运站","1"
"老人","康复前街与铁英街交叉口","1"
"老人","济南站(公交站)","1"
"男子","巴朗山","1"
"孩子","新艺城","1"
"老人","蒲吕大桥","1"
"儿童","天目山农庄(罗泾)","1"
"老人","榉林山早市","1"
"老人","清水湾花园","1"
"女子","格林豪泰(太仓浏河镇店)","1"
"老人","石化","1"
"老人","美里湖湿地公园","1"
"老人","易足道足疗推拿店","1"
"老人","陆良电力生活小区","1"
"行人","龙岗收费站(G56杭瑞高速出口)","1"
"老人","奥体中路与工业南路交叉口","1"
"老人","鸭绿江","1"
"老人","牡丹村三浜2019","1"
"老人","白马社区","1"
"老人","G1813威青高速","1"
"老人","长安汽车售后服务咨询点","1"
"老人","归德路","1"
"孩子","开源大道与骏马路交叉口","1"
"老人","河滨北路","1"
"老人","兴华路永平路(公交站)","1"
"老人","哈尔滨站","1"
"老人","滨河巷与滨河西路交叉口","1"
"老人","陈留店村民委员会","1"
"老人","滁州(南京国际博览中心)","1"
"老人","毛家棚村村委会","1"
"老人","百大周谷堆大兴农产品批发市场","1"
"孩子","文化路口(公交站)","1"
"老人","宁夏路","1"
"男子","景秀家园(陆小线)","1"
"游客","西安祥峪森林公园","1"
"儿童","红寺北街","1"
"老人","花园里梅兰菊社区菊园","1"
"老人","金龙街道办事处","1"
"老人","新保利香颂营销中心","1"
"老人","济齐路","1"
"老人","和平路","1"
"老人","万科新里程明·别墅","1"
"游客","巴朗山","1"
"游客","涧沟村委会","1"
"女子","中国石化周楼加油站","1"
"游客","元宝山","1"
"老人","任庄旅游风景区","1"
"男子","风田水库","1"
"老人","卧龙山公园","1"
"老人","画溪花园","1"
"老人","喇叭口(公交站)","1"
"孩子","和谐医院","1"
"老人","蓬安县相如广场","1"
"老人","重庆市武隆区黄莺乡人民政府","1"
"老人","张家港市西张建筑工程有限公司驻苏州办事处","1"
"老人","陈桁村(公交站)","1"
"老人","谢洼(公交站)","1"
"老人","承平村村委会","1"
"儿童","绿园路与花园路交叉口","1"
"老人","中国石化三山加油站","1"
"老人","中山路","1"
"老人","殷庄渡口","1"
"游客","南门广场","1"
"老人","马街镇人民政府(陆水线)","1"
"老人","巍宝山乡合作村退役军人服务站","1"
"老人","中国石化城北加油站","1"
"老人","府前大街与邮政路交叉口","1"
"老人","中和路","1"
"老人","付庄村村委会","1"
"老人","金园路","1"
"老人","长安汽车长安欧尚","1"
"行人","龙阳大道","1"
"老人","鼎泰家园","1"
"孩子","周恩来同志故居","1"
"孩子","凤山公园","1"
"老人","南桥镇人民政府","1"
"老人","好未来教育","1"
"老人","沙滨路","1"
"老人","文城镇人民政府","1"
"老人","新厂西路","1"
"老人","牌坊湾(公交站)","1"
"老人","白驹镇人民政府","1"
"老人","狮子山","1"
"老人","新沟镇小学","1"
"老人","济南市历下区房屋管理服务中心公用公房服务部","1"
"老人","天井村村民委员会","1"
"老人","曹家簖村委会","1"
"老人","台电大坑水库","1"
"老人","华山路","1"
"老人","红旗医院","1"
"老人","先锋花园","1"
"老人","承修四路","1"
"老人","青树村委会","1"
"老人","青林湾大桥","1"
"老人","人民医院","1"
"老人","钱塘路","1"
"孩子","西安大悦城","1"
"老人","北雀路","1"
"老人","河东镇政府","1"
"老人","环城路","1"
"老人","长宁路","1"
"儿童","高时明墓","1"
"老人","百步亭花园","1"
"老人","英科医疗","1"
"老人","南湖酒店","1"
"老人","李村","1"
"孩子","禹王台公园","1"
"老人","朝阳大街","1"
"老人","仁和广场","1"
"老人","健康路与建设大道交叉口","1"
