"time","location","count"
"夏季下午","上海浦东国际机场","13"
"春季上午","上海浦东国际机场","12"
"春季下午","上海浦东国际机场","12"
"秋季晚上","上海浦东国际机场","12"
"冬季上午","上海浦东国际机场","11"
"冬季下午","上海浦东国际机场","10"
"夏季晚上","上海浦东国际机场","8"
"春季早上","上海浦东国际机场","7"
"夏季上午","上海浦东国际机场","7"
"冬季晚上","上海浦东国际机场","7"
"秋季下午","北京大兴国际机场工作区","7"
"春季下午","上海虹桥站","6"
"夏季下午","上海虹桥国际机场","6"
"春季凌晨","上海浦东国际机场","6"
"秋季下午","上海浦东国际机场","6"
"秋季下午","上海虹桥国际机场","6"
"秋季下午","北京大兴国际机场建设指挥部","6"
"夏季下午","北京大兴国际机场工作区","5"
"夏季晚上","上海虹桥国际机场","5"
"夏季晚上","北京大兴国际机场建设指挥部","5"
"冬季凌晨","上海浦东国际机场","5"
"秋季上午","上海浦东国际机场","5"
"冬季下午","北京大兴国际机场工作区","5"
"秋季晚上","洪崖洞民俗风貌区","4"
"夏季晚上","解放碑步行街","4"
"夏季深夜","洪崖洞民俗风貌区","4"
"春季下午","新街口(地铁站)","4"
"秋季晚上","解放碑步行街","4"
"夏季上午","新街镇工业园区","4"
"夏季晚上","广州白云国际机场店","4"
"春季晚上","上海浦东国际机场","4"
"春季下午","广州白云国际机场","4"
"秋季早上","上海浦东国际机场","4"
"春季晚上","重庆江北国际机场","4"
"冬季中午","北京大兴国际机场工作区","4"
"秋季上午","北京大兴国际机场工作区","4"
"春季晚上","广州白云国际机场店","4"
"春季上午","G0421许广高速","4"
"春季深夜","解放碑步行街","3"
"春季晚上","重庆朝天门广场(暂停开放)","3"
"冬季上午","广州白云国际机场店","3"
"秋季晚上","武汉大学","3"
"夏季晚上","厦门东山宾馆","3"
"冬季晚上","鹅岭公园","3"
"冬季上午","重庆江北国际机场","3"
"秋季凌晨","洪崖洞民俗风貌区","3"
"秋季晚上","鼓浪屿","3"
"春季晚上","新街口(地铁站)","3"
"春季下午","新街镇工业园区","3"
"春季晚上","中山公园","3"
"夏季凌晨","杭州萧山国际机场","3"
"夏季晚上","北京首都国际机场3号航站楼","3"
"夏季早上","北京首都国际机场3号航站楼","3"
"春季下午","天府永汇","3"
"春季晚上","上海虹桥国际机场","3"
"春季上午","杭州萧山国际机场","3"
"春季下午","北京首都国际机场3号航站楼","3"
"春季凌晨","北京大兴国际机场工作区","3"
"春季下午","北京大兴国际机场建设指挥部","3"
"春季下午","上海虹桥国际机场","3"
"冬季上午","北京大兴国际机场建设指挥部","3"
"冬季晚上","上海虹桥国际机场","3"
"冬季下午","深圳宝安国际机场","3"
"冬季早上","北京大兴国际机场建设指挥部","3"
"冬季晚上","北京大兴国际机场建设指挥部","3"
"冬季下午","广州白云国际机场店","3"
"冬季下午","上海虹桥国际机场","3"
"秋季上午","北京大兴国际机场建设指挥部","3"
"冬季下午","成都双流国际机场","3"
"春季下午","北京大兴国际机场工作区","3"
"冬季下午","北京大兴国际机场建设指挥部","3"
"秋季下午","上海虹桥国际机场2号航站楼","3"
"冬季早上","北京大兴国际机场工作区","3"
"秋季晚上","北京大兴国际机场工作区","3"
"冬季下午","光谷二路","3"
"秋季深夜","武汉大学","2"
"秋季凌晨","帝都广场写字楼","2"
"秋季晚上","观音桥","2"
"秋季下午","太古汇","2"
"夏季晚上","朝阳公园","2"
"夏季晚上","新街口(地铁站)","2"
"夏季下午","香港中文大学","2"
"夏季深夜","解放碑步行街","2"
"夏季下午","洪崖洞民俗风貌区","2"
"夏季下午","IFS国金中心","2"
"夏季傍晚","奥林匹克森林公园","2"
"夏季下午","解放碑步行街","2"
"春季下午","天津站(地铁站)","2"
"春季晚上","菜园坝","2"
"春季凌晨","解放碑步行街","2"
"春季晚上","洪崖洞民俗风貌区","2"
"冬季晚上","洪崖洞民俗风貌区","2"
"冬季下午","重庆江北国际机场","2"
"秋季晚上","大连海事大学","2"
"秋季上午","花乡茶叶","2"
"秋季早上","长沙大学城·河西大学城","2"
"夏季上午","北京路步行街","2"
"夏季傍晚","珠江新城(地铁站)","2"
"春季上午","上海虹桥站","2"
"春季晚上","武汉大学","2"
"春季上午","洪崖洞民俗风貌区","2"
"春季早上","洪崖洞民俗风貌区","2"
"冬季晚上","广州白云国际机场店","2"
"冬季上午","北京大兴国际机场工作区","2"
"冬季深夜","洪崖洞民俗风貌区","2"
"冬季晚上","司门口","2"
"秋季晚上","上海虹桥站","2"
"秋季下午","洪崖洞民俗风貌区","2"
"秋季下午","圆明园遗址公园","2"
"秋季上午","北京市人民政府(旧址)","2"
"秋季下午","广州东站","2"
"秋季深夜","重庆朝天门广场(暂停开放)","2"
"秋季下午","解放碑步行街","2"
"秋季晚上","朝阳公园","2"
"夏季下午","上海虹桥站","2"
"夏季晚上","三里屯太古里","2"
"夏季下午","武汉大学","2"
"夏季晚上","天津站(地铁站)","2"
"春季晚上","观前街","2"
"春季下午","光谷广场","2"
"春季下午","中共咸阳市公安局渭城分局纪律检查委员会","2"
"春季凌晨","丽江古城","2"
"春季凌晨","洪崖洞民俗风貌区","2"
"春季下午","五一广场","2"
"春季晚上","北京市人民政府(旧址)","2"
"春季傍晚","湄公河印象","2"
"夏季晚上","广州白云国际机场","2"
"夏季傍晚","北京南站","2"
"夏季晚上","徐家棚桥","2"
"夏季下午","南京南站南广场","2"
"春季上午","新街口(地铁站)","2"
"春季凌晨","青西郊野公园","2"
"春季傍晚","中山公园","2"
"春季下午","飞虹桥","2"
"冬季下午","新街口(地铁站)","2"
"冬季晚上","新街口(地铁站)","2"
"冬季上午","南京南站南广场","2"
"冬季下午","杭州湖滨银泰in77C3区","2"
"春季深夜","雀儿山公园","2"
"春季晚上","三板溪公园","2"
"春季下午","朝阳公园","2"
"冬季上午","鸳鸯池公园","2"
"冬季下午","八公山风景区售票处","2"
"夏季中午","成都双流国际机场","2"
"夏季下午","广州白云国际机场","2"
"夏季晚上","杭州萧山国际机场","2"
"夏季凌晨","天府永汇","2"
"春季下午","G40沪陕高速","2"
"春季凌晨","重庆江北国际机场","2"
"春季上午","北京大兴国际机场建设指挥部","2"
"春季中午","上海浦东国际机场","2"
"春季中午","广州白云国际机场","2"
"春季凌晨","北京大兴国际机场建设指挥部","2"
"春季晚上","北京大兴国际机场工作区","2"
"春季下午","香港国际机场","2"
"冬季晚上","重庆江北国际机场","2"
"冬季下午","北京首都国际机场3号航站楼","2"
"冬季上午","深圳宝安国际机场","2"
"冬季下午","成都天府国际机场","2"
"冬季上午","成都天府国际机场","2"
"冬季凌晨","重庆江北国际机场","2"
"冬季中午","重庆江北国际机场","2"
"冬季上午","天府永汇","2"
"冬季下午","兰州中川国际机场有限公司","2"
"冬季中午","成都天府国际机场","2"
"秋季晚上","北京大兴国际机场","2"
"秋季下午","西安咸阳机场大巴(西稍门站)","2"
"秋季深夜","上海浦东国际机场","2"
"秋季晚上","杭州萧山国际机场","2"
"夏季早上","上海浦东国际机场","2"
"夏季晚上","北京大兴国际机场工作区","2"
"夏季凌晨","广州白云国际机场","2"
"夏季下午","温州机场(公交站)","2"
"夏季下午","重庆江北国际机场","2"
"春季上午","重庆江北国际机场","2"
"冬季傍晚","上海虹桥国际机场2号航站楼","2"
"冬季下午","西安咸阳机场大巴(西稍门站)","2"
"秋季上午","北京首都国际机场3号航站楼","2"
"秋季凌晨","上海浦东国际机场","2"
"秋季凌晨","武汉天河国际机场","2"
"秋季晚上","重庆江北国际机场","2"
"夏季晚上","上海虹桥国际机场2号航站楼","2"
"夏季晚上","深圳宝安国际机场","2"
"夏季傍晚","广州白云国际机场","2"
"春季晚上","北京首都国际机场3号航站楼","2"
"春季凌晨","成都双流国际机场","2"
"冬季晚上","深圳宝安机场(公交站)","2"
"冬季深夜","北京大兴国际机场工作区","2"
"秋季中午","上海浦东国际机场","2"
"秋季晚上","武汉天河国际机场","2"
"秋季早上","深圳机场站","2"
"秋季下午","北京首都国际机场3号航站楼","2"
"秋季深夜","北京大兴国际机场工作区","2"
"夏季上午","郑州新郑国际机场","2"
"秋季下午","昆明长水国际机场","2"
"夏季傍晚","上海浦东国际机场","2"
"春季下午","大连周水子国际机场","2"
"春季下午","广州白云国际机场店","2"
"春季晚上","大坪路","2"
"秋季晚上","广州白云国际机场店","2"
"秋季凌晨","广州白云国际机场店","2"
"夏季上午","上海虹桥国际机场","2"
"春季深夜","上海浦东国际机场","2"
"春季凌晨","广州白云国际机场店","2"
"春季下午","上海南站","2"
"夏季下午","上里古镇","2"
"夏季下午","龚家岭收费站(S7武鄂高速西北向)","2"
"夏季下午","睿达传媒","2"
"夏季下午","新华广场","2"
"夏季晚上","翠园路","2"
"夏季下午","御福酒业(禹洲中央海岸二期店)","2"
"夏季上午","北辰路与站前路交叉口","2"
"夏季上午","龙山镇人民政府","2"
"夏季下午","峨山互通","2"
"春季下午","滨江路","2"
"春季下午","山大南路","2"
"春季下午","长峪城(暂停开放)","2"
"春季傍晚","君子路","2"
"春季中午","饭甑尖","2"
"春季下午","龙门石窟","2"
"春季下午","长安医药","2"
"夏季晚上","龙阳大道","2"
"夏季下午","G12珲乌高速","2"
"夏季上午","闵浦大桥","2"
"夏季上午","G25长深高速","2"
"夏季上午","G1211吉黑高速","2"
"夏季上午","G4京港澳高速","2"
"春季下午","G4221沪武高速","2"
"春季上午","和县收费站(S22天天高速出口)","2"
"春季晚上","G65包茂高速","2"
"春季上午","G5京昆高速","2"
"春季下午","南滩派出所","2"
"春季傍晚","华鲁街与建设路交叉口","2"
"春季下午","G0421许广高速","2"
"冬季下午","G50沪渝高速","2"
"冬季下午","栖霞收费站(G25长深高速入口)","2"
"冬季上午","G15沈海高速","2"
"冬季上午","万达广场(合肥包河店)","2"
"冬季晚上","G15沈海高速","2"
"秋季早上","郴州市儿童医院","2"
"夏季上午","燕郊镇人民政府","2"
"春季晚上","新民场","2"
"春季晚上","廉州镇廉西小学","2"
"春季上午","南京江北新区","2"
"春季下午","东关屯派出所","2"
"春季下午","国宝轮胎","2"
"冬季下午","朝阳路","2"
"冬季下午","大唐西市","2"
"春季晚上","南京江北新区","2"
"秋季下午","龙湖·U城","2"
"夏季傍晚","龙湖长楹天街购物中心","2"
"冬季晚上","大悦城","2"
"夏季晚上","中茵广场","2"
"春季晚上","北京朝阳合生汇","2"
"夏季下午","上海月星环球港","2"
"冬季下午","南浦广场公园","2"
"冬季下午","大同路与福寿街交叉口","2"
"春季下午","古曲路","2"
"冬季上午","学院路","2"
"秋季上午","洛门镇人民政府","2"
"秋季上午","曙光小区","2"
"秋季晚上","获鹿镇人民政府","2"
"冬季上午","紫金山","2"
"冬季下午","磨石庵村公益电影放映点","2"
"冬季晚上","后城镇人民政府","1"
"秋季上午","市道路运输管理局(公交站)","1"
"冬季下午","宜家家居(宝山商场)","1"
"冬季下午","交通公园","1"
"秋季深夜","望牛墩文化广场(公交站)","1"
"秋季晚上","天长岭隧道","1"
"冬季上午","上海外滩茂悦大酒店(装修中)","1"
"冬季中午","乐天大街","1"
"秋季晚上","南湖校区社区居委会","1"
"秋季晚上","南湖公园","1"
"秋季上午","新街口(地铁站)","1"
"秋季深夜","瑞幸咖啡沈阳师范大学南区店","1"
"秋季晚上","红鑫新村","1"
"秋季晚上","三亚美高梅度假酒店","1"
"秋季下午","龙湖金融岛","1"
"冬季早上","镇坪路(地铁站)","1"
"秋季上午","农资公司小区","1"
"秋季深夜","忻州师范学院(新校区)","1"
"秋季晚上","周门","1"
"秋季晚上","山东科技大学","1"
"秋季晚上","厦门大学思明校区","1"
"秋季下午","四川省成都市武侯高级中学","1"
"秋季晚上","龚尚嘉苑","1"
"秋季深夜","西北农林科技大学北校区","1"
"秋季下午","上海交通大学闵行校区密西根学院","1"
"秋季晚上","福州大学旗山校区","1"
"秋季晚上","银河山庄","1"
"秋季晚上","正阳时代广场(正阳女人淘宝大世界西南)","1"
"秋季晚上","雁滩北面滩新村","1"
"秋季下午","东华大学延安路校区","1"
"秋季上午","范崎路","1"
"秋季中午","山东财经大学舜耕校区","1"
"秋季傍晚","东李村(公交站)","1"
"秋季下午","万达广场(泉州浦西店)","1"
"夏季上午","曾厝垵","1"
"夏季上午","保定万博广场","1"
"秋季下午","宁夏大学贺兰山校区","1"
"秋季下午","Tineco添可(万达旗舰店)","1"
"秋季上午","青岛胶东国际机场","1"
"秋季下午","重庆大学A区学生公寓","1"
"夏季深夜","良凤江国家森林公园","1"
"夏季晚上","金海湖","1"
"夏季晚上","香港大学","1"
"夏季晚上","天鹅花苑","1"
"夏季晚上","天津市公安局北辰分局","1"
"夏季傍晚","大同古城","1"
"夏季晚上","赣州西站","1"
"夏季晚上","光谷","1"
"夏季晚上","昆玉九里","1"
"夏季下午","威海乳山市银滩海滩","1"
"夏季下午","广西壮族自治区药用植物园","1"
"夏季晚上","浙江省萧山中学","1"
"夏季下午","陶铸公园","1"
"夏季上午","广州白云国际机场店","1"
"夏季晚上","凯德广场·学府","1"
"夏季下午","天津大学卫津路校区","1"
"夏季深夜","龙湖西安曲江星悦荟","1"
"夏季深夜","白云山风景名胜区售票处","1"
"夏季下午","福田小区","1"
"夏季凌晨","盛天东郡","1"
"夏季下午","北京银泰中心in01","1"
"夏季上午","洱海公园","1"
"夏季早上","盘龙立交","1"
"夏季晚上","辽河","1"
"夏季下午","上海中心大厦","1"
"夏季晚上","海淀区第二实验小学(清宁校区)","1"
"夏季下午","魁星楼","1"
"夏季晚上","锦林公园","1"
"夏季晚上","中山广场","1"
"夏季晚上","东圃(地铁站)","1"
"夏季晚上","荷花苑","1"
"夏季傍晚","太原南站","1"
"夏季下午","鹅岭公园","1"
"夏季晚上","玄武湖公园","1"
"夏季傍晚","湖北工业大学","1"
"夏季下午","长沙黄花国际机场","1"
"夏季凌晨","成都王府井购物中心(科华店)","1"
"夏季深夜","首尔798韩国料理地区(五道口东源店)","1"
"夏季下午","室内步行街(南坪万达广场店)","1"
"夏季深夜","长嘉汇","1"
"夏季晚上","怒江大峡谷","1"
"夏季晚上","武林广场","1"
"夏季晚上","玉渊潭公园","1"
"夏季晚上","南阳师范学院","1"
"夏季傍晚","阳朔栖溪美地度假酒店","1"
"夏季下午","怡园小区","1"
"夏季晚上","嘉陵江大桥","1"
"夏季早上","珠江新城(地铁站)","1"
"夏季深夜","郑州市管城回族区人民医院","1"
"夏季晚上","江西师范大学瑶湖校区","1"
"夏季傍晚","风景区(公交站)","1"
"夏季晚上","景山公园","1"
"夏季上午","江西禹港国际卡丁车馆","1"
"夏季晚上","山东财经大学舜耕校区","1"
"夏季凌晨","解放碑步行街","1"
"夏季凌晨","上海共舞台","1"
"夏季傍晚","天津广播电视台(卫津路)","1"
"夏季晚上","金域豪庭","1"
"夏季下午","湖南博物院","1"
"夏季晚上","民治(地铁站)","1"
"夏季深夜","海底世界","1"
"夏季晚上","罗家路","1"
"夏季晚上","鼓浪屿","1"
"夏季晚上","贵州大学东校区","1"
"夏季晚上","三胞国际广场","1"
"夏季中午","司门口","1"
"夏季上午","北京市人民政府(旧址)","1"
"夏季凌晨","海底捞火锅(悠方店)","1"
"夏季凌晨","俪湖天地","1"
"夏季凌晨","凤达山庄","1"
"夏季深夜","成都市新津区人民政府","1"
"夏季晚上","重庆佛图关公园","1"
"夏季上午","皇后中心","1"
"夏季下午","春熙路","1"
"夏季傍晚","勒泰中心","1"
"夏季下午","中国海洋大学崂山校区","1"
"夏季中午","南京夫子庙","1"
"夏季中午","光谷","1"
"夏季上午","龙华(地铁站)","1"
"夏季下午","中华民族博物院","1"
"夏季上午","金地商都(徐州彭城店)","1"
"夏季晚上","重庆美术馆","1"
"夏季上午","古城供销","1"
"夏季上午","中南大学北校区","1"
"夏季早上","平章府","1"
"夏季凌晨","慧敏冷面麻辣烫(凌水家园店)","1"
"夏季早上","深圳保利文化广场","1"
"春季下午","中国矿业大学文昌校区","1"
"春季深夜","丽江古城","1"
"春季晚上","龙溪(地铁站)","1"
"春季下午","茅山服务区","1"
"春季晚上","中关村雍和航星科技园","1"
"春季中午","万达广场(重庆南坪店)","1"
"春季上午","涠洲岛","1"
"春季下午","三亚湾红树林度假世界","1"
"春季上午","河南省人民医院科教大厦","1"
"春季早上","伊藤洋华堂","1"
"春季晚上","南码头","1"
"春季深夜","郑州大学","1"
"春季傍晚","鳌峰苑","1"
"春季晚上","一南创意空间","1"
"春季下午","贵阳阿哈湖国家湿地公园-杜鹃花谷","1"
"春季深夜","清华大学","1"
"春季下午","时尚天河商业广场","1"
"春季晚上","怡园小区","1"
"春季晚上","北京朝阳站(地铁站)","1"
"春季下午","湖东新街口","1"
"春季傍晚","北京科技职业学院","1"
"春季凌晨","重庆北站","1"
"春季下午","中国藏医药文化博物馆","1"
"春季凌晨","重庆大学城","1"
"春季早上","四惠桥","1"
"春季早上","北方工业大学","1"
"春季晚上","华北电力大学","1"
"春季晚上","桂元村村委会","1"
"春季早上","城站路与清泰街交叉口","1"
"春季深夜","太原市森林公园","1"
"春季中午","筑友集团云南玉溪科技园(建设中)","1"
"春季晚上","金阳南路(南)(公交站)","1"
"春季上午","快活林亮欢寨","1"
"春季凌晨","重庆来福士洲际酒店","1"
"春季下午","甲秀南路","1"
"春季上午","解放碑步行街","1"
"春季深夜","东苏克路","1"
"春季早上","信誉楼","1"
"春季早上","深圳北站","1"
"春季傍晚","接霞庄","1"
"春季傍晚","四川美术学院虎溪校区","1"
"春季中午","炉边炭","1"
"春季深夜","黄山栢景假日酒店","1"
"春季下午","中山路步行街","1"
"春季上午","渝宗火锅(得意潮馆店)","1"
"春季上午","右岸嘉园","1"
"春季下午","天池山","1"
"春季早上","解放碑步行街","1"
"春季晚上","时尚天河商业广场","1"
"春季晚上","地安门","1"
"春季晚上","中贸广场","1"
"春季上午","石门营收费站(西六环入口)","1"
"春季上午","上清寺","1"
"春季傍晚","中山路","1"
"春季深夜","北臧村镇人民政府","1"
"春季晚上","清江山水","1"
"春季傍晚","天安门","1"
"春季下午","华南理工大学五山校区","1"
"春季早上","深圳大学粤海校区","1"
"春季早上","中宁县恩和镇宋庄","1"
"春季早上","黑龙峪村民委员会","1"
"春季下午","三里屯太古里","1"
"冬季下午","昆明植物园","1"
"冬季凌晨","朝天门码头","1"
"春季下午","重庆朝天门广场(暂停开放)","1"
"春季中午","晨晖·西海岸广场","1"
"冬季晚上","下城区综合楼","1"
"冬季下午","珠江新城(地铁站)","1"
"冬季下午","天府广场","1"
"冬季上午","昆明市海口林场森林公园","1"
"冬季傍晚","洪崖洞民俗风貌区","1"
"冬季晚上","天津天河城购物中心(金街店)","1"
"冬季上午","西土城(地铁站)","1"
"秋季晚上","巢上城","1"
"秋季晚上","三合嘉苑","1"
"秋季早上","信息枢纽大厦","1"
"秋季上午","长春工业大学南湖校区","1"
"秋季晚上","海心沙亚运公园","1"
"秋季晚上","弘善家园","1"
"秋季深夜","北京东直门三里屯王府井公寓","1"
"秋季傍晚","浙江大学(玉泉校区)","1"
"秋季晚上","华南农业大学","1"
"秋季下午","赣州市人民医院","1"
"秋季下午","北京路步行街","1"
"秋季中午","西北大学太白校区","1"
"秋季晚上","乌兰布统景区","1"
"秋季上午","武汉大学工学部","1"
"秋季凌晨","北京西山国家森林公园鬼笑石","1"
"秋季深夜","山东农业大学泮河校区学生公寓","1"
"秋季下午","上海中心大厦","1"
"秋季下午","顺美华庭","1"
"秋季下午","大华面馆","1"
"秋季下午","岳家湖公园","1"
"秋季凌晨","凤凰南华门山庄","1"
"秋季凌晨","和翔花园","1"
"秋季凌晨","衡山路(地铁站)","1"
"秋季凌晨","星河驾校","1"
"秋季早上","雨润新城","1"
"秋季晚上","杨梅竹斜街","1"
"秋季上午","解放碑步行街","1"
"秋季晚上","麒麟庄园","1"
"秋季晚上","万象城二期","1"
"秋季晚上","朱家角","1"
"秋季晚上","亚东商业广场","1"
"秋季晚上","乐业园小学","1"
"秋季下午","龙文互通主线桥","1"
"秋季上午","青岛科技大学(崂山校区)","1"
"秋季下午","陕西国际商贸学院","1"
"秋季深夜","赛格尔国际大厦","1"
"秋季下午","老街","1"
"秋季傍晚","观音桥","1"
"秋季傍晚","六片山","1"
"秋季晚上","南山村(公交站)","1"
"秋季下午","杭州(包含宁波)","1"
"秋季下午","香港中路","1"
"秋季下午","净月潭国家森林公园","1"
"秋季上午","太舞度假小镇","1"
"秋季早上","银座商城(东城店)","1"
"夏季下午","首创国际半岛展位(暂停营业)","1"
"秋季上午","观音岩","1"
"秋季上午","廊坊市自然公园-欢乐动物园","1"
"夏季下午","电子科技大学清水河校区","1"
"夏季早上","逸仙路","1"
"夏季早上","龙岗老干中心(公交站)","1"
"夏季晚上","高行绿洲五期","1"
"夏季晚上","西安软件园","1"
"夏季晚上","来福士购物中心","1"
"夏季下午","朱家花园","1"
"夏季傍晚","呼家楼(地铁站)","1"
"夏季晚上","涠洲岛-滴水丹屏景区","1"
"夏季晚上","二厂文创公园","1"
"夏季傍晚","先锋书店(老门东店)","1"
"夏季下午","三亚亚龙湾国家旅游度假区","1"
"夏季晚上","隋唐洛阳城应天门遗址","1"
"夏季晚上","潇湘奥林匹克花园","1"
"夏季深夜","木兰大道","1"
"夏季凌晨","重庆市合川区双凤镇佛山村村民委员会","1"
"夏季凌晨","两路口(地铁站)","1"
"夏季晚上","哈尔滨工业大学深圳校区","1"
"夏季晚上","杭州湖滨银泰in77","1"
"夏季早上","雁塔立交","1"
"夏季凌晨","成都娇子音乐厅","1"
"夏季晚上","维多利亚时代","1"
"夏季晚上","东岗立交桥","1"
"夏季上午","黄埔大道(地铁站)","1"
"夏季凌晨","北仑上海","1"
"夏季傍晚","台铃电动车(白沙洲大道店)","1"
"夏季下午","山东(青岛国际会展中心)","1"
"夏季下午","弹子石","1"
"夏季下午","越秀公园","1"
"夏季中午","良乡","1"
"夏季下午","深圳湾公园","1"
"夏季早上","保利管道(U6街区店)","1"
"夏季凌晨","花果园","1"
"夏季下午","天主教重庆总教区江北城德肋撒天主堂","1"
"夏季晚上","桂芳园6期","1"
"夏季晚上","阅城国际花园","1"
"夏季下午","南头古城","1"
"夏季傍晚","龙湖虹桥天街购物中心","1"
"夏季凌晨","新华科技大厦","1"
"夏季晚上","沌口","1"
"夏季凌晨","人民公园","1"
"夏季中午","海宴镇望头村新时代文明实践站","1"
"夏季晚上","仓山园生活区","1"
"夏季晚上","北京电影制片厂(装修中)","1"
"夏季下午","祠堂","1"
"夏季下午","莲花山公园","1"
"夏季下午","涠洲岛-滴水丹屏景区","1"
"夏季晚上","黄阁(地铁站)","1"
"夏季晚上","庆菱路","1"
"夏季下午","华银南苑","1"
"夏季中午","解放碑步行街","1"
"夏季下午","洪山区行政中心","1"
"夏季深夜","余姚路与胶州路交叉口","1"
"夏季晚上","东六环","1"
"夏季晚上","上大聚丰园","1"
"春季中午","横省石牌坊","1"
"春季晚上","南头古城","1"
"春季晚上","窑埠古镇","1"
"夏季上午","洪崖洞民俗风貌区","1"
"夏季傍晚","桃园二巷","1"
"春季深夜","燕山","1"
"春季晚上","蓝月湾(公交站)","1"
"春季晚上","中南民族大学","1"
"春季上午","龙胜管","1"
"夏季早上","渣滓洞监狱旧址","1"
"春季下午","杉木村农贸市场","1"
"春季下午","青岛西海岸新区","1"
"春季下午","洛浦路","1"
"春季晚上","柳泉路","1"
"春季下午","杭州湖滨银泰in77C3区","1"
"春季上午","徐悲鸿故居","1"
"春季深夜","南石家庄(公交站)","1"
"春季晚上","缤舍酒店(成都春熙路店)","1"
"春季傍晚","观音岩","1"
"春季晚上","麻省理功-深海烤鱼(江南环球港店)","1"
"春季晚上","明孝陵景区","1"
"春季下午","官渡森林公园","1"
"春季深夜","洱海公园","1"
"春季晚上","北京南站","1"
"春季上午","普者黑风景区","1"
"春季深夜","彩云村","1"
"春季晚上","泰安汽车总站","1"
"春季下午","昌乐桂河湿地公园","1"
"春季下午","花卉园","1"
"春季晚上","新德公寓","1"
"春季早上","芙蓉南路","1"
"春季下午","玉佛山风景区-二一九公园","1"
"春季中午","盘锦银行(盘山支行)","1"
"春季深夜","曹路(地铁站)","1"
"春季凌晨","巴滨路","1"
"春季凌晨","鼓浪屿","1"
"春季上午","南洲(地铁站)","1"
"春季晚上","上海中心大厦","1"
"春季上午","福永(地铁站)","1"
"春季深夜","成都IFS-座椅","1"
"春季晚上","新疆农业大学(老满城校区)","1"
"春季晚上","东环广场","1"
"春季晚上","南益·名泉春晓","1"
"春季下午","红梅公园","1"
"春季中午","华信家园","1"
"春季上午","邢台学院","1"
"春季晚上","清新体育公园","1"
"春季下午","恒大中渝广场","1"
"春季晚上","曙光小区(永安街)","1"
"春季傍晚","凤起路(地铁站)","1"
"春季晚上","金阳国际饭店","1"
"春季傍晚","奥林匹克森林公园","1"
"春季凌晨","罗定风车山","1"
"春季晚上","二厂文创公园","1"
"春季中午","营门口","1"
"春季下午","万秀新村","1"
"春季下午","惠阳碧桂园(公交站)","1"
"春季凌晨","西安市临潼区北十字仟禧自助涮烤店","1"
"春季晚上","万福人家(金丰路)","1"
"春季凌晨","富华泸州桂圆","1"
"冬季下午","洪崖洞民俗风貌区","1"
"冬季下午","盘龙立交","1"
"冬季傍晚","观澜(地铁站)","1"
"冬季下午","江南贡院","1"
"冬季晚上","长安医药","1"
"冬季下午","南宁吴圩国际机场","1"
"冬季晚上","东门町广场","1"
"冬季晚上","来福士购物中心","1"
"冬季下午","桓仁客运站","1"
"冬季早上","龙首原(地铁站)","1"
"冬季早上","赤峰装饰","1"
"冬季深夜","丽江古城","1"
"冬季傍晚","星语特教十堰中心校区","1"
"冬季下午","柳泉路","1"
"冬季深夜","蠡湖大桥","1"
"冬季下午","三亚太阳湾柏悦酒店","1"
"冬季深夜","香港(广东道)","1"
"冬季下午","东和城广场","1"
"冬季下午","佛山一环","1"
"冬季深夜","圆明园遗址公园","1"
"冬季晚上","新都汇时代广场","1"
"冬季下午","延安新区","1"
"冬季晚上","上海海洋大学(临港校区)","1"
"冬季凌晨","天津市咸水沽第一中学","1"
"冬季上午","李子坝(地铁站)","1"
"冬季上午","王府井","1"
"冬季凌晨","金陵饭店","1"
"冬季下午","喻园小区一期","1"
"冬季上午","城中村村委会","1"
"冬季傍晚","华润中心","1"
"冬季上午","地安门","1"
"冬季凌晨","南京工程学院(江宁校区)","1"
"冬季凌晨","解放碑日月光民宿(和平路分店)","1"
"冬季深夜","富克斯流行广场","1"
"冬季下午","济南大学主校区","1"
"冬季中午","南山公园","1"
"冬季早上","柳泉路","1"
"冬季凌晨","丽江和府洲际度假酒店","1"
"冬季下午","四川美术学院虎溪校区","1"
"冬季下午","红博会展购物广场","1"
"冬季下午","江东(公交站)","1"
"冬季深夜","楚河汉街","1"
"冬季下午","茂业天地(清扬店)","1"
"冬季深夜","解放碑步行街","1"
"冬季晚上","太原南站","1"
"冬季晚上","越秀公园","1"
"冬季晚上","华阳广场国际大饭店","1"
"冬季晚上","秋林食品(往事专卖店)","1"
"冬季晚上","南湖路","1"
"冬季晚上","光谷","1"
"冬季晚上","宁波银行(吴山小微企业专营支行)","1"
"冬季早上","钵池山公园","1"
"冬季下午","深圳北站","1"
"冬季上午","龙池国家森林公园","1"
"冬季早上","二七广场","1"
"冬季晚上","台州市路桥中学","1"
"冬季傍晚","重庆渝融豪生酒店","1"
"冬季凌晨","上海世家","1"
"冬季下午","郑州东站","1"
"冬季下午","天津医学高等专科学校","1"
"冬季上午","望京","1"
"冬季凌晨","室内步行街(南坪万达广场店)","1"
"冬季下午","广州市白云山风景名胜区","1"
"冬季傍晚","维也纳酒店(深圳国际会展中心西环路店)","1"
"冬季上午","环贸 iAPM","1"
"秋季晚上","百花小区","1"
"秋季下午","两路","1"
"冬季下午","广州塔","1"
"秋季傍晚","深圳会展中心","1"
"秋季上午","武清仁和医院","1"
"冬季中午","观澜(地铁站)","1"
"冬季下午","南开大学校园快递","1"
"秋季凌晨","古城供销","1"
"秋季早上","黄泥塝","1"
"秋季晚上","东营银行","1"
"秋季上午","谷山林场","1"
"秋季傍晚","悦来会展中心","1"
"秋季晚上","新街口(地铁站)","1"
"秋季早上","大庆油田总医院","1"
"秋季晚上","驻马店市第四人民医院","1"
"秋季深夜","佳家花园","1"
"秋季晚上","抚琴(地铁站)","1"
"秋季下午","华北理工大学曹妃甸校区","1"
"秋季下午","中新城上城地下停车场","1"
"秋季早上","谷山林场","1"
"秋季下午","深圳中心公园","1"
"秋季下午","三角洲军马酒(万明里店)","1"
"秋季中午","龙湖重庆时代天街","1"
"秋季下午","汉丰","1"
"秋季中午","中国海洋大学崂山校区","1"
"秋季晚上","乐昌碧桂园","1"
"秋季傍晚","洪崖洞民俗风貌区","1"
"秋季深夜","赣南师范大学","1"
"秋季下午","武汉职业技术学院东区都市丽人服装学院","1"
"秋季傍晚","昌盛大药房万达旅游城店","1"
"秋季早上","五源河体育场","1"
"秋季凌晨","青秀山风景区","1"
"秋季傍晚","太舞度假小镇","1"
"秋季下午","贺龙体育馆","1"
"秋季下午","北京师范大学附属实验中学(北校区)","1"
"秋季上午","天津工大宾馆","1"
"秋季深夜","湖南第一师范学院(东方红校区)","1"
"秋季晚上","郑州市森林公园","1"
"秋季下午","重庆大学城","1"
"秋季深夜","洪崖洞民俗风貌区","1"
"秋季早上","枣庄职业学院","1"
"秋季傍晚","青岛市人民政府","1"
"秋季早上","乐居场小区","1"
"秋季下午","重庆朝天门广场(暂停开放)","1"
"秋季傍晚","杨公堤","1"
"秋季凌晨","瘦西湖风景区-凉亭","1"
"秋季下午","ibp国际会议中心","1"
"秋季中午","盘山","1"
"秋季中午","南昌大学青山湖校区北区","1"
"秋季凌晨","北京市人民政府(旧址)","1"
"秋季晚上","青岛中山公园","1"
"秋季下午","新城公寓","1"
"秋季晚上","万家批发商行","1"
"秋季上午","奥林匹克森林公园","1"
"秋季傍晚","河南省人民医院","1"
"秋季晚上","建国门(地铁站)","1"
"秋季下午","奥林匹克森林公园","1"
"秋季晚上","桐泾公园","1"
"秋季下午","阿里巴巴西溪A区","1"
"秋季晚上","马家浜考古遗址公园","1"
"秋季下午","磁器口古镇","1"
"秋季深夜","北岭山森林公园","1"
"秋季晚上","大理古城","1"
"秋季晚上","广东奥林匹克体育中心","1"
"秋季中午","圣象天门服务中心","1"
"秋季傍晚","万达广场(安阳店)","1"
"秋季下午","深圳华侨城旅游度假区-生态广场","1"
"秋季下午","内蒙古农业大学西校区","1"
"秋季上午","康桥溪山御府","1"
"秋季晚上","成都市高新区","1"
"秋季晚上","大冰的小屋","1"
"秋季傍晚","北京市人民政府(旧址)","1"
"秋季下午","湖北大学(地铁站)","1"
"秋季晚上","照母山森林公园","1"
"秋季中午","上海天然气管网有限公司(华夏西路)","1"
"秋季晚上","蛇口大厦","1"
"秋季下午","宜家家居(上海徐汇商场)","1"
"秋季早上","海底捞外送(金通路店)","1"
"秋季早上","武汉科学技术馆","1"
"秋季上午","观澜版画村版画基地","1"
"秋季早上","万达广场(厚街店)","1"
"秋季下午","重庆西站","1"
"秋季下午","观音岩","1"
"秋季上午","虎丘区","1"
"秋季晚上","王府井购物中心","1"
"秋季晚上","九峰居委会退役军人服务站","1"
"秋季深夜","BAYU CROSSFIT(日月光购物中心店)","1"
"秋季晚上","玄武湖公园","1"
"秋季晚上","桂阳街道(公交站)","1"
"秋季傍晚","杭州师范大学仓前校区","1"
"秋季下午","南京信息工程大学水文气象学院","1"
"秋季下午","成都太古里","1"
"秋季凌晨","国家林业和草原局管理干部学院","1"
"秋季上午","银泰红城(建设中)","1"
"秋季下午","红石湖公园","1"
"秋季下午","茅荆坝森林公园","1"
"秋季傍晚","东圃(地铁站)","1"
"秋季下午","厦门大学思明校区","1"
"秋季上午","欢乐海岸PLUS","1"
"秋季凌晨","解放碑步行街","1"
"秋季早上","西北大学附属中学郭杜校区","1"
"秋季凌晨","广济寺","1"
"秋季晚上","空军特色医学中心南楼停车场","1"
"秋季晚上","旧鼓楼大街","1"
"秋季早上","丽江古城","1"
"秋季深夜","燕郊","1"
"秋季晚上","河南水利与环境职业学院花园路校区","1"
"秋季晚上","国贸(地铁站)","1"
"秋季上午","深圳市少年宫(装修中)","1"
"秋季晚上","古城供销","1"
"秋季晚上","天津市河东区职工大学","1"
"秋季下午","南京艺术学院","1"
"秋季上午","上海南站","1"
"秋季晚上","平遥古城","1"
"秋季下午","朝天门长江大桥","1"
"秋季早上","虎门站","1"
"秋季晚上","山塘街","1"
"秋季晚上","史记记忆火锅(洪崖洞总店)","1"
"秋季下午","宜兰县","1"
"秋季晚上","良乡","1"
"秋季下午","光谷","1"
"秋季早上","良玛装饰","1"
"秋季凌晨","较场口(地铁站)","1"
"秋季上午","中国西部科技创新港陕建指挥部","1"
"秋季凌晨","成都欢乐谷","1"
"秋季晚上","李子坝九宫格火锅(中铁瑞城3号线店)","1"
"秋季下午","鼓楼","1"
"秋季中午","迎泽公园","1"
"秋季上午","葡文书局","1"
"秋季早上","清华大学","1"
"秋季下午","莘庄(地铁站)","1"
"秋季下午","勇卫商务大厦","1"
"秋季下午","西安交通大学兴庆校区","1"
"秋季上午","深圳嘉里中心","1"
"秋季凌晨","聊大花园","1"
"秋季深夜","华中科技大学","1"
"秋季晚上","西塘古镇景区","1"
"秋季晚上","东北财经大学","1"
"秋季凌晨","杭州东站候车区","1"
"秋季晚上","河南大学金明校区","1"
"秋季晚上","复旦大学邯郸校区","1"
"秋季下午","马祖岩村委会","1"
"夏季晚上","广东理工职业学院(中山校区)","1"
"夏季晚上","樊记腊汁肉","1"
"夏季晚上","华南师范大学(广州校区石牌校园)","1"
"夏季下午","贵阳龙洞堡国际机场","1"
"夏季晚上","三元大桥","1"
"夏季深夜","济南西站","1"
"夏季深夜","临汾职业技术学院","1"
"秋季早上","印象欧洲","1"
"秋季上午","三星超市","1"
"夏季下午","西木小区","1"
"秋季下午","华中科技大学","1"
"秋季上午","武汉大学图书馆(总馆)","1"
"秋季早上","洪山礼堂广场","1"
"秋季早上","北京大学","1"
"夏季晚上","瞻园","1"
"夏季晚上","圆明园遗址公园","1"
"夏季傍晚","东街口","1"
"秋季晚上","兰州大学城关校区","1"
"秋季傍晚","浙江农林大学东湖校区","1"
"秋季下午","新城花园(维扬路)","1"
"秋季上午","重庆大学城","1"
"夏季傍晚","鼓浪屿","1"
"秋季凌晨","广西师范大学(雁山校区)","1"
"秋季上午","上海美豪丽致酒店管理有限公司","1"
"秋季上午","武汉大学","1"
"夏季上午","横岗","1"
"夏季上午","平遥古城","1"
"夏季凌晨","喀格图","1"
"夏季晚上","庆隆·海客瀛洲","1"
"夏季晚上","大羊坊收费站(G2京沪高速东南向)","1"
"夏季下午","中国海洋大学崂山校区图书馆","1"
"夏季早上","角门西里七号院","1"
"夏季晚上","十里长街","1"
"夏季下午","外企大厦","1"
"夏季晚上","九华山风景区","1"
"夏季傍晚","东方体育中心(地铁站)","1"
"夏季傍晚","广州图书馆","1"
"夏季晚上","平遥古城","1"
"夏季上午","丽达购物中心","1"
"夏季晚上","百花园小区","1"
"夏季早上","常乐村","1"
"夏季上午","两路口皇冠大扶梯","1"
"夏季下午","正佳广场","1"
"夏季晚上","聊城大学东校区","1"
"夏季深夜","北极村","1"
"夏季下午","翠屏村村民委员会","1"
"夏季傍晚","北京市人民政府(旧址)","1"
"夏季深夜","金科·天湖小镇","1"
"夏季下午","勒泰中心","1"
"夏季下午","龙湖重庆时代天街","1"
"夏季凌晨","思古桥村农产品电商中心","1"
"夏季凌晨","岳各庄村民委员会","1"
"夏季晚上","世界金融中心","1"
"夏季深夜","BouchonBistro·布熊小馆(万达行政公馆店)","1"
"夏季早上","杨柳青","1"
"夏季中午","世茂·世界湾花园","1"
"夏季凌晨","万达广场(厦门湖里店)","1"
"夏季上午","联想总部(北京)园区","1"
"夏季凌晨","弹子石","1"
"夏季凌晨","宜兰县","1"
"夏季凌晨","建林宾馆","1"
"夏季下午","九州家园","1"
"夏季晚上","山东科技大学","1"
"夏季早上","宜兰县","1"
"夏季晚上","恒大华府(寒溪路)","1"
"夏季晚上","漳州站","1"
"夏季傍晚","汇一城","1"
"夏季晚上","外滩99","1"
"夏季晚上","群力","1"
"夏季早上","万达影城(建邺万达广场店)","1"
"夏季上午","创富大厦(大连路)","1"
"夏季凌晨","岳都海景公寓","1"
"夏季凌晨","玉舍收费站(G56杭瑞高速出口)","1"
"夏季凌晨","郑州大学","1"
"夏季中午","万达广场(大庆萨尔图店)","1"
"夏季深夜","澳海·澜庭","1"
"夏季下午","中山陵景区","1"
"夏季傍晚","吉联MALL","1"
"夏季中午","大石(地铁站)","1"
"夏季下午","龙屯立交桥","1"
"夏季上午","东方明珠广播电视塔(公交站)","1"
"夏季上午","太阳宫村","1"
"夏季上午","光谷","1"
"夏季晚上","东山","1"
"夏季晚上","公明充电","1"
"夏季凌晨","重庆江北国际机场","1"
"夏季下午","李子坝村村民委员会","1"
"夏季深夜","北京站","1"
"夏季晚上","香港(广东道)","1"
"夏季傍晚","山东科技大学","1"
"夏季晚上","浦沿(地铁站)","1"
"夏季傍晚","中基宁波集团","1"
"夏季晚上","中国科学院西双版纳热带植物园","1"
"夏季晚上","武汉大学","1"
"夏季下午","天府广场","1"
"夏季晚上","河南科技学院图书馆","1"
"夏季深夜","湖滨步行街","1"
"夏季晚上","北京朝阳合生汇","1"
"夏季傍晚","大连医科大学","1"
"夏季上午","西安烤面筋","1"
"夏季中午","星光耀","1"
"夏季上午","兰州大学第二医院本部","1"
"夏季上午","昌乐县中医院","1"
"夏季下午","盐田港","1"
"夏季下午","豹澥街道社区居委会","1"
"夏季凌晨","里耶古城遗址(装修中)","1"
"夏季晚上","国贸(地铁站)","1"
"夏季下午","姜山路","1"
"夏季晚上","滨河路","1"
"夏季早上","银河大酒店","1"
"夏季深夜","大同大学(御东校区南校区)","1"
"夏季傍晚","观音桥","1"
"夏季下午","贵阳阿哈湖国家湿地公园-杜鹃花谷","1"
"夏季晚上","农科院社区居委会","1"
"夏季晚上","百姓家经济酒店","1"
"夏季晚上","白马公园","1"
"夏季中午","万科时一区","1"
"夏季上午","成都新城旅馆","1"
"夏季晚上","西善桥","1"
"夏季下午","西安北站","1"
"夏季晚上","伏羲路步行街","1"
"夏季下午","中关村雍和航星科技园","1"
"夏季深夜","新港西路","1"
"夏季深夜","古城供销","1"
"夏季傍晚","江汉路(地铁站)","1"
"夏季上午","北京首都国际机场","1"
"夏季深夜","上新街索道站(索道站)","1"
"夏季晚上","津南新城(公交站)","1"
"夏季深夜","平江路","1"
"夏季晚上","山城饭局·市井江湖菜(南坪万达店)","1"
"夏季晚上","阳光水岸度假村","1"
"夏季晚上","宜兰县","1"
"夏季上午","四川省体育馆","1"
"夏季晚上","广安高新区创新创业服务中心","1"
"夏季晚上","七星岗(地铁站)","1"
"夏季上午","黄果树大厦","1"
"夏季上午","盛普轮胎(京怀汽配城)前置仓","1"
"夏季下午","龙华(地铁站)","1"
"夏季下午","洪山广场","1"
"夏季中午","温州商贸城(青年街)","1"
"夏季下午","重庆北站","1"
"夏季凌晨","洪崖洞民俗风貌区","1"
"春季深夜","大学城馨园","1"
"春季晚上","杭州师范大学下沙校区","1"
"春季中午","香港国际机场","1"
"夏季上午","解放碑步行街","1"
"春季下午","长安广场(地铁站)","1"
"春季中午","杏花公园","1"
"春季傍晚","北京南站","1"
"夏季上午","新乡市宏达卫材有限公司","1"
"春季晚上","石岩汽车站","1"
"春季傍晚","华信街红磡(北)渡轮码头(轮渡站)","1"
"春季中午","东方绿舟","1"
"春季下午","龙湖重庆春森星悦荟","1"
"春季早上","杭州西湖风景名胜区苏堤","1"
"春季上午","上海国金中心商场","1"
"夏季上午","郑州东站","1"
"春季晚上","包公园","1"
"春季晚上","绿都·塞纳春天","1"
"春季下午","重庆大学城","1"
"春季深夜","梵净山风景区","1"
"春季晚上","上新街索道站(索道站)","1"
"春季上午","新街口步行街","1"
"春季晚上","莘城公寓","1"
"春季上午","山东药品食品职业学院","1"
"春季晚上","徐州市贾汪区人民医院","1"
"春季晚上","金色康城","1"
"春季下午","英利大融城","1"
"春季晚上","山东(青岛国际会展中心)","1"
"春季傍晚","汉峪金谷","1"
"春季凌晨","较场口(地铁站)","1"
"春季早上","北园居住小区","1"
"春季傍晚","如家商旅(意大利风情街店)停车场(入口)","1"
"春季下午","杭州西湖风景名胜区苏堤","1"
"春季凌晨","长安粘胶","1"
"春季下午","山东理工大学","1"
"春季中午","新兴宾馆(普惠西街)","1"
"春季傍晚","世纪汇广场(商场)","1"
"春季下午","南浔古镇","1"
"春季下午","福建农林大学(金山校区)","1"
"春季下午","青岛路","1"
"春季下午","洪崖洞夜市街区","1"
"春季下午","群力","1"
"春季上午","长江大桥","1"
"春季深夜","成都杜甫草堂博物馆","1"
"春季晚上","清濛村委会","1"
"春季深夜","两路口(地铁站)","1"
"春季深夜","环市北河大桥","1"
"春季深夜","武汉大学","1"
"春季晚上","神武门(公交站)","1"
"春季晚上","圆明园遗址公园","1"
"春季晚上","小寨村村委会","1"
"春季晚上","革新路","1"
"春季下午","林湖别墅","1"
"春季早上","山东师范大学长清湖校区","1"
"春季上午","星巴克(深圳阿里中心店)","1"
"春季晚上","中山路步行街","1"
"春季下午","金港国际","1"
"春季下午","七星岗(地铁站)","1"
"春季下午","山东中医药高等专科学校","1"
"春季下午","青铜山","1"
"春季下午","大连工业大学","1"
"春季下午","南宁中房","1"
"春季下午","青年路中(公交站)","1"
"春季晚上","武夷学院","1"
"春季下午","东原中心写字楼","1"
"春季下午","乐山大道","1"
"春季上午","毛许路","1"
"春季下午","上海龙之梦大酒店","1"
"春季下午","万象城","1"
"春季下午","海淀黄庄(地铁站)","1"
"春季傍晚","石家庄市北高营小学","1"
"春季上午","创维大厦","1"
"春季中午","厦门高崎国际机场","1"
"春季凌晨","漓江景区竹筏游览售票处","1"
"春季上午","吴淞","1"
"春季上午","东张门村卫生所","1"
"春季上午","无锡东站","1"
"春季中午","河北医科大学中山校区","1"
"春季上午","吉林大学前卫南区","1"
"春季凌晨","珠江新城","1"
"春季傍晚","郑州市金水区人民法院","1"
"春季下午","南山公园","1"
"春季上午","东莞市横沥人民医院","1"
"春季傍晚","灵峰商业步行街","1"
"春季下午","苏州站","1"
"春季晚上","中国传媒大学","1"
"春季晚上","临江门(地铁站)","1"
"春季深夜","九龙国家湿地公园","1"
"春季凌晨","潮宗御苑","1"
"春季晚上","观音桥","1"
"春季下午","古塔镇人民政府","1"
"春季晚上","杜浔镇人民政府","1"
"春季晚上","商颂大街","1"
"春季傍晚","美年大健康体检中心(莆田分院)","1"
"春季傍晚","洗耳河","1"
"春季下午","后厂村路","1"
"春季上午","四川大学望江校区","1"
"春季下午","古牧地镇人民政府","1"
"春季中午","狮山镇人民政府","1"
"春季早上","中南民族大学","1"
"春季晚上","南通职业大学","1"
"春季晚上","董公寺社区卫生服务中心","1"
"春季下午","少陵路","1"
"春季下午","中渝·滨江壹号","1"
"春季下午","邙山","1"
"春季下午","老牌柳来香螺蛳粉(星湖路店)","1"
"春季下午","佛山市顺德区容桂街道(社保分厅)","1"
"春季下午","巨甸派出所","1"
"春季中午","北京西站南广场","1"
"春季凌晨","室内步行街(南坪万达广场店)","1"
"春季凌晨","迎春南苑","1"
"春季凌晨","古城供销","1"
"春季晚上","小红门","1"
"春季下午","凌南路","1"
"春季凌晨","惠东巽寮湾咸泉庄园度假酒店","1"
"春季中午","风尚锐体智慧健身空间(海上明月店)","1"
"春季晚上","湖南科技大学","1"
"春季下午","凤凰南华门山庄","1"
"春季下午","卢龙服务区","1"
"春季上午","狮子山街","1"
"春季深夜","圆明园遗址公园","1"
"春季晚上","西山小区一期","1"
"春季晚上","福清站","1"
"春季晚上","上海植物园","1"
"春季晚上","东方红广场","1"
"春季上午","巨甸派出所","1"
"春季早上","青岛北站","1"
"春季晚上","金光综艺馆","1"
"春季下午","南京信息工程大学滨江学院","1"
"春季下午","江南西(地铁站)","1"
"春季上午","天津市滨海新区大沽街道总工会","1"
"春季晚上","鼓浪屿","1"
"春季晚上","珠江家园","1"
"春季晚上","钟村","1"
"春季晚上","西城名都","1"
"春季傍晚","汾河公园","1"
"春季下午","平遥古城","1"
"春季晚上","南京大学鼓楼校区","1"
"春季下午","化龙桥(地铁站)","1"
"春季上午","临西五路","1"
"春季下午","上海交通大学医学院附属瑞金医院卢湾分院","1"
"春季中午","田子坊","1"
"春季下午","广园立交桥","1"
"春季中午","龙华(地铁站)","1"
"春季凌晨","南昌大桥","1"
"春季下午","西南大学(北碚校区)","1"
"春季上午","杭州市临平区临平第一中学(望梅校区)","1"
"春季晚上","华东人家","1"
"春季深夜","临沂大学","1"
"春季晚上","两路口(地铁站)","1"
"春季傍晚","新街口豁口(公交站)","1"
"春季傍晚","济南世购商贸广场","1"
"春季晚上","成都高新技术产业开发区","1"
"春季凌晨","上海市普陀区人民医院","1"
"春季上午","花梨坎(地铁站)","1"
"春季晚上","杭州石上石材护理有限公司","1"
"春季傍晚","古城街","1"
"春季晚上","室内步行街(南坪万达广场店)","1"
"春季下午","天宫殿小区","1"
"春季上午","聚鑫祥殡葬服务站","1"
"春季下午","滨江道步行街","1"
"春季深夜","印刷宿舍大院","1"
"春季下午","京华城","1"
"春季上午","山东师范大学长清湖校区","1"
"春季下午","重庆北站","1"
"春季下午","马连道路","1"
"春季上午","沙滨路","1"
"春季上午","光谷","1"
"春季傍晚","海港城(港威商场)","1"
"春季晚上","将军大道","1"
"春季下午","万科上东区","1"
"春季上午","苏宁广场","1"
"春季晚上","橡树湾","1"
"春季下午","观前街","1"
"春季下午","广东现代国际展览中心","1"
"春季晚上","永泰(地铁站)","1"
"春季晚上","昭君路","1"
"春季中午","吉林市龙潭区人民政府","1"
"春季晚上","大雁塔","1"
"春季晚上","秦淮河风光带","1"
"冬季下午","BAYU CROSSFIT(日月光购物中心店)","1"
"冬季深夜","九龙城(新华东路)","1"
"冬季晚上","大王村民委员会","1"
"冬季下午","郑州大学第一附属医院(河医院区)","1"
"春季下午","七一北路","1"
"春季下午","玉沙京华城(公交站)","1"
"春季下午","龙架山","1"
"春季上午","山城饭局·市井江湖菜(南坪万达店)","1"
"冬季晚上","春熙路","1"
"冬季晚上","辽阳万达广场(童)","1"
"冬季下午","宜兰县","1"
"冬季晚上","万达广场(厦门湖里店)","1"
"冬季下午","世界金龙大厦","1"
"冬季中午","解放碑步行街","1"
"冬季深夜","龙洲湾商街","1"
"冬季下午","香港(广东道)","1"
"冬季下午","大雁塔","1"
"冬季中午","梧田街","1"
"冬季上午","巴林左旗中蒙医院","1"
"冬季下午","鼓浪屿","1"
"冬季晚上","福州市江镜华侨经济开发区","1"
"冬季深夜","中山路","1"
"冬季傍晚","大沥镇人民政府","1"
"冬季傍晚","北京市人民政府(旧址)","1"
"冬季凌晨","洪崖洞民俗风貌区","1"
"冬季晚上","武汉软件新城","1"
"冬季晚上","中央复兴里","1"
"冬季深夜","三里屯太古里","1"
"冬季傍晚","玻璃钢研究院(公交站)","1"
"冬季下午","杭州东站候车区","1"
"冬季中午","广州(天河南步行街店)","1"
"冬季深夜","丽江古城博物院-木府","1"
"冬季晚上","威尼斯酒店","1"
"冬季晚上","金储村村民委员会","1"
"冬季凌晨","庐山国家级旅游风景名胜区","1"
"冬季凌晨","岳麓山","1"
"冬季深夜","北京路步行街","1"
"冬季晚上","海淀黄庄(地铁站)","1"
"夏季下午","琶洲(地铁站)","1"
"夏季傍晚","旺角东(地铁站)","1"
"夏季傍晚","成都东站","1"
"夏季傍晚","新街口(地铁站)","1"
"夏季下午","鼓楼医院","1"
"夏季晚上","广州地铁新造车辆段","1"
"夏季晚上","新街口住宅B区","1"
"夏季下午","成都中医药大学温江校区","1"
"夏季晚上","惠新西街","1"
"夏季晚上","飞虹桥","1"
"夏季早上","电子科技大学清水河校区","1"
"夏季傍晚","北京市海淀区行政服务大厅","1"
"夏季晚上","世纪汇广场(商场)","1"
"夏季晚上","布吉(地铁站)","1"
"夏季下午","新街镇工业园区","1"
"夏季傍晚","新街镇工业园区","1"
"夏季下午","北京市海淀区科学技术协会","1"
"夏季下午","虹桥(地铁站)","1"
"夏季下午","陕西历史博物馆","1"
"夏季上午","天府公园","1"
"夏季傍晚","徐家棚(地铁站)","1"
"夏季下午","广州东站","1"
"夏季下午","西二旗(地铁站)","1"
"夏季中午","农讲所(地铁站)","1"
"夏季早上","闽赣加油站(建设中)","1"
"夏季上午","陶然亭公园","1"
"夏季上午","中国地质大学(西区)","1"
"夏季深夜","徐家汇车辆城","1"
"夏季凌晨","南京南站南广场","1"
"夏季上午","阜埠河(地铁站)","1"
"夏季早上","新站区","1"
"夏季下午","人民广场(公交站)","1"
"夏季晚上","立水桥(地铁站)","1"
"夏季下午","清河站","1"
"夏季深夜","石油路","1"
"夏季晚上","华南国家植物园","1"
"春季上午","北大街","1"
"夏季凌晨","新街口(地铁站)","1"
"夏季中午","十八梯茶楼(熊猫公馆店)","1"
"夏季上午","望京村(公交站)","1"
"夏季下午","时尚天河商业广场","1"
"夏季下午","上海人民广场","1"
"夏季中午","虹桥","1"
"夏季傍晚","国贸(地铁站)","1"
"夏季下午","人民广场(地铁站)","1"
"春季晚上","黄木岗(地铁站)","1"
"夏季上午","金钟村党员活动室","1"
"春季傍晚","西单","1"
"夏季上午","徐家汇","1"
"春季傍晚","新街镇工业园区","1"
"春季下午","天府广场(地铁站)","1"
"春季中午","赤峰路(地铁站)","1"
"春季上午","北京市人民政府(旧址)","1"
"春季下午","国家会展中心(上海)","1"
"春季晚上","白马商贸大厦","1"
"春季下午","青岛北站","1"
"春季上午","西直门(地铁站)","1"
"春季下午","车公庙(地铁站)","1"
"春季中午","秣周东路(地铁站)","1"
"春季上午","吉林省中医药科学院第一临床医院","1"
"春季上午","重庆西站","1"
"春季深夜","南京站(地铁站)","1"
"春季晚上","西二旗(地铁站)","1"
"春季上午","沙坪坝","1"
"春季中午","车公庙(地铁站)","1"
"春季上午","新街镇工业园区","1"
"春季中午","上海虹桥站","1"
"春季中午","北京市海淀区行政服务大厅","1"
"春季下午","四川财经职业学院","1"
"春季深夜","厦门站","1"
"春季深夜","五一广场(建设中)","1"
"春季晚上","杭州东站候车区","1"
"春季早上","金钟村党员活动室","1"
"春季中午","徐家汇车辆城","1"
"春季晚上","飞虹桥","1"
"春季晚上","上海市杨浦区四平街道敬老院","1"
"春季晚上","西直门(地铁站)","1"
"春季晚上","新街口住宅B区","1"
"春季晚上","南京德基广场","1"
"春季下午","万象影城(庐阳万象汇LUXE店)","1"
"春季傍晚","冉家湾大桥","1"
"春季中午","北京南站","1"
"春季上午","虹桥街道办事处","1"
"春季上午","金鹰国际购物中心(新街口店)","1"
"春季上午","天府广场","1"
"春季晚上","上海科技馆(装修中)","1"
"春季晚上","岗厦北(地铁站)","1"
"春季下午","杭州东站候车区","1"
"春季中午","宁夏海原县新宇晟枸杞专业合作社","1"
"春季下午","西九龙地产","1"
"春季中午","南京市秦淮区夫子庙街道办事处","1"
"春季早上","钟楼(地铁站)","1"
"春季下午","岗厦北(地铁站)","1"
"春季早上","徐家棚桥","1"
"春季晚上","宝能城","1"
"春季傍晚","光谷广场","1"
"春季上午","钟楼(地铁站)","1"
"春季深夜","徐家棚(地铁站)","1"
"春季晚上","南湖公园","1"
"春季上午","厦门北站","1"
"春季晚上","江东客运站","1"
"春季中午","龙翔桥(地铁站)","1"
"春季下午","钱塘市民中心","1"
"春季下午","City Hall Marriage Registry","1"
"春季下午","上海月星环球港","1"
"春季晚上","宝龙广场-兴元(宝龙城市广场南区B店)","1"
"春季下午","招商花园城-POP MART(高新招商花园城北区店)","1"
"春季晚上","桔子水晶西安钟楼酒店","1"
"春季中午","国贸(地铁站)","1"
"春季下午","凤起路","1"
"春季下午","杭州西湖风景名胜区-汪宅","1"
"春季上午","六沟镇人民政府","1"
"春季晚上","新街镇工业园区","1"
"春季晚上","西单","1"
"春季傍晚","西溪国家湿地公园洪园","1"
"春季凌晨","岗厦(地铁站)","1"
"春季晚上","德政园","1"
"春季上午","王家湾(地铁站)","1"
"春季晚上","春熙路","1"
"春季下午","新街口住宅B区","1"
"春季下午","前海集翔","1"
"春季晚上","兴东小区","1"
"春季早上","南京站(地铁站)","1"
"春季早上","南京南站南广场","1"
"春季下午","良渚","1"
"春季晚上","武林广场","1"
"春季晚上","北京市海淀区行政服务大厅","1"
"春季上午","天津站(地铁站)","1"
"春季上午","北京西站南广场","1"
"春季晚上","钟楼(地铁站)","1"
"春季上午","宝龙同乐(地铁站)","1"
"冬季傍晚","贡茶(龙翔学校店)","1"
"冬季傍晚","南京西路(地铁站)","1"
"春季下午","十里河","1"
"春季下午","梦恋衣坊(金都大厦店)","1"
"春季下午","湖北中医药大学昙华林校区","1"
"冬季晚上","中国科学院上海药物研究所","1"
"春季傍晚","万家丽国际购物广场","1"
"冬季晚上","新街口住宅B区","1"
"春季下午","广州南站","1"
"春季傍晚","大雁塔","1"
"春季上午","合肥站","1"
"春季下午","奥克斯广场","1"
"冬季下午","三阳路","1"
"春季上午","广州地铁新造车辆段","1"
"冬季深夜","福鑫珠宝(富强路店)","1"
"冬季晚上","番禺广场(地铁站)","1"
"冬季下午","静安寺(地铁站)","1"
"冬季晚上","黄木岗","1"
"冬季上午","越秀公园","1"
"冬季晚上","新街口步行街","1"
"冬季晚上","重庆西站","1"
"冬季傍晚","南山(地铁站)","1"
"冬季下午","洪山广场","1"
"冬季下午","长沙银盆岭万达广场","1"
"冬季上午","九亭(地铁站)","1"
"冬季早上","上海人民广场","1"
"冬季晚上","新街镇工业园区","1"
"冬季晚上","番禺广场","1"
"冬季上午","螃蟹岬(地铁站)","1"
"冬季下午","五大道文化旅游区","1"
"冬季上午","新街镇工业园区","1"
"冬季上午","龙阳路","1"
"冬季早上","蒙特利","1"
"冬季下午","北京西站","1"
"冬季下午","人民广场(地铁站)","1"
"冬季下午","冉家坝(地铁站)","1"
"冬季下午","国大城市广场","1"
"冬季早上","海淀黄庄(地铁站)","1"
"冬季下午","西安站","1"
"冬季下午","中环(徐汇)绿廊","1"
"冬季下午","大沙地(地铁站)","1"
"冬季早上","深圳宝安国际机场","1"
"冬季傍晚","天河南(地铁站)","1"
"冬季中午","北大街","1"
"冬季下午","中南大学湘雅医院","1"
"冬季下午","上海世茂广场","1"
"冬季晚上","桔子水晶西安钟楼酒店","1"
"冬季晚上","西安站","1"
"冬季晚上","北京大栅栏","1"
"冬季下午","虎泉山庄","1"
"冬季上午","沙坪坝","1"
"冬季早上","民族大道","1"
"冬季中午","杭州东站候车区","1"
"冬季深夜","五角场","1"
"冬季上午","武陟医院","1"
"冬季深夜","新街口住宅B区","1"
"冬季下午","美好居","1"
"冬季凌晨","重庆西站","1"
"冬季凌晨","万象城","1"
"冬季晚上","郑州东站","1"
"冬季下午","黑龙江省医院香坊院区","1"
"冬季下午","珠江新城","1"
"冬季中午","洪山广场","1"
"冬季傍晚","岗厦北(地铁站)","1"
"春季下午","百望山森林公园","1"
"春季晚上","海口人民公园","1"
"夏季下午","淄博市植物园","1"
"夏季晚上","天河公园","1"
"夏季深夜","西涌旅游度假区","1"
"夏季晚上","南湖公园","1"
"夏季晚上","云龙公园","1"
"夏季上午","越秀公园","1"
"夏季晚上","滏阳公园","1"
"夏季上午","银河歌城KTV","1"
"夏季早上","湟水","1"
"夏季傍晚","紫阳湖公园站自行车租赁点","1"
"夏季下午","航空公园","1"
"夏季晚上","七星景区","1"
"夏季晚上","湖州儿童公园","1"
"夏季上午","雁鸣湖镇政府","1"
"夏季晚上","乾荣世纪公园","1"
"夏季晚上","张公山公园","1"
"夏季下午","成都杜甫草堂博物馆","1"
"夏季晚上","十八湾湿地公园","1"
"夏季晚上","中山公园","1"
"夏季下午","十八湾湿地公园","1"
"夏季傍晚","中国科学院西双版纳热带植物园(昆明分部)","1"
"夏季上午","白沙","1"
"夏季早上","常乐小区","1"
"夏季晚上","头屯河谷森林公园地面停车场(出入口)","1"
"夏季傍晚","观山湖公园","1"
"夏季早上","西溪国家湿地公园","1"
"春季深夜","大岭山森林公园","1"
"春季晚上","越秀公园","1"
"春季晚上","虞山国家森林公园","1"
"春季晚上","十八湾湿地公园","1"
"春季傍晚","黄山鲁森林公园","1"
"春季下午","雨山湖公园","1"
"春季傍晚","照母山森林公园","1"
"夏季凌晨","辽河公园","1"
"春季傍晚","锡惠公园(惠河路)(公交站)","1"
"春季凌晨","阳明公园","1"
"春季凌晨","深圳市民中心","1"
"春季晚上","世纪公园","1"
"春季傍晚","朝阳公园","1"
"春季晚上","北坞公园","1"
"春季晚上","柳侯公园","1"
"春季晚上","迎泽公园","1"
"春季中午","首都师范大学","1"
"春季早上","郑州市万山森林公园","1"
"春季早上","湛园海德公园","1"
"春季深夜","朝阳公园","1"
"春季深夜","桂林村村民委员会","1"
"春季晚上","天河公园","1"
"春季晚上","沈阳万象城","1"
"春季晚上","北山公园","1"
"春季晚上","郑州市人民公园","1"
"春季深夜","花园路","1"
"春季上午","港湾广场(地铁站)","1"
"春季下午","泡桐树中学百仁校区","1"
"春季上午","朝阳公园","1"
"春季早上","成都杜甫草堂博物馆","1"
"春季上午","西流湖公园","1"
"春季凌晨","武汉商务区站商业街","1"
"春季下午","青海弘大(公交站)","1"
"春季深夜","前滩","1"
"春季晚上","青岛太平角公园","1"
"春季晚上","天坛公园","1"
"春季下午","龙江世纪","1"
"春季凌晨","市民公园","1"
"春季晚上","北湖公园","1"
"春季晚上","泉城公园","1"
"春季下午","赤山湖国家湿地公园","1"
"春季晚上","马跑泉公园","1"
"春季晚上","虞山公园","1"
"春季深夜","镇海寺郊野公园","1"
"春季晚上","艾溪湖森林湿地公园","1"
"春季晚上","七寨湖公园","1"
"春季晚上","碧湖镇人民政府","1"
"春季上午","三角公园","1"
"春季下午","西湖李家实业发展有限公司","1"
"春季深夜","清凉山森林公园","1"
"春季下午","杜仲公园","1"
"春季傍晚","西溪公园","1"
"春季中午","中山公园","1"
"春季凌晨","三一堂","1"
"春季晚上","陈家祠社区居民委员会","1"
"春季晚上","红山公园","1"
"春季晚上","朝阳公园","1"
"春季凌晨","朝阳公园","1"
"春季晚上","重庆市潼南区新胜镇盘山村退役军人服务站","1"
"春季下午","门城湖","1"
"春季深夜","青龙湖湿地公园","1"
"春季中午","拙政园","1"
"春季深夜","南海子公园","1"
"春季下午","黄江梅塘烈士公园","1"
"春季下午","中山公园","1"
"春季上午","顾村公园","1"
"春季上午","中坝(地铁站)","1"
"春季晚上","现代森林花园","1"
"春季傍晚","七寨湖公园","1"
"春季深夜","玄武湖公园","1"
"春季下午","乌苏市森林公园","1"
"春季下午","泉城公园","1"
"春季下午","鲁迅公园","1"
"春季傍晚","大明宫国家遗址公园","1"
"春季下午","花城广场","1"
"春季晚上","南海子公园","1"
"春季晚上","奥林匹克森林公园北园","1"
"春季上午","秦皇岛森林体育公园","1"
"冬季深夜","和平公园","1"
"冬季下午","无锡锡惠公园售票处","1"
"冬季凌晨","石湾公园","1"
"冬季晚上","常州新城·桃李郡","1"
"冬季晚上","花溪公园","1"
"冬季晚上","荔林公园","1"
"冬季晚上","杨浦大桥出口(五洲大道东向)","1"
"冬季下午","滨湖公园","1"
"冬季下午","慕士塔格冰川公园","1"
"冬季深夜","天河公园","1"
"冬季凌晨","香山公园","1"
"冬季下午","文祠东路","1"
"冬季深夜","厦门白鹭洲公园","1"
"冬季下午","文化公园(公交站)","1"
"冬季下午","富阳区城市森林公园","1"
"冬季下午","十二生肖公园","1"
"冬季晚上","仙女山国家森林公园","1"
"冬季上午","乌苏市森林公园","1"
"冬季上午","五指山","1"
"冬季凌晨","观山湖公园","1"
"冬季上午","铁路公园","1"
"冬季傍晚","羊角山森林公园","1"
"冬季下午","宝安公园","1"
"冬季下午","中山公园","1"
"冬季下午","羊山公园","1"
"冬季凌晨","东湖","1"
"冬季下午","大雁山","1"
"冬季上午","苏州丝绸博物馆","1"
"冬季晚上","徐家汇车辆城","1"
"冬季上午","厦门大桥","1"
"冬季傍晚","朝阳公园","1"
"冬季下午","包河大道","1"
"冬季上午","神仙湾","1"
"冬季早上","湛园海德公园","1"
"秋季中午","南京老山国家森林公园","1"
"秋季上午","长风公园","1"
"秋季傍晚","世纪汇小区","1"
"秋季中午","双女石公园","1"
"秋季下午","仙岳公园","1"
"秋季下午","南湖公园","1"
"秋季傍晚","神山公园","1"
"秋季凌晨","八大处公园","1"
"秋季深夜","姜山湿地","1"
"秋季上午","青岛胶州湾隧道","1"
"秋季晚上","人民东路","1"
"秋季晚上","清凉山森林公园","1"
"秋季上午","厉厉茶·新烈士陵园店","1"
"秋季下午","朝阳公园","1"
"秋季晚上","惠山国家森林公园","1"
"秋季深夜","绿心公园","1"
"冬季上午","奥林匹克花园2期停车场(出入口)","1"
"夏季中午","上海浦东国际机场","1"
"夏季中午","丰荷山","1"
"夏季下午","北京大兴国际机场建设指挥部","1"
"夏季下午","天府永汇","1"
"夏季下午","胶东街道办事处","1"
"夏季深夜","天府永汇","1"
"夏季晚上","机场城市大道","1"
"夏季早上","深圳宝安国际机场","1"
"夏季深夜","上海浦东国际机场","1"
"春季上午","重庆江北国际机场T2A航站楼","1"
"春季凌晨","北京首都国际机场3号航站楼","1"
"春季晚上","杭州萧山国际机场","1"
"春季晚上","方兴大道与机场高速出口交叉口","1"
"春季深夜","厦门高崎国际机场","1"
"春季傍晚","青岛胶东国际机场","1"
"春季早上","深圳宝安国际机场","1"
"春季下午","北京大兴国际机场","1"
"春季早上","成都天府国际机场","1"
"春季上午","天府永汇","1"
"春季上午","四川省犍为县大兴镇梧桐村退役军人服务站","1"
"春季晚上","元朗中心","1"
"春季晚上","天府永汇","1"
"春季下午","S3501大兴机场高速","1"
"春季中午","北京大兴国际机场建设指挥部","1"
"春季晚上","空港市场","1"
"春季下午","深圳宝安国际机场","1"
"春季深夜","广州白云国际机场","1"
"春季晚上","广州东站","1"
"春季凌晨","盘龙江游船售票厅","1"
"春季早上","香港国际机场","1"
"春季下午","成都天府国际机场","1"
"春季上午","大雄宝殿","1"
"春季上午","天津滨海国际机场","1"
"春季下午","上海虹桥机场(公交站)","1"
"春季早上","广州白云国际机场","1"
"春季下午","济南鲁能希尔顿酒店及公寓","1"
"春季上午","瓦岗镇人民政府","1"
"春季上午","郑州新郑国际机场","1"
"春季凌晨","深圳宝安国际机场","1"
"春季深夜","上海虹桥国际机场","1"
"冬季下午","五道口(地铁站)","1"
"冬季傍晚","天津滨海国际机场","1"
"冬季早上","北京首都国际机场3号航站楼","1"
"冬季下午","广州白云国际机场","1"
"春季早上","北京西站","1"
"冬季深夜","海口美兰国际机场","1"
"冬季晚上","虹桥街道办事处","1"
"冬季晚上","惠州平潭机场","1"
"冬季凌晨","上海虹桥站","1"
"冬季傍晚","广州白云国际机场店","1"
"冬季下午","南京禄口国际机场","1"
"冬季下午","图云关隧道","1"
"冬季下午","杭州萧山国际机场","1"
"冬季下午","方兴大道与机场高速出口交叉口","1"
"冬季上午","厦门高崎国际机场","1"
"冬季晚上","吉林市公安局吉林经济技术开发区分局机场派出所哨口村警务室","1"
"冬季下午","天府永汇","1"
"冬季凌晨","天府永汇","1"
"冬季深夜","武汉天河国际机场","1"
"冬季深夜","北京首都国际机场3号航站楼","1"
"冬季凌晨","杭州萧山国际机场","1"
"秋季傍晚","岗厦(地铁站)","1"
"秋季下午","石家庄正定国际机场","1"
"秋季下午","海口美兰国际机场","1"
"秋季晚上","机场(地铁站)","1"
"秋季傍晚","上海浦东国际机场","1"
"秋季下午","北京大兴国际机场","1"
"秋季中午","新洲大桥","1"
"秋季下午","西安咸阳国际机场","1"
"秋季深夜","北京首都国际机场3号航站楼","1"
"秋季晚上","沈阳桃仙国际机场","1"
"秋季下午","南京禄口国际机场","1"
"秋季凌晨","海口美兰国际机场","1"
"夏季上午","广州白云国际机场","1"
"夏季凌晨","北京首都国际机场3号航站楼","1"
"夏季下午","兰州中川国际机场有限公司","1"
"夏季晚上","北新桥(地铁站)","1"
"夏季晚上","成都天府国际机场","1"
"秋季凌晨","青岛胶东国际机场","1"
"夏季晚上","S3501大兴机场高速","1"
"夏季凌晨","贵阳龙洞堡国际机场","1"
"夏季凌晨","武汉港","1"
"夏季上午","成都天府国际机场","1"
"夏季下午","厦门高崎国际机场","1"
"夏季下午","成都双流国际机场","1"
"夏季下午","青岛胶东国际机场","1"
"夏季晚上","重庆江北国际机场","1"
"夏季上午","南京禄口国际机场","1"
"春季下午","咸阳北客站(公交站)","1"
"春季上午","广州南站","1"
"春季傍晚","机场(地面运输中心)(公交站)","1"
"春季深夜","泉州晋江国际机场","1"
"春季傍晚","安慧桥","1"
"春季深夜","三元桥与S12机场高速交叉口","1"
"春季下午","潮汕机场城市候机楼","1"
"冬季早上","广州白云国际机场","1"
"冬季早上","哈尔滨太平国际机场","1"
"冬季下午","中华世纪坛","1"
"冬季下午","重庆万象城","1"
"冬季晚上","广州白云国际机场","1"
"冬季下午","海口美兰国际机场","1"
"冬季深夜","重庆江北国际机场","1"
"冬季晚上","台北四村","1"
"冬季凌晨","北京大兴国际机场建设指挥部","1"
"冬季晚上","南京禄口国际机场","1"
"冬季中午","上海浦东国际机场","1"
"冬季上午","北京首都国际机场3号航站楼","1"
"冬季晚上","银川河东国际机场","1"
"冬季早上","天通苑学校","1"
"秋季晚上","浦沿(地铁站)","1"
"秋季傍晚","南村万博(地铁站)","1"
"秋季上午","白云机场北站","1"
"秋季早上","重庆江北国际机场","1"
"秋季下午","遂城街道办事处","1"
"秋季晚上","天津滨海国际机场","1"
"秋季深夜","郑州东站","1"
"秋季下午","杭州东站候车区","1"
"秋季晚上","深圳宝安国际机场","1"
"秋季下午","成都天府国际机场","1"
"秋季深夜","青岛胶东国际机场","1"
"夏季傍晚","青岛胶东国际机场","1"
"夏季下午","上海虹桥机场(公交站)","1"
"夏季上午","青岛胶东国际机场","1"
"夏季晚上","青岛胶东国际机场","1"
"夏季下午","合肥新桥国际机场","1"
"夏季下午","战华路与G4216蓉丽高速入口交叉口","1"
"夏季早上","北京大兴国际机场工作区","1"
"夏季早上","杭州萧山国际机场","1"
"夏季下午","北京首都国际机场3号航站楼","1"
"夏季晚上","兰州中川国际机场有限公司","1"
"夏季晚上","太原武宿国际机场","1"
"夏季下午","黄陂立交桥","1"
"夏季中午","郑州新郑国际机场","1"
"夏季深夜","北京首都国际机场T3-C航站楼侯机区","1"
"夏季深夜","重庆江北国际机场","1"
"夏季凌晨","上海虹桥国际机场","1"
"夏季深夜","厦门市安兜小学","1"
"夏季下午","机场高速入口(东向)","1"
"春季晚上","G8511昆磨高速","1"
"春季傍晚","佛山沙堤机场","1"
"春季深夜","上海虹桥国际机场2号航站楼","1"
"春季凌晨","西安咸阳国际机场","1"
"春季下午","北京首都国际机场","1"
"春季下午","深圳机场站","1"
"春季下午","丽江古城","1"
"春季早上","上海虹桥国际机场2号航站楼","1"
"春季下午","太原南站","1"
"春季早上","广园路","1"
"春季傍晚","昆明长水国际机场","1"
"春季晚上","北京大兴国际机场建设指挥部","1"
"春季下午","南京禄口国际机场","1"
"春季下午","上海虹桥国际机场2号航站楼","1"
"春季傍晚","上海虹桥国际机场","1"
"春季下午","郑州新郑国际机场","1"
"春季深夜","重庆江北国际机场","1"
"春季下午","南昌西收费站(南昌大道出口)","1"
"春季凌晨","广州白云国际机场","1"
"春季晚上","北京首都国际机场","1"
"春季晚上","深圳机场站","1"
"春季深夜","东方明珠广播电视塔","1"
"春季傍晚","北京大兴国际机场建设指挥部","1"
"春季早上","北京大兴国际机场工作区","1"
"春季晚上","广州白云国际机场","1"
"春季深夜","北京首都国际机场3号航站楼","1"
"春季凌晨","上海虹桥国际机场2号航站楼","1"
"春季深夜","南京站","1"
"春季早上","深圳宝安机场(公交站)","1"
"春季深夜","深圳宝安机场(公交站)","1"
"冬季下午","上海虹桥国际机场2号航站楼","1"
"冬季晚上","福州长乐国际机场","1"
"冬季上午","杭州萧山国际机场","1"
"冬季下午","武汉天河国际机场","1"
"冬季晚上","昆明长水国际机场","1"
"冬季下午","杭州萧山国际机场武林门航站楼","1"
"冬季深夜","深圳宝安国际机场","1"
"冬季下午","香榭丽都","1"
"冬季中午","广州白云国际机场","1"
"冬季早上","深圳宝安机场(公交站)","1"
"冬季凌晨","北京大兴国际机场工作区","1"
"冬季上午","武汉天河国际机场","1"
"冬季凌晨","石井","1"
"冬季中午","广州东站","1"
"冬季晚上","机场(地面运输中心)(公交站)","1"
"冬季傍晚","襄阳刘集机场","1"
"秋季晚上","杭州西湖湖滨银泰CitiGO欢阁酒店","1"
"秋季深夜","郑州新郑国际机场","1"
"秋季下午","兰州中川国际机场有限公司","1"
"秋季下午","北京天坛普华医院","1"
"秋季傍晚","西安咸阳国际机场","1"
"秋季晚上","厦门高崎国际机场","1"
"秋季晚上","星巴克(南宁盛天领域店)","1"
"秋季中午","北京大兴国际机场工作区","1"
"秋季下午","S92机场高速","1"
"秋季深夜","古城供销","1"
"秋季上午","上海虹桥国际机场","1"
"秋季凌晨","北京大兴国际机场建设指挥部","1"
"夏季下午","宁波栎社国际机场","1"
"夏季晚上","福州国际航空港城市候机厅","1"
"夏季中午","收货区","1"
"夏季下午","北京(上海东昌店)","1"
"夏季晚上","天津滨海国际机场","1"
"夏季下午","上海虹桥国际机场2号航站楼","1"
"夏季上午","经十路与长江东路交叉口","1"
"夏季深夜","上海商城","1"
"夏季上午","河南中原高速公路股份有限公司(航空港分公司)","1"
"夏季上午","延安南泥湾机场","1"
"春季晚上","上海虹桥国际机场2号航站楼","1"
"春季上午","北京大兴国际机场工作区","1"
"春季下午","东升防水","1"
"春季傍晚","上海浦东国际机场","1"
"春季早上","北京大兴国际机场建设指挥部","1"
"春季上午","机场路与鄞县大道交叉口","1"
"春季上午","浃底隧道","1"
"春季早上","热岛·黄金海岸","1"
"春季中午","北京首都国际机场2号航站楼","1"
"冬季中午","上海虹桥站","1"
"冬季凌晨","香港国际机场","1"
"冬季下午","郑州新郑国际机场","1"
"冬季早上","长宁来福士","1"
"冬季下午","上海虹桥站","1"
"冬季中午","武汉天河国际机场","1"
"冬季凌晨","深圳机场站","1"
"冬季早上","上海虹桥国际机场","1"
"冬季晚上","机场路","1"
"冬季晚上","北京大兴国际机场工作区","1"
"冬季下午","北京市人民政府(旧址)","1"
"冬季傍晚","武汉天河国际机场","1"
"冬季下午","邯郸机场","1"
"冬季凌晨","广州白云国际机场","1"
"冬季傍晚","深圳机场站","1"
"冬季上午","成都双流国际机场","1"
"冬季深夜","上海浦东国际机场","1"
"秋季深夜","北京大兴国际机场建设指挥部","1"
"秋季下午","慧忠路","1"
"秋季傍晚","北京大兴国际机场工作区","1"
"秋季傍晚","重庆江北国际机场","1"
"秋季上午","东直门","1"
"秋季下午","广州白云国际机场","1"
"秋季深夜","上海浦东国际机场2号航站楼","1"
"秋季下午","深圳机场站","1"
"秋季上午","临沂启阳机场","1"
"秋季上午","西安咸阳国际机场","1"
"秋季早上","西安咸阳国际机场","1"
"秋季早上","上海虹桥国际机场","1"
"秋季傍晚","北京大兴国际机场建设指挥部","1"
"秋季凌晨","新街口(地铁站)","1"
"秋季晚上","S12机场高速","1"
"秋季晚上","北京大兴国际机场建设指挥部","1"
"秋季晚上","哈西公路客运站","1"
"秋季下午","锦州客运站(公交站)","1"
"秋季下午","深圳宝安国际机场T3航站楼","1"
"秋季凌晨","杭州市西湖公证处","1"
"秋季上午","上海虹桥国际机场2号航站楼","1"
"秋季凌晨","广州白云国际机场","1"
"秋季上午","武汉天河国际机场","1"
"秋季下午","杭州萧山国际机场","1"
"秋季傍晚","良子健身(华贸一店)","1"
"秋季下午","重庆江北国际机场","1"
"秋季早上","北京大兴国际机场工作区","1"
"秋季下午","银川站","1"
"秋季中午","广州白云国际机场","1"
"秋季下午","北京首都国际机场","1"
"秋季凌晨","南京禄口国际机场","1"
"夏季下午","凯德龙之梦","1"
"夏季下午","北京首都国际机场1号航站楼(暂停营业)","1"
"夏季深夜","机场(地面运输中心)(公交站)","1"
"夏季傍晚","洪崖洞民俗风貌区","1"
"夏季早上","上海虹桥国际机场2号航站楼","1"
"夏季早上","中国邮政(长水国际机场邮政所)","1"
"夏季上午","福田(地铁站)","1"
"夏季早上","章丘龙山","1"
"夏季下午","洛阳理工学院开元校区","1"
"夏季下午","S33济徐高速","1"
"夏季上午","重庆江北国际机场","1"
"夏季晚上","郑州新郑国际机场","1"
"春季早上","上海虹桥国际机场","1"
"春季上午","绵阳南郊机场","1"
"春季晚上","乌鲁木齐地窝堡国际机场","1"
"春季下午","贵阳龙洞堡国际机场","1"
"春季傍晚","机场(地铁站)","1"
"春季中午","北京首都国际机场3号航站楼","1"
"秋季上午","S3501大兴机场高速","1"
"春季凌晨","西安咸阳机场大巴(西稍门站)","1"
"春季傍晚","广州白云国际机场店","1"
"春季凌晨","昆明长水国际机场","1"
"春季晚上","深圳宝安机场(公交站)","1"
"春季晚上","郑州东站","1"
"冬季晚上","哈尔滨太平国际机场","1"
"冬季下午","香港国际机场","1"
"冬季凌晨","武汉天河国际机场","1"
"冬季上午","贵阳龙洞堡国际机场","1"
"冬季中午","北京首都国际机场2号航站楼","1"
"冬季晚上","武汉天河国际机场","1"
"冬季傍晚","济南遥墙国际机场","1"
"秋季晚上","郑州新郑国际机场","1"
"冬季上午","长春站","1"
"秋季凌晨","北京首都国际机场3号航站楼","1"
"秋季傍晚","广州白云国际机场店","1"
"秋季早上","佛山沙堤机场","1"
"秋季上午","郑州新郑国际机场","1"
"秋季上午","天津滨海国际机场","1"
"秋季下午","南京禄口国际机场泰州城市候机楼","1"
"秋季早上","深圳宝安机场(公交站)","1"
"秋季下午","武汉港","1"
"秋季晚上","北京首都国际机场3号航站楼","1"
"秋季晚上","重庆万象城","1"
"秋季傍晚","兰州中川国际机场有限公司","1"
"秋季深夜","重庆江北国际机场","1"
"秋季凌晨","上海虹桥国际机场2号航站楼","1"
"秋季早上","九华山","1"
"秋季凌晨","成都双流国际机场","1"
"秋季傍晚","上海虹桥站","1"
"秋季早上","人和镇人民政府","1"
"秋季早上","武汉天河国际机场","1"
"秋季晚上","小鹏汽车成都机场路销售服务中心停车场","1"
"秋季深夜","广州白云国际机场店","1"
"秋季下午","人和镇人民政府","1"
"夏季上午","常州奔牛国际机场","1"
"秋季早上","广州白云国际机场店","1"
"夏季深夜","银川河东国际机场","1"
"夏季早上","广州白云国际机场店","1"
"夏季下午","广州白云国际机场店","1"
"夏季傍晚","郑州新郑国际机场","1"
"夏季早上","郑州新郑国际机场","1"
"夏季晚上","五一广场","1"
"夏季下午","海口美兰国际机场","1"
"夏季傍晚","深圳宝安国际机场","1"
"夏季晚上","香港国际机场","1"
"春季傍晚","贵阳龙洞堡国际机场","1"
"春季上午","西安咸阳国际机场","1"
"春季凌晨","合肥新桥国际机场","1"
"春季晚上","容海苑","1"
"春季深夜","郑州新郑国际机场","1"
"春季下午","龍頭男士理发馆(永辉超市傍边)","1"
"春季傍晚","兰州中川国际机场有限公司","1"
"春季早上","东莞理工学院","1"
"春季上午","北京首都国际机场3号航站楼","1"
"春季上午","大连周水子国际机场","1"
"春季早上","北京首都国际机场1号航站楼(暂停营业)","1"
"春季下午","机场(地面运输中心)(公交站)","1"
"秋季下午","机场大道与甬江路交叉口","1"
"夏季上午","上海虹桥国际机场2号航站楼","1"
"夏季晚上","机场高速","1"
"春季傍晚","荆监一级公路","1"
"春季下午","徐家楼社区","1"
"春季下午","建设大街","1"
"春季上午","西樵","1"
"春季凌晨","泰山路","1"
"春季傍晚","郑州现代农业示范区管理委员会","1"
"春季下午","窑岭湘雅二医院(地铁站)","1"
"春季上午","笋岗(地铁站)","1"
"春季下午","悦荟广场","1"
"春季下午","七寨湖公园","1"
"春季上午","安徽省昭潭中学","1"
"春季上午","李村村委会","1"
"春季傍晚","厦门市同安区褒建筑农资店","1"
"春季下午","江变超市","1"
"春季上午","北外环路","1"
"春季晚上","哈尔滨大饼(棠安路)","1"
"春季下午","龙居寺村村民委员会","1"
"春季下午","方山村民委员会","1"
"春季上午","张槎","1"
"夏季深夜","鼓楼派出所","1"
"春季下午","厦门市同安工业集中区","1"
"春季早上","俱乐部","1"
"春季上午","临港路","1"
"夏季深夜","成都杜甫草堂博物馆","1"
"夏季上午","林家村镇人民政府","1"
"夏季下午","中山一路","1"
"夏季下午","碧鸡关隧道","1"
"夏季上午","隧道口(公交站)","1"
"夏季上午","都市广场(都司街)","1"
"夏季上午","环湖佳苑东升小区","1"
"春季下午","云林东路","1"
"春季上午","万福路","1"
"春季下午","九都西路珠江路口西(公交站)","1"
"夏季上午","长安中路与阜民街交叉口","1"
"春季上午","中山西路-路侧停车位","1"
"春季上午","达州客运南站","1"
"春季上午","护国市场监管所","1"
"春季上午","中国福利彩票(江汉印象城B座店)","1"
"春季下午","东山市场","1"
"夏季中午","中原西路杏湾路(公交站)","1"
"夏季中午","团结南路","1"
"春季上午","石龙镇人民政府","1"
"春季下午","王楼村村委会","1"
"春季下午","高新四路光谷二路(公交站)","1"
"春季下午","向荣巷与自强东路交叉口","1"
"春季下午","凤凰山","1"
"春季晚上","司马山","1"
"春季下午","新疆罗布人村寨景区","1"
"春季晚上","飞沙村委会","1"
"春季早上","延吉北收费站(G12珲乌高速入口)","1"
"春季傍晚","长江二桥","1"
"春季下午","人民中路","1"
"春季中午","磨心山","1"
"春季中午","济宁高新区创业园","1"
"春季下午","云顶岩寺","1"
"春季下午","东湖·御院","1"
"春季下午","中海公园","1"
"春季晚上","顺河村村民委员会","1"
"春季晚上","万秀菜市","1"
"春季中午","云丰村站(公交站)","1"
"夏季上午","大学城(地铁站)","1"
"夏季晚上","武隆喀斯特旅游区-羊角古镇","1"
"夏季凌晨","恰西草原风景旅游区","1"
"夏季深夜","万象影城(庐阳万象汇LUXE店)","1"
"夏季下午","仁寿村民委员会","1"
"夏季下午","华山绿地","1"
"夏季晚上","广州塔","1"
"春季下午","宏博·澎湖湾-望龙门","1"
"春季凌晨","黔诚酸汤牛肉(甲秀楼2.0店)","1"
"春季深夜","洪崖洞民俗风貌区","1"
"春季下午","大东(大王里店)","1"
"春季下午","来福士购物中心","1"
"春季凌晨","嘉陵江","1"
"夏季深夜","五龙口街","1"
"夏季下午","苏州中惠铂尔曼酒店","1"
"夏季晚上","长安广场","1"
"夏季下午","西湖李家实业发展有限公司","1"
"冬季上午","阳光小学","1"
"冬季下午","河南省鹤壁市山城区前进路南头旺杰钢材销售部","1"
"冬季早上","正阳南路","1"
"秋季上午","牟山大道","1"
"秋季上午","朝阳街","1"
"夏季上午","馨苑10区","1"
"冬季上午","黎阳路","1"
"夏季下午","小淖尔出口(G6京藏高速东向)","1"
"夏季上午","G1京哈高速入口(锦州方向)","1"
"夏季上午","世纪广场轻轨站(公交站)","1"
"秋季傍晚","爱民街","1"
"秋季下午","南小爱民街","1"
"冬季上午","北四环","1"
"夏季上午","象山北路","1"
"夏季下午","丰庆路与博颂路交叉口","1"
"春季上午","山河路","1"
"春季下午","姜谭路","1"
"冬季上午","荆中路","1"
"夏季下午","黑龙江省医院香坊院区","1"
"夏季上午","唐古拉山镇政府","1"
"夏季上午","重庆西站","1"
"夏季凌晨","胡同现烤糕点(新华书店住宅楼店)","1"
"夏季晚上","三里河街道办事处","1"
"春季下午","中国科学院大学雁栖湖校区","1"
"春季深夜","浉河公园","1"
"春季下午","武汉欢乐谷","1"
"夏季傍晚","东环服务区","1"
"秋季下午","野芷湖大桥","1"
"秋季上午","榆树弓棚镇收费站(G1015铁科高速出口)","1"
"春季下午","坛子口(地铁站)","1"
"冬季下午","S28台金高速","1"
"夏季下午","G2501南京绕城高速与G40沪陕高速交叉口","1"
"春季上午","兴隆街(公交站)","1"
"秋季晚上","G65包茂高速","1"
"春季下午","G18荣乌高速","1"
"春季上午","S24绍诸高速","1"
"春季晚上","南四环西路","1"
"冬季下午","观湖别院","1"
"冬季晚上","汉西一村","1"
"夏季上午","机场高速","1"
"夏季早上","阳台山","1"
"夏季晚上","阳台山","1"
"夏季晚上","龙门涧风景区","1"
"夏季下午","龙洞风景区","1"
"夏季深夜","凤凰沟","1"
"夏季上午","小安子(公交站)","1"
"夏季下午","农科路","1"
"春季傍晚","大塘边路","1"
"春季上午","G15沈海高速","1"
"冬季下午","北焦坡村村委会","1"
"冬季下午","郑州十八里河收费站(京广快速路出口)","1"
"夏季中午","中山公园","1"
"夏季上午","梨树东出口(G1京哈高速东北向)","1"
"夏季上午","光谷创业街","1"
"冬季下午","墨水湖大桥","1"
"冬季上午","山东高速","1"
"冬季下午","少先路与民族东路交叉口","1"
"秋季下午","G72泉南高速","1"
"秋季上午","魏武广场","1"
"秋季晚上","新乡市场","1"
"夏季下午","美年大健康(郑州四分院)","1"
"夏季傍晚","观音垱(公交站)","1"
"春季下午","兴隆路与火炬二路交叉口","1"
"夏季上午","回河南街社区管理委员会","1"
"夏季下午","新安镇人民政府","1"
"春季上午","省武警总队(公交站)","1"
"春季上午","长青收费站(四环线出口)","1"
"秋季上午","汉中","1"
"春季下午","二七广场","1"
"冬季下午","中山路","1"
"冬季早上","东吴大道四明路(公交站)","1"
"秋季下午","南部战区总医院(越秀院区)","1"
"夏季下午","秦淮区中医医院","1"
"秋季中午","古道休闲吧","1"
"冬季晚上","上下店路","1"
"冬季上午","G45大广高速入口(长春方向)","1"
"冬季晚上","玉湛高速","1"
"夏季下午","寿宁收费站(G4012溧宁高速入口)","1"
"夏季下午","G36宁洛高速","1"
"冬季早上","G45大广高速入口(长春方向)","1"
"夏季上午","松原西收费站(G12珲乌高速入口)","1"
"夏季傍晚","长沙银行(怀化分行)","1"
"夏季下午","大同收费站(G55二广高速出口)","1"
"夏季下午","赛格隧道","1"
"夏季下午","铜陵路街道办事处","1"
"夏季上午","逻岗镇人民政府","1"
"夏季下午","银座旅游文化东路恒大帝景店","1"
"夏季下午","G35济广高速","1"
"夏季下午","秦皇岛西收费站(G0111秦滨高速出口)","1"
"夏季上午","S1济聊高速","1"
"夏季下午","G10绥满高速","1"
"夏季下午","铜鼓隧道","1"
"夏季晚上","G30连霍高速","1"
"夏季晚上","台商区","1"
"夏季下午","G55二广高速","1"
"夏季下午","G4京港澳高速","1"
"夏季上午","商登高速桥","1"
"夏季下午","陕坝停车区(建设中)","1"
"夏季下午","G56杭瑞高速","1"
"夏季晚上","中村电器","1"
"夏季下午","G70福银高速","1"
"夏季下午","双辽南收费站(G25长深高速出口)","1"
"夏季晚上","南岳收费站(S51南岳高速东南向)","1"
"夏季晚上","G0121京秦高速","1"
"夏季上午","神农小区","1"
"夏季下午","G42沪蓉高速","1"
"夏季下午","神农小区","1"
"夏季下午","G50沪渝高速","1"
"夏季上午","沂源东收费站(G22青兰高速出口)","1"
"夏季下午","干杉收费站(S42江干高速出口)","1"
"夏季傍晚","鉴湖服务区","1"
"夏季下午","S24绍诸高速","1"
"夏季上午","东高村4区","1"
"春季下午","方兴大道与机场高速出口交叉口","1"
"夏季上午","G0421许广高速","1"
"春季下午","G5京昆高速","1"
"春季上午","S31宜连高速","1"
"春季下午","四会市森普新材料科技有限公司","1"
"春季上午","清镇收费站(G60沪昆高速出口)","1"
"春季早上","方兴大道与机场高速出口交叉口","1"
"春季下午","S1成万高速","1"
"春季上午","G40沪陕高速","1"
"春季上午","日月山水","1"
"春季傍晚","张家界收费站(G5513长张高速出口)","1"
"春季上午","敦化收费站(G12珲乌高速出口)","1"
"春季下午","沛县安国中学","1"
"春季下午","昌栗高速","1"
"春季上午","G25长深高速","1"
"春季下午","S20毕威高速","1"
"春季上午","苗王城西收费站(S15松从高速入口)","1"
"春季早上","S11牡延高速","1"
"春季下午","浏阳西收费站(S19浏洪高速出口)","1"
"春季上午","S15铜大高速","1"
"春季深夜","晋江南收费站(S58晋长高速入口)","1"
"春季中午","G4221沪武高速","1"
"春季上午","东山陈村办公楼","1"
"春季下午","G35济广高速","1"
"春季下午","苗王城西收费站(S15松从高速入口)","1"
"春季晚上","G0421许广高速","1"
"春季下午","城中村委会","1"
"春季下午","G50沪渝高速","1"
"春季下午","桐子李村","1"
"春季早上","天井关隧道","1"
"春季下午","芮城服务区与G59呼北高速交叉口","1"
"春季下午","新塘收费站(G4京港澳高速出口)","1"
"春季上午","S23惠大高速","1"
"春季晚上","G4京港澳高速","1"
"春季晚上","滁州(南京国际博览中心)","1"
"春季上午","长安医药","1"
"春季上午","古城滩收费站(G6521榆蓝高速出口)","1"
"春季上午","S14汕湛高速","1"
"春季下午","济南郭店立交","1"
"春季上午","坡心互通","1"
"春季下午","S1济聊高速","1"
"春季下午","中山坑","1"
"春季下午","东二环(地铁站)","1"
"春季下午","文陂收费站(S61吉安绕城高速入口)","1"
"春季中午","青菱湖","1"
"春季晚上","梁文海汽车维修部","1"
"春季晚上","G72泉南高速","1"
"春季下午","河北慧耕生态农场","1"
"春季下午","南岳收费站(S51南岳高速东南向)","1"
"春季上午","逻岗镇人民政府","1"
"春季上午","G20青银高速","1"
"春季上午","G42沪蓉高速","1"
"春季下午","威海收费站(G18荣乌高速西南向)","1"
"春季上午","S11京承高速入口(京承高速方向)","1"
"春季下午","G56杭瑞高速","1"
"春季下午","G5012恩广高速","1"
"春季晚上","仁和收费站(S32西绵高速出口)","1"
"春季下午","滁州(南京国际博览中心)","1"
"春季上午","滁州(南京国际博览中心)","1"
"春季下午","郑州财经学院","1"
"春季晚上","G3京台高速","1"
"春季傍晚","京港澳高速口(公交站)","1"
"春季下午","田里隧道群2号","1"
"春季下午","延吉西收费站(S12延龙高速入口)","1"
"春季下午","G3京台高速","1"
"春季上午","G60沪昆高速入口(娄底方向)","1"
"春季下午","S88郑栾高速","1"
"春季上午","兰海(公交站)","1"
"春季下午","G65包茂高速","1"
"春季上午","清远西收费站(G0421许广高速出口)","1"
"春季晚上","吉林省延边朝鲜族自治州人民检察院","1"
"春季晚上","北门市场(北环城路)","1"
"春季早上","G4京港澳高速入口(郑州方向)","1"
"春季下午","商丘奥林水泥(南丰直销处)","1"
"春季下午","南陵家发服务区餐厅","1"
"春季上午","G55二广高速","1"
"春季上午","G45大广高速与G45大广高速入口交叉口","1"
"春季下午","G1015铁科高速","1"
"春季下午","漳平南收费站(S30永漳高速出口)","1"
"冬季下午","S12申嘉湖高速","1"
"冬季下午","G0421许广高速","1"
"冬季中午","S71华常高速","1"
"冬季上午","淹城服务区","1"
"冬季晚上","达川区百节镇工会","1"
"冬季早上","逻岗镇人民政府","1"
"冬季晚上","沅江南收费站(S71华常高速入口)","1"
"冬季晚上","逻岗镇人民政府","1"
"冬季下午","中山西路-路侧停车位","1"
"春季傍晚","枣乡街与民生路交叉口","1"
"冬季下午","万达广场(合肥包河店)","1"
"春季下午","S12申嘉湖高速","1"
"冬季下午","京港澳高速口(公交站)","1"
"冬季上午","金利燃气","1"
"冬季晚上","毕克齐镇人民政府","1"
"冬季中午","逻岗镇人民政府","1"
"冬季上午","南岳收费站(S51南岳高速东南向)","1"
"冬季下午","G65包茂高速","1"
"冬季深夜","云县西收费站(G5615天猴高速出口云县方向)","1"
"冬季晚上","山东高速大厦","1"
"冬季下午","S71华常高速","1"
"冬季下午","诸暨收费站(G60沪昆高速出口)","1"
"冬季上午","棉洋服务区","1"
"冬季上午","包河大道","1"
"冬季下午","合安高速改扩建项目办","1"
"冬季下午","东阳收费站(G1512甬金高速入口)","1"
"冬季下午","贵阳西收费站(G60沪昆高速出口)","1"
"冬季下午","G9812海琼高速","1"
"春季上午","大广高速魏县连接线与G45大广高速入口交叉口","1"
"春季上午","S80衡邵高速","1"
"冬季下午","S27东永高速","1"
"冬季下午","G55二广高速","1"
"冬季下午","G72泉南高速","1"
"冬季上午","乳山东立交","1"
"冬季晚上","油子塘大桥","1"
"冬季下午","蜀源大道","1"
"冬季下午","奥林匹克花园2期停车场(出入口)","1"
"冬季上午","龙城隧道","1"
"冬季上午","红旗村村委会","1"
"冬季晚上","屯里大桥","1"
"冬季下午","北五女(公交站)","1"
"冬季早上","G15沈海高速","1"
"冬季下午","内环路","1"
"冬季上午","G7京新高速入口(哈密方向)","1"
"冬季上午","芜宣枢纽与G50沪渝高速交叉口","1"
"冬季下午","104国道","1"
"冬季下午","S55宁宣高速","1"
"冬季上午","G42沪蓉高速","1"
"冬季下午","博山互通立交","1"
"冬季上午","王河服务区（沪渝高速上海方向）","1"
"冬季下午","东山","1"
"冬季下午","G56杭瑞高速","1"
"冬季下午","绕城高速(公交站)","1"
"冬季上午","马鞍山","1"
"冬季下午","G5012恩广高速","1"
"秋季傍晚","无棣收费站(G18荣乌高速入口)","1"
"秋季下午","G1京哈高速","1"
"秋季傍晚","G30连霍高速","1"
"秋季下午","双墩收费站(G40沪陕高速出口)","1"
"秋季早上","G45大广高速","1"
"秋季中午","黄石街","1"
"秋季下午","永乐花海","1"
"秋季上午","S14汕湛高速","1"
"秋季上午","宣威复兴收费站(S11威砚高速出口西南向)","1"
"秋季下午","茨营收费站(S11威砚高速出口)","1"
"秋季上午","G4京港澳高速","1"
"秋季晚上","S27东永高速","1"
"秋季上午","罗平北收费站(G78汕昆高速出口)","1"
"秋季上午","S12滁新高速","1"
"秋季晚上","巢黄高速与巢黄高速入口交叉口","1"
"秋季晚上","玉溪村民委员会","1"
"秋季下午","珠海大道","1"
"秋季下午","山东高速","1"
"秋季下午","G55二广高速","1"
"秋季下午","巢黄高速","1"
"秋季下午","奥林匹克花园2期停车场(出入口)","1"
"秋季下午","四会市森普新材料科技有限公司","1"
"秋季中午","清家沟服务区","1"
"秋季上午","梧州南高速路口(公交站)","1"
"秋季晚上","二台子乔四诊所","1"
"秋季下午","利川收费站(G50沪渝高速出口)","1"
"秋季凌晨","绍兴收费站(G92杭州湾环线高速出口)","1"
"秋季上午","滨州东收费站(G2516东吕高速出口)","1"
"秋季下午","G11鹤大高速","1"
"秋季下午","分水岭隧道","1"
"秋季下午","方兴大道与机场高速出口交叉口","1"
"秋季晚上","安岳服务区驿路香自选式快餐","1"
"秋季凌晨","包河大道","1"
"秋季傍晚","朝阳镇人民政府","1"
"秋季下午","晴隆服务区","1"
"夏季晚上","成环路与S2成巴高速入口交叉口","1"
"夏季下午","S75太行山高速","1"
"夏季上午","宁合高速","1"
"夏季上午","黄陂区六指街道西湖村委会","1"
"夏季下午","明朗收费站(G5601昆明绕城高速出口)","1"
"夏季上午","盛乐镇(公喇嘛)(公交站)","1"
"夏季晚上","互通区主线2号桥","1"
"夏季上午","东平收费站(G35济广高速入口)","1"
"夏季晚上","G12珲乌高速","1"
"夏季中午","桂东县人民医院","1"
"夏季上午","桂东县人民医院","1"
"夏季下午","慈城出口(G15沈海高速北向)","1"
"夏季上午","安吉北收费站(S14杭长宜高速出口)","1"
"夏季上午","史回收费站(青兰线东向)","1"
"夏季晚上","南宁安吉客运站","1"
"夏季晚上","滁淮高速","1"
"夏季晚上","碧鸡关隧道","1"
"夏季上午","马鞍山","1"
"夏季下午","G18荣乌高速入口(文登方向)","1"
"夏季下午","务川收费站(S10德习高速入口正务高速方向)","1"
"夏季下午","诸暨收费站(G60沪昆高速出口)","1"
"夏季下午","南漳服务区","1"
"夏季下午","跨胶州湾高速大桥","1"
"夏季早上","西柏坡高速","1"
"夏季上午","丽水北收费站(G25长深高速出口)","1"
"夏季下午","宁杭高速","1"
"夏季上午","盘锦银行(盘山支行)","1"
"夏季上午","秦安互通立交","1"
"冬季晚上","云台山","1"
"夏季晚上","铁机路(地铁站)","1"
"夏季晚上","北京西站","1"
"夏季晚上","遂昌县人民法院共享法庭(定溪村)","1"
"夏季晚上","长沙县黄花镇人民政府","1"
"夏季上午","军运村","1"
"夏季下午","郭店庚辰钢铁宿舍","1"
"夏季下午","五峰山","1"
"夏季下午","水西关南街","1"
"夏季中午","万达广场(湘潭高新店)","1"
"夏季上午","广东梧桐山风景名胜区","1"
"夏季上午","阳光城","1"
"夏季晚上","古路","1"
"夏季下午","衢州市衢江区湖南镇破石村民委员会","1"
"夏季凌晨","辅城坳小学","1"
"夏季晚上","九洲大街与抚生南路交叉口","1"
"夏季深夜","广阳道与新华路交叉口","1"
"夏季下午","住建局","1"
"夏季晚上","邢庄桥","1"
"夏季上午","荆川公园","1"
"夏季晚上","晶华路","1"
"夏季傍晚","路桥小区(中兴路)","1"
"夏季傍晚","北京银行(青年路支行)","1"
"夏季上午","滨河路","1"
"夏季中午","清凉峰国家级自然保护区(不对外开放)(暂停开放)","1"
"夏季中午","吴江太湖新城","1"
"夏季上午","竹山县竹坪乡人民政府","1"
"夏季下午","迎宾路","1"
"夏季晚上","中山中路","1"
"夏季早上","儿童公园","1"
"夏季傍晚","宝湖国家湿地公园","1"
"春季晚上","红光大道","1"
"春季晚上","泰山大道","1"
"春季晚上","天宇路","1"
"春季晚上","安德","1"
"春季下午","机场路","1"
"夏季下午","四公里(地铁站)","1"
"夏季上午","安德","1"
"夏季上午","张集村综治中心","1"
"春季晚上","亨特国际广场","1"
"春季上午","夏集子(公交站)","1"
"春季下午","资兴市唐洞街道办事处","1"
"春季下午","中柳林警务站","1"
"春季下午","西樵","1"
"春季傍晚","中国福利彩票(江汉印象城B座店)","1"
"春季中午","桥边镇人民政府","1"
"夏季上午","大清路","1"
"春季上午","沣泾大道","1"
"春季下午","金虎便利(101电车总站店)","1"
"春季下午","马良镇人民政府","1"
"春季下午","三合城村委会","1"
"春季早上","东山市场","1"
"春季下午","下林村村委会","1"
"春季下午","湾甸派出所","1"
"春季下午","威海里口山风景名胜区","1"
"春季上午","向荣巷与自强东路交叉口","1"
"夏季上午","沙坪坝","1"
"夏季上午","新团路","1"
"夏季下午","奥体中路与轻风路交叉口","1"
"春季早上","中山北路","1"
"春季中午","体育中心","1"
"春季上午","安德街道办事处","1"
"春季上午","成都市郫都区德源街道禹庙村村民委员会","1"
"春季上午","增田村(公交站)","1"
"春季早上","新站区","1"
"春季深夜","大连森林动物园","1"
"夏季上午","中原西路杏湾路(公交站)","1"
"春季晚上","南京北站(地铁站)","1"
"春季下午","赵庄村","1"
"春季下午","梅州站","1"
"春季下午","纳古派出所","1"
"春季晚上","太白路","1"
"春季上午","宣城市泾县榔桥宾馆","1"
"春季晚上","终南山悟真风景区","1"
"春季上午","弋矶山","1"
"春季下午","科研巷","1"
"春季晚上","牙梳山","1"
"春季下午","洪广镇人民政府","1"
"春季下午","贺家坪村委会","1"
"春季上午","白马镇人民政府","1"
"春季傍晚","胜利油田胶管大全","1"
"春季上午","城隍庙小吃","1"
"春季上午","针织布匹","1"
"春季晚上","苏山村村民委员会","1"
"春季下午","牛角沱(地铁站)","1"
"春季上午","云顶岩寺","1"
"春季上午","五峰派出所","1"
"春季晚上","黄陂区六指街道西湖村委会","1"
"春季晚上","九华山","1"
"春季晚上","景山住宅小区","1"
"春季上午","安德","1"
"春季上午","龙门石窟","1"
"春季上午","齐星花园","1"
"春季下午","申通快递(太白路)","1"
"春季下午","鼓楼派出所","1"
"春季深夜","老君庙水库","1"
"春季傍晚","石油路","1"
"春季上午","夏集镇人民政府","1"
"春季下午","顺河村村民委员会","1"
"春季上午","长安欧尚汽车(广德欧宇)","1"
"春季上午","兴泰路","1"
"春季下午","知音桥","1"
"春季下午","司马光东路","1"
"春季下午","鼓楼(地铁站)","1"
"春季下午","王母观","1"
"春季下午","马沧湖","1"
"春季上午","麟潭乡人民政府","1"
"春季下午","白云嶂","1"
"春季下午","漳州台商投资区","1"
"春季下午","桂林古镇江璟酒店(漓江景区大圩古镇店)地面停车点(出入口)","1"
"春季中午","鼓楼(地铁站)","1"
"春季上午","虎丘山风景区","1"
"春季下午","古玩(夫子庙步行街店)","1"
"春季下午","海南路","1"
"春季下午","大庆路","1"
"春季上午","孔府孔庙停车场(出入口)","1"
"春季晚上","海棠溪(地铁站)","1"
"春季上午","马沧湖","1"
"春季晚上","彭水妇幼保健院","1"
"春季晚上","珠江路(地铁站)","1"
"春季傍晚","志新酷车","1"
"春季上午","新大街","1"
"春季下午","小龙坎(地铁站)","1"
"冬季下午","紫荆山(地铁站)","1"
"冬季下午","牛头山国家森林公园","1"
"冬季上午","长白镇人民政府","1"
"冬季上午","牛角沱(地铁站)","1"
"冬季下午","望江路","1"
"春季上午","重庆万友都成智电iDD长安新能源","1"
"春季下午","红石咀公园","1"
"春季下午","归化村村委会","1"
"春季下午","长安(南宫恒骏店)","1"
"春季上午","七星派出所","1"
"春季下午","四川北路(地铁站)","1"
"冬季晚上","金桥村谭新明卫生室","1"
"冬季下午","西坞岗","1"
"冬季下午","北营新村丰景佳园","1"
"冬季傍晚","九龙镇人民政府","1"
"冬季下午","缤纷江南","1"
"冬季晚上","内蒙古自治区人民医院","1"
"冬季晚上","朝阳路","1"
"冬季傍晚","朝阳路","1"
"冬季傍晚","中国工商银行(南阳仲景路支行)","1"
"冬季傍晚","黄柏峪","1"
"春季早上","康金街道兰阳村退役军人服务站","1"
"春季凌晨","桂林银行(白圩镇石塘村农村普惠金融综合服务点)","1"
"冬季下午","龙门邨","1"
"冬季晚上","青岛市人民政府","1"
"冬季下午","劲松北路","1"
"冬季下午","光南路与环城东路交叉口","1"
"冬季上午","箭扣长城","1"
"冬季下午","小东流(公交站)","1"
"冬季下午","朱穴村村民委员会","1"
"冬季上午","大鹏西路","1"
"冬季下午","长安医药","1"
"冬季早上","大连老街","1"
"冬季上午","罕井镇人民政府","1"
"冬季上午","商丘古城","1"
"冬季上午","上海市徐汇中学","1"
"冬季下午","慕士塔格峰","1"
"冬季下午","江边村东社(公交站)","1"
"冬季下午","黄柏峪","1"
"冬季下午","飞天路","1"
"冬季上午","仙寓山风景区","1"
"冬季下午","环城路","1"
"冬季早上","北京市丰台区太平桥东里幼儿园","1"
"冬季下午","洽水镇中心小学旺洞教学点","1"
"冬季下午","古城镇人民政府","1"
"冬季下午","烈山","1"
"冬季上午","沿河村村民委员会","1"
"冬季早上","皮塘水库","1"
"冬季上午","大众煤业","1"
"冬季上午","南宁街","1"
"冬季中午","延安机务段","1"
"冬季晚上","关庙村公益电影放映点","1"
"冬季上午","杭州天目山医院","1"
"冬季上午","长风路","1"
"冬季下午","长江路","1"
"冬季下午","羊里派出所","1"
"冬季中午","如家酒店(海安中坝南路店)","1"
"冬季中午","解放西路","1"
"冬季上午","舟山路","1"
"冬季上午","毛陈镇(公交站)","1"
"冬季下午","后马村村民委员会","1"
"冬季下午","路景苑","1"
"冬季下午","八一路与归德路交叉口","1"
"冬季下午","龙山","1"
"冬季晚上","正太商贸有限公司","1"
"冬季下午","头道街与文峰北街交叉口","1"
"冬季下午","正泰电气股份有限公司","1"
"冬季上午","启东经济开发区","1"
"冬季下午","余杭街道社区卫生服务中心","1"
"冬季下午","南通(南京国际博览中心)","1"
"冬季深夜","鼓楼(地铁站)","1"
"秋季深夜","星力城A馆","1"
"秋季深夜","杨安镇人民政府","1"
"秋季傍晚","国庆路(公交站)","1"
"秋季下午","交通路","1"
"秋季下午","丰乐街道(公交站)","1"
"秋季早上","三山·时代广场","1"
"秋季下午","胜利路","1"
"秋季上午","曲阜东站(西出站口)","1"
"秋季上午","紫蓬镇人民政府","1"
"冬季上午","淮海大道","1"
"冬季上午","四水厂(公交站)","1"
"秋季下午","白溢坪村村民委员会","1"
"秋季早上","千灵山","1"
"秋季中午","赵沟","1"
"秋季傍晚","黄江广场","1"
"秋季上午","遵义医学院(公交站)","1"
"秋季晚上","工业路","1"
"秋季下午","新店镇政府","1"
"秋季下午","乐豆家(南昌世贸店)","1"
"秋季下午","铜陵中学","1"
"秋季晚上","马桥镇人民政府","1"
"秋季晚上","五指山","1"
"秋季上午","珠海街道办事处社会治理指挥中心","1"
"秋季深夜","新寺社区卫生服务中心","1"
"秋季上午","海口市龙华小学","1"
"夏季下午","布达拉宫","1"
"春季深夜","螺山路","1"
"春季深夜","仁皇山景区","1"
"夏季下午","西单","1"
"春季深夜","茗岙梯田","1"
"春季深夜","火炉山森林公园","1"
"春季傍晚","山西平陆中学","1"
"夏季中午","五角场","1"
"春季下午","清溪湖","1"
"春季下午","西佛寺","1"
"春季下午","永前路四区","1"
"春季傍晚","淳化","1"
"春季傍晚","金胜山健康主题公园","1"
"夏季上午","深圳市福田中学","1"
"春季晚上","平顶山","1"
"春季傍晚","手工烘焙","1"
"夏季上午","天津站(地铁站)","1"
"春季凌晨","维也纳国际酒店(西樵山景区店)","1"
"春季下午","解放路","1"
"春季上午","定光社区","1"
"春季下午","山前洼村卫生室","1"
"春季下午","瑞香村村民委员会","1"
"春季上午","马鞍山惠农金融服务室","1"
"春季下午","万达广场(合肥包河店)","1"
"春季晚上","汤河","1"
"春季中午","喜马拉雅瑜伽","1"
"春季上午","开茂村村民委员会","1"
"春季上午","解放路","1"
"春季下午","株洲市冬季游泳运动协会","1"
"春季傍晚","峨山互通","1"
"春季上午","宫夏路","1"
"春季下午","天雷赛鸽","1"
"春季下午","国家海岸·保利财富中心","1"
"春季上午","二坝镇人民政府","1"
"春季下午","佛山街","1"
"春季傍晚","西安软件园","1"
"春季下午","紫晨商务酒店","1"
"春季上午","金华村委会","1"
"春季晚上","黄台电厂第五宿舍区","1"
"夏季下午","中信东方广场","1"
"夏季下午","安良百货","1"
"夏季深夜","三里(公交站)","1"
"夏季傍晚","赛格电子市场(龙岗路)","1"
"夏季晚上","龙湖重庆时代天街","1"
"夏季下午","星巴克(上海新联地带店)","1"
"夏季上午","上海虹桥站","1"
"夏季下午","新街口住宅B区","1"
"夏季下午","大港路","1"
"夏季凌晨","广州市番禺区人民政府","1"
"春季晚上","拉萨圣地天堂洲际大饭店","1"
"春季下午","武商梦时代","1"
"春季晚上","湖泗老街","1"
"春季晚上","成都太古里","1"
"春季晚上","洛阳桥","1"
"春季晚上","江津大悦城","1"
"春季晚上","七一村卫生站","1"
"春季傍晚","大悦城skg(韶音专卖店)","1"
"春季晚上","龙湖重庆北城天街","1"
"春季下午","西岸艺术中心","1"
"春季上午","武商MALL","1"
"春季傍晚","达人公社(达意商业城店)","1"
"春季上午","人人乐超市(汉神购物广场店)","1"
"春季下午","上海高岛屋百货","1"
"春季上午","伊势丹百货(现代城店)","1"
"春季晚上","长春这有山舍客栈地下停车点(入口)","1"
"春季晚上","人人乐(凤城五路店)","1"
"春季上午","苏州中心商场南区","1"
"春季下午","阿里巴巴西溪A区","1"
"春季晚上","红博中央公园","1"
"春季晚上","杭州湖滨银泰in77C3区","1"
"春季上午","葵涌广场","1"
"春季晚上","公园村卫生所","1"
"春季下午","长清大学城商业街","1"
"春季晚上","王府井","1"
"春季下午","杭州(包含宁波)","1"
"春季晚上","天府公园","1"
"春季下午","上海市浦东新区金桥镇人民政府","1"
"春季傍晚","江南环球港","1"
"春季下午","地王大厦","1"
"春季晚上","金虹桥商业广场","1"
"春季晚上","上海月星环球港","1"
"春季下午","工人文化宫","1"
"春季深夜","万象影城(庐阳万象汇LUXE店)","1"
"春季晚上","国贸商城(西区)","1"
"冬季傍晚","香港(广东道)","1"
"春季凌晨","西九龙地产","1"
"春季下午","北京市人民政府(旧址)","1"
"春季中午","洪家楼","1"
"冬季傍晚","朝阳大悦城","1"
"冬季下午","振兴街","1"
"冬季中午","国贸商城","1"
"冬季傍晚","时光里美食广场","1"
"冬季上午","成都九龙广场","1"
"冬季晚上","六指烧烤","1"
"冬季下午","澳门上葡京综合度假村","1"
"冬季下午","陆家嘴中心","1"
"冬季深夜","西红门","1"
"冬季晚上","太平街","1"
"冬季下午","大中海步行街","1"
"冬季下午","大罗山-瑶溪","1"
"冬季晚上","亨通广场","1"
"冬季晚上","东润·万象城","1"
"冬季下午","七寨湖公园","1"
"冬季下午","大润发(随州店)","1"
"冬季凌晨","梦恋衣坊(金都大厦店)","1"
"冬季凌晨","武商梦时代","1"
"冬季上午","郑州市金水区人民法院","1"
"冬季下午","乐民商厦","1"
"冬季傍晚","新街口(地铁站)","1"
"冬季晚上","南京夫子庙","1"
"冬季下午","国泰广场","1"
"冬季下午","未来石","1"
"秋季下午","延安路与解放路交叉口","1"
"秋季上午","西亚生活广场(蓼北路)","1"
"秋季深夜","上海人民广场","1"
"秋季中午","金钟村村民委员会","1"
"秋季下午","青岛凯德MALL","1"
"秋季上午","景枫中心","1"
"秋季晚上","上海月星环球港","1"
"秋季上午","唐山吾悦广场","1"
"秋季傍晚","HappyMart(南京城北万象汇店)(装修中)","1"
"秋季晚上","静安大悦城","1"
"秋季下午","前滩太古里","1"
"秋季晚上","洁美万家","1"
"秋季晚上","崇文门(地铁站)","1"
"夏季深夜","居然之家(金牛店)","1"
"夏季晚上","南京奥林匹克体育中心","1"
"夏季下午","五一广场","1"
"夏季下午","上海国金中心商场","1"
"夏季中午","卓悦中心东区","1"
"夏季晚上","时尚天河商业广场","1"
"夏季凌晨","金源时代购物中心(北滨一路)","1"
"夏季下午","中华广场","1"
"夏季下午","肯德基(正道中环百货店)","1"
"夏季晚上","郑州东站","1"
"夏季凌晨","国贸商城","1"
"夏季傍晚","江山酒家(万达广场店)","1"
"夏季早上","梅溪湖公园","1"
"夏季晚上","卓悦中心北区","1"
"夏季晚上","招商·花园城","1"
"夏季下午","新田360广场(郑州国贸店)","1"
"夏季晚上","厦门万象城","1"
"夏季下午","成都高新区政务服务中心","1"
"春季下午","万象汇小屋(春景上路分店)","1"
"春季上午","澳门上葡京综合度假村","1"
"春季晚上","江汉路(地铁站)","1"
"春季上午","时尚天河商业广场","1"
"春季中午","恒隆广场","1"
"春季上午","湖岸新城","1"
"春季下午","湖岸新城","1"
"春季早上","成都铁路工程学校","1"
"春季傍晚","海悦天地","1"
"春季傍晚","天汉大道","1"
"春季上午","硚口路","1"
"春季深夜","新街口住宅B区","1"
"春季晚上","崇文门","1"
"冬季晚上","林奥CITY PARK","1"
"冬季下午","陵园路与黎明街交叉口","1"
"冬季下午","甲鱼面馆(天龙步行街南街店)","1"
"冬季上午","北大街","1"
"冬季晚上","杨府山公园","1"
"冬季下午","Livat荟聚","1"
"冬季晚上","武汉百货","1"
"冬季深夜","金沙(公交站)","1"
"冬季下午","佛山保利MALL","1"
"冬季下午","明湖西路","1"
"冬季下午","荔湾广场","1"
"冬季下午","杭州大厦","1"
"冬季傍晚","凯德广场·学府","1"
"冬季凌晨","国贸(地铁站)","1"
"冬季傍晚","深圳购物公园","1"
"冬季上午","西安路","1"
"冬季晚上","恒隆广场","1"
"冬季下午","华润·铁西万象汇购物中心","1"
"秋季晚上","美国银行中心","1"
"秋季下午","唐山高新区管委会","1"
"秋季下午","兴业太古汇","1"
"秋季上午","融汇城","1"
"秋季晚上","五一路","1"
"秋季晚上","鸿荣源·壹成中心","1"
"秋季晚上","海底捞火锅(乐客城店)","1"
"秋季傍晚","天环Parc Central","1"
"秋季下午","正佳广场","1"
"秋季深夜","金中环大厦","1"
"夏季下午","长宁来福士","1"
"夏季中午","SM天津滨海城市广场","1"
"夏季晚上","凯德MALL(西直门店)","1"
"夏季晚上","市府恒隆广场","1"
"夏季下午","堤西路","1"
"夏季晚上","天虹商场(奥克斯广场店)","1"
"夏季晚上","光谷广场","1"
"夏季下午","杭州华联(龙湖·名景台南苑店)","1"
"夏季下午","华为授权体验店(银海元隆店)","1"
"夏季晚上","成都银泰中心","1"
"夏季下午","东山百货大楼","1"
"夏季下午","东方之门","1"
"夏季晚上","日月光宾馆(塘下涌店)","1"
"夏季晚上","相思湖购物公园","1"
"夏季下午","朝阳商业广场","1"
"夏季下午","步步高","1"
"夏季下午","星巴克咖啡(西安大兴龙湖星悦荟店)","1"
"夏季傍晚","西二旗","1"
"夏季中午","沙坪坝","1"
"春季中午","日月光宾馆(塘下涌店)","1"
"春季下午","东和城广场","1"
"夏季上午","福建兴闽榕建筑工程有限公司","1"
"春季晚上","东方新天地","1"
"春季深夜","宜家家具城","1"
"春季下午","世纪汇广场(商场)","1"
"春季晚上","金鹰湖滨天地","1"
"春季晚上","九九广场(美的专卖店)","1"
"春季深夜","金茂广场","1"
"春季晚上","天府广场","1"
"春季上午","西郊商场(滨河路)(公交站)","1"
"春季下午","华润中心","1"
"春季下午","麦德龙(厦门湖里商场)","1"
"春季傍晚","杭州西溪印象城","1"
"春季下午","第三完全小学","1"
"春季下午","正佳广场","1"
"春季下午","养馋记(文昌路菜场店)","1"
"春季下午","泰盛广场","1"
"春季早上","东方新天地","1"
"春季上午","山东第一医科大学第二附属医院停车场(出入口)","1"
"春季晚上","徐州苏宁广场","1"
"春季傍晚","兰州中心","1"
"春季晚上","美立方","1"
"春季晚上","珠江新城","1"
"春季晚上","海山公园","1"
"春季晚上","天河城","1"
"春季晚上","运通家园","1"
"春季晚上","首创奥特莱斯","1"
"春季晚上","银泰百货(中大店)","1"
"春季中午","中化石油胡家庙加油站","1"
"春季上午","贵阳龙洞堡国际机场","1"
"春季下午","红旗路","1"
"春季中午","西安城市运动公园","1"
"冬季下午","青岛·卓悦里","1"
"冬季上午","开濠花园路","1"
"冬季中午","万达广场商管部","1"
"冬季傍晚","甲子路","1"
"冬季下午","百丽宫影城(济南恒隆广场店)","1"
"冬季下午","东风商场","1"
"冬季上午","邯山商场(公交站)","1"
"冬季下午","青岛市人民政府","1"
"冬季晚上","万达广场(成都郫都店)","1"
"冬季晚上","上海月星环球港","1"
"冬季下午","日月光","1"
"冬季晚上","地下停车场","1"
"冬季傍晚","天津站(地铁站)","1"
"冬季晚上","大炮台","1"
"冬季傍晚","航洋国际购物中心","1"
"冬季下午","扶光书店","1"
"冬季傍晚","虹桥天地购物中心","1"
"冬季下午","光长村党群服务中心","1"
"冬季下午","江汉路","1"
"冬季下午","长春这有山舍客栈地下停车点(入口)","1"
"冬季晚上","国贸(地铁站)","1"
"冬季晚上","光谷创业街","1"
"冬季下午","正佳广场","1"
"冬季下午","万家丽国际购物广场","1"
"秋季晚上","武侯皮革城(鞋都南路)","1"
"秋季晚上","唐山吾悦广场","1"
"秋季下午","芝罘金街(万达广场店)","1"
"秋季上午","浙江大学医学院附属第二医院(解放路院区)","1"
"秋季晚上","华南社区","1"
"秋季晚上","兴业中心","1"
"秋季下午","长春这有山舍客栈地下停车点(入口)","1"
"秋季深夜","沈阳(大南店)","1"
"秋季凌晨","世纪汇购物中心","1"
"秋季晚上","红安名品广场(物资商业步行街店)","1"
"秋季下午","玄武湖公园","1"
"秋季下午","朝阳大悦城","1"
"秋季下午","RMALL生活广场(京华城2期店)","1"
"秋季晚上","东单(地铁站)","1"
"秋季下午","东单(地铁站)","1"
"秋季晚上","王府井","1"
"秋季深夜","万家丽国际购物广场","1"
"秋季早上","武汉站","1"
"秋季下午","星巴克咖啡(杭州鸿锦大厦店)","1"
"秋季晚上","江南环球港","1"
"秋季下午","宝能城","1"
"秋季下午","绿博园","1"
"秋季上午","国贸(地铁站)","1"
"秋季上午","江南环球港","1"
"秋季上午","长江路","1"
"秋季下午","ECCO郑州丹尼斯大卫城店","1"
"秋季傍晚","国大城市广场","1"
"秋季晚上","大悦城","1"
"秋季下午","东阳市人民医院","1"
"秋季晚上","沈阳万象城","1"
"夏季凌晨","金鹰湖滨天地","1"
"夏季深夜","印象城","1"
"秋季上午","朝阳路","1"
"夏季深夜","湖南国际金融大厦","1"
"夏季晚上","龙湖杭州滨江天街","1"
"夏季晚上","江南环球港","1"
"夏季下午","五角场","1"
"夏季晚上","王府井百货(太原店)","1"
"夏季下午","新世界(万商白马服装交易中心市场店)","1"
"夏季晚上","民盈·国贸城","1"
"夏季下午","钱沟路","1"
"夏季下午","白云汇广场","1"
"夏季下午","和义大道购物中心","1"
"夏季晚上","太古仓码头","1"
"夏季晚上","天府广场","1"
"夏季下午","齐河德百(公交站)","1"
"夏季下午","女人花(万佳服装批发广场店)","1"
"夏季傍晚","万达广场(重庆南坪店)","1"
"夏季上午","华丰国际商贸城","1"
"夏季下午","来福士购物中心","1"
"夏季早上","解放碑日月光民宿(和平路分店)","1"
"夏季凌晨","湖南国际金融大厦","1"
"夏季下午","陆家嘴","1"
"春季下午","领展购物广场·中关村","1"
"春季下午","新世纪环球购物中心","1"
"春季晚上","天虹(前海店)","1"
"春季下午","重庆汽博中心","1"
"春季下午","银泰西选(中大店)","1"
"春季上午","好润佳(沅江店)","1"
"春季上午","绿洲湖畔花园","1"
"春季下午","五角场","1"
"春季深夜","西湖李家实业发展有限公司","1"
"春季凌晨","体育西馆","1"
"春季下午","星游城","1"
"春季上午","百联南方购物中心","1"
"春季下午","大连中央大道吾悦广场","1"
"春季下午","济南恒隆广场","1"
"春季上午","五一广场","1"
"春季傍晚","麦德龙(厦门湖里商场)","1"
"冬季中午","济南恒隆广场","1"
"冬季深夜","广州文和友(太古汇店)","1"
"冬季晚上","芳草地别墅区","1"
"冬季傍晚","西单","1"
"冬季上午","雨花客厅里的幸运草公寓(花露北岗分店)","1"
"冬季晚上","澳门四季酒店","1"
"冬季下午","北国商城站","1"
"冬季晚上","西单","1"
"冬季晚上","大同路与福寿街交叉口","1"
"冬季傍晚","陆家嘴","1"
"冬季傍晚","世博源","1"
"冬季晚上","台北市政府民政局","1"
"冬季中午","天津陆家嘴广场","1"
"冬季晚上","世界城光谷步行街","1"
"冬季下午","万象影城(庐阳万象汇LUXE店)","1"
"冬季上午","上海青浦吾悦广场","1"
"秋季晚上","星巴克咖啡(青岛悦荟广场店)","1"
"秋季晚上","中央花园","1"
"秋季上午","静安大悦城","1"
"秋季晚上","惠铖超市丨路北店","1"
"秋季上午","双拥路","1"
"秋季晚上","新濠天地车(壹号湖畔店)","1"
"秋季下午","六和源(上海大花园店)","1"
"冬季凌晨","广州塔","1"
"秋季上午","德思勤城市广场","1"
"秋季傍晚","青岛海信广场","1"
"秋季晚上","义乌站","1"
"秋季晚上","龙湖长楹天街购物中心","1"
"秋季下午","万达商业广场(印象城店)","1"
"秋季中午","花城汇","1"
"秋季晚上","西单大悦城","1"
"秋季傍晚","文化路","1"
"秋季下午","宜家家居(郑州商场)","1"
"秋季上午","白玉兰广场","1"
"秋季上午","这有山","1"
"秋季晚上","江北步行街","1"
"秋季晚上","深业上城商场","1"
"秋季晚上","长春这有山舍客栈地下停车点(入口)","1"
"秋季下午","中海·环宇城","1"
"秋季晚上","深圳卓悦中心","1"
"秋季傍晚","万象国际","1"
"秋季深夜","万达广场","1"
"秋季晚上","庆华苑","1"
"秋季傍晚","南京新百","1"
"秋季傍晚","厦门万象城","1"
"秋季上午","成龙影城(绿地店)","1"
"秋季上午","贰捌商场","1"
"秋季早上","协信星光时代广场","1"
"秋季上午","杭州湖滨银泰in77C3区","1"
"秋季晚上","ENZO港汇恒隆广场","1"
"秋季傍晚","西门町电影公园","1"
"秋季下午","郯中商场","1"
"秋季下午","赛格国际购物中心","1"
"秋季晚上","21世纪国际公寓","1"
"夏季上午","大壮国际广场","1"
"夏季下午","新天地购物广场(宝安大道)","1"
"夏季晚上","国泰广场","1"
"夏季下午","世纪汇广场(商场)","1"
"夏季晚上","保利时代","1"
"夏季深夜","澳门喜来登大酒店","1"
"夏季晚上","清河万象汇购物中心-LOUNGE","1"
"夏季下午","cdf三亚国际免税城A区","1"
"春季上午","万达广场(江门蓬江店)","1"
"春季傍晚","惠安达物流","1"
"春季上午","文化路","1"
"春季下午","步步高","1"
"春季傍晚","诚品书店(诚品生活)","1"
"春季下午","海口美兰国际机场","1"
"春季中午","两江新区","1"
"春季下午","南岸区南坪(商圈)","1"
"春季晚上","大润发","1"
"春季傍晚","王府井奥莱机场店","1"
"春季下午","紫荆山","1"
"春季下午","容山商场(环镇路)","1"
"春季中午","百盛A(3)座","1"
"春季下午","欧亚大观","1"
"春季晚上","欧亚卖场","1"
"春季上午","泉州晋江SM国际广场","1"
"春季中午","新街口(地铁站)","1"
"春季下午","延庆观","1"
"春季中午","神农公园","1"
"春季下午","立达国际商城(柳巷南路)","1"
"春季下午","南宁国际商业贸易中心C区","1"
"春季傍晚","归德路","1"
"春季傍晚","金拱镇公墓","1"
"春季上午","颐堤港","1"
"冬季下午","成都来福士广场","1"
"冬季晚上","凯德","1"
"冬季上午","琼海(娅米美颜定妆馆)","1"
"冬季下午","杭州西湖湖滨银泰CitiGO欢阁酒店","1"
"冬季下午","中茵广场","1"
"冬季晚上","万达广场","1"
"冬季下午","新玛特购物广场(鞍山总店)","1"
"冬季下午","沈阳盛京大奥莱","1"
"冬季晚上","南阁村民委员会","1"
"冬季晚上","丽达购物中心","1"
"冬季上午","红旗路","1"
"冬季傍晚","兰州中心","1"
"冬季下午","南石家庄(公交站)","1"
"冬季上午","丁香路","1"
"冬季下午","西安城市运动公园","1"
"冬季下午","天津大悦城","1"
"冬季下午","1788广场","1"
"冬季凌晨","南通万象城","1"
"冬季深夜","南京师范大学(随园校区)","1"
"冬季晚上","砂之船(合肥)奥莱","1"
"冬季下午","太古汇","1"
"冬季上午","联手商城","1"
"冬季早上","宾谷街","1"
"冬季晚上","海港城(港威商场)","1"
"冬季傍晚","世纪东方广场","1"
"冬季下午","三里庵","1"
"冬季下午","民盈·国贸中心","1"
"冬季深夜","龙湾国际一期","1"
"冬季下午","丰泽东海街道","1"
"秋季中午","合肥体育中心","1"
"秋季傍晚","万象影城(庐阳万象汇LUXE店)","1"
"秋季下午","濉溪百货商场","1"
"秋季下午","新淮村(公交站)","1"
"秋季下午","南通濠河风景名胜区","1"
"秋季下午","雀友麻将机专卖店(宝龙广场店)","1"
"秋季傍晚","万达广场(菱角湖店)","1"
"秋季下午","浑南区浑南新区","1"
"秋季凌晨","大三巴牌坊","1"
"秋季晚上","硅谷亮城","1"
"秋季下午","太原万象城","1"
"秋季晚上","江西师范大学瑶湖校区","1"
"秋季上午","深圳市福田中学","1"
"秋季上午","旺泉街","1"
"秋季下午","文化路","1"
"秋季上午","爱融荟城","1"
"秋季中午","万象城","1"
"秋季上午","容桂派出所","1"
"秋季晚上","杭州大厦(公交站)","1"
"秋季下午","北京侨福芳草地购物中心","1"
"秋季下午","西乡(地铁站)","1"
"秋季早上","金环路","1"
"夏季下午","日月光宾馆(塘下涌店)","1"
"夏季下午","阜阳·临沂商城","1"
"夏季下午","ENZO港汇恒隆广场","1"
"夏季晚上","正荣·财富中心","1"
"夏季傍晚","长丰路","1"
"夏季上午","祥符路","1"
"夏季晚上","观音桥","1"
"夏季下午","顺德陈村佛具批发商行","1"
"夏季早上","衡百国际","1"
"夏季深夜","定城镇人民政府","1"
"夏季深夜","体育西路","1"
"夏季晚上","上海青浦吾悦广场","1"
"夏季中午","华润万家","1"
"夏季下午","观音桥","1"
"春季中午","陆家嘴","1"
"春季下午","西安路","1"
"春季深夜","袁家巷","1"
"春季下午","团结公园","1"
"春季上午","新街口","1"
"春季晚上","隆回县九龙学校","1"
"春季晚上","中防万宝城(南门里店)","1"
"春季傍晚","西溪坪","1"
"春季晚上","LIVAT荟聚(北京荟聚店)","1"
"春季晚上","东街口","1"
"春季下午","LIVAT荟聚(北京荟聚店)","1"
"春季下午","青岛北方国贸大厦","1"
"春季上午","青岛路","1"
"春季下午","太古里","1"
"春季晚上","海尔路","1"
"春季下午","杭州市江干区中医医院","1"
"春季下午","天府公园","1"
"春季下午","魏公村(地铁站)","1"
"春季晚上","上海交通大学闵行校区","1"
"春季下午","拱北口岸","1"
"春季傍晚","鼎盛广场","1"
"春季下午","新艺城","1"
"春季下午","鲁王路","1"
"冬季晚上","滏阳东路","1"
"冬季下午","八佰伴(集贤南路)","1"
"冬季中午","万里路","1"
"秋季下午","大连恒隆广场","1"
"秋季早上","邵阳九福老年公寓","1"
"秋季下午","宁海县前童镇专职消防队","1"
"夏季上午","齐齐哈尔百货大楼","1"
"夏季下午","中基宁波集团","1"
"春季晚上","万达广场(合肥包河店)","1"
"春季下午","永安大桥","1"
"春季上午","柳泉路","1"
"夏季下午","222省道与341国道交叉口","1"
"夏季下午","青岛市人民政府","1"
"夏季上午","西岗市场(华西小区店)","1"
"夏季早上","万达广场","1"
"夏季下午","北京师范大学实验幼儿园","1"
"夏季下午","圣水寺","1"
"夏季下午","吉马购物桥口商场","1"
"夏季上午","湘潭市雨湖区人民政府","1"
"夏季上午","睿达传媒","1"
"夏季上午","移动综合楼","1"
"夏季深夜","内沙路","1"
"夏季傍晚","西宫(公交站)","1"
"夏季早上","长安医药","1"
"夏季下午","杭州路海岸路(公交站)","1"
"夏季下午","宣化路与杭州路交叉口","1"
"夏季下午","八寨沟旅游景区","1"
"夏季下午","零点立交南(公交站)","1"
"夏季下午","杨忠堡村村民委员会","1"
"夏季上午","沙坪坝站","1"
"夏季下午","世泽路与灈阳大道交叉口","1"
"夏季下午","横竖街","1"
"夏季下午","时代广场","1"
"夏季晚上","安医大二附院","1"
"夏季上午","田岗村委会","1"
"夏季上午","玉龙南路与龙城大道交叉口","1"
"夏季下午","茶树村村民委员会","1"
"夏季上午","武汉国际体育文化休闲园","1"
"夏季早上","宿马园区","1"
"夏季上午","重庆北站","1"
"春季下午","龙山创鑫广场","1"
"春季下午","南门集贸市场","1"
"春季上午","涑河南路","1"
"春季傍晚","仁信·半岛城","1"
"春季上午","东山市场","1"
"春季下午","霞阳收费站(G1517莆炎高速出口)","1"
"春季下午","济阳蔬菜","1"
"春季中午","南门里(箭门市场店)","1"
"春季下午","雷州市客路镇人民政府","1"
"春季下午","黄浦社区(武汉大道)","1"
"春季深夜","英华路","1"
"春季上午","新山村社区","1"
"春季下午","潇湘北路","1"
"春季早上","三鑫开化商贸城农贸市场(三鑫第一城店)","1"
"春季晚上","杭州(包含宁波)","1"
"春季下午","艾潇汽配城","1"
"春季下午","胜利路","1"
"春季晚上","老许屋里香","1"
"春季下午","赵楼小学","1"
"春季下午","桃贾路与陇海西路交叉口","1"
"春季晚上","东新福居","1"
"春季下午","疏港大道","1"
"春季下午","遂宁站","1"
"春季上午","东社","1"
"春季傍晚","南阳理工学院","1"
"春季下午","东部美的城","1"
"春季上午","迎宾大道与迎宾路交叉口","1"
"春季上午","石巷村委会","1"
"春季下午","邵阳市炭黑厂家属区","1"
"春季下午","苏中路","1"
"春季晚上","中山南路与凤翔东路交叉口","1"
"春季傍晚","南站幸福路","1"
"春季早上","盘锦北站","1"
"春季下午","潜山路与龙图路交叉口","1"
"春季深夜","翠绿花园","1"
"春季下午","电中国电信股份有限公司东莞长安区分公司沙头营销中心","1"
"春季晚上","嘉定路与宁化路交叉口","1"
"春季上午","闭村小学","1"
"春季下午","南站幸福路","1"
"春季上午","章光101(凤凰北街店)","1"
"春季上午","芦阳学校","1"
"春季晚上","陵城区检察院(公交站)","1"
"春季下午","胡家村(公交站)","1"
"春季下午","丛台路","1"
"春季下午","八一路与归德路交叉口","1"
"春季下午","兴港大道","1"
"春季上午","姞仙村村民委员会","1"
"春季上午","渤海路","1"
"春季晚上","石下村(公交站)","1"
"春季晚上","岗南村委会","1"
"春季下午","迎宾大道","1"
"春季下午","黄河三门峡商务中心区医院","1"
"春季傍晚","丛台路","1"
"春季早上","八一路与归德路交叉口","1"
"春季早上","西五路","1"
"春季晚上","体育大街","1"
"春季下午","绣球村委会","1"
"春季下午","时代鑫苑小区","1"
"春季下午","剑阁百货大楼","1"
"春季晚上","基诺山基诺族乡人民政府","1"
"春季上午","凤城九路","1"
"春季上午","万达广场","1"
"春季早上","郑州财经学院","1"
"春季早上","星力城A馆","1"
"春季晚上","车海洋智能自助洗车千渭星城大十字路口站","1"
"春季下午","宋家镇人民政府","1"
"春季早上","大广生态园","1"
"春季傍晚","北京银行(青年路支行)","1"
"春季傍晚","锦汇商业广场","1"
"春季傍晚","甪里村委会","1"
"春季中午","保龙龙庭苑","1"
"春季下午","新北工业园","1"
"春季晚上","刘家堡广场站","1"
"春季下午","二七二厂(公交站)","1"
"春季下午","儿童公园","1"
"春季下午","曲阜三孔景区-孔府","1"
"春季早上","成都后花园3期","1"
"春季中午","北营新村丰景佳园","1"
"春季上午","向阳湖风景区","1"
"春季上午","红旗楼(公交站)","1"
"春季晚上","三华园","1"
"春季下午","马坊集煤球场","1"
"春季傍晚","长泰区","1"
"春季上午","和平北路","1"
"春季上午","花园小区","1"
"春季中午","民族广场户外劳动者服务站","1"
"春季下午","厦门园林博览苑","1"
"春季上午","梁山村村民委员会","1"
"春季上午","维也纳3好酒店(厦门机场厦鼓码头店)","1"
"春季下午","丁家坝大桥","1"
"冬季傍晚","厦门园林博览苑","1"
"春季上午","南阳大桥","1"
"春季下午","白马广场","1"
"春季下午","新城社区","1"
"冬季晚上","西环路·大梁路(公交站)","1"
"冬季晚上","甘南藏族自治州妇幼保健院","1"
"春季下午","鼓岭旅游度假区","1"
"春季下午","南二环桔园立交桥","1"
"冬季上午","芙蓉桥","1"
"冬季上午","丽景南街与长城东路交叉口","1"
"春季下午","海恒街","1"
"冬季中午","洛阳桥","1"
"冬季晚上","莲岳路","1"
"冬季下午","雷城街道办事处","1"
"冬季下午","天水南路","1"
"春季下午","微山县夏镇街道办事处","1"
"冬季上午","三鑫第一城开化商贸城","1"
"冬季下午","潢川县城区新一中","1"
"冬季下午","紫薇园","1"
"冬季上午","六岭村委会","1"
"冬季上午","长安医药","1"
"冬季上午","九龙山大道","1"
"冬季晚上","上湖工业园","1"
"冬季晚上","街电(美宜佳康宁店)","1"
"冬季晚上","太和村张庄","1"
"冬季晚上","城西大道","1"
"冬季晚上","千峰南路","1"
"冬季晚上","富州南路","1"
"冬季下午","纳古镇人民政府","1"
"冬季晚上","吉阳大道与迎宾互通交叉口","1"
"冬季傍晚","庙小段村民委员会","1"
"冬季早上","来宾市兴宾区水落小学","1"
"冬季中午","厦深铁路惠州南站(公交站)","1"
"冬季傍晚","洞庭大道与芙蓉路交叉口","1"
"冬季下午","如环境保护局宿舍","1"
"冬季下午","金利多广场","1"
"冬季晚上","滨河路","1"
"冬季晚上","中环国际","1"
"冬季下午","万家水果商行","1"
"冬季上午","特来电充电站(兖州火车站广场)","1"
"冬季下午","中国体育彩票(六八村店)","1"
"冬季下午","东湖公园","1"
"冬季晚上","明刺青","1"
"冬季早上","百丈岭","1"
"冬季早上","十二生肖公园","1"
"冬季凌晨","松岗(公交站)","1"
"冬季凌晨","东云路与解放北路1巷交叉口","1"
"冬季下午","顺峰山公园","1"
"冬季早上","黄金江岸","1"
"冬季傍晚","浙西天池","1"
"冬季下午","圣城华府·紫郡(建设中)","1"
"春季上午","江山里小区(公交站)","1"
"春季上午","迎宾街","1"
"冬季上午","北门村民委员会","1"
"冬季上午","贵州师范大学宝山校区","1"
"冬季下午","高校园区派出所","1"
"冬季下午","东莞市体育中心体育馆","1"
"冬季上午","恩阳古镇游客中心","1"
"冬季上午","崧厦街道","1"
"冬季上午","毛家岔大桥","1"
"冬季傍晚","太平寺","1"
"冬季早上","江苏省海门中学","1"
"冬季中午","平原路与德隆街交叉口","1"
"冬季下午","淮河大桥","1"
"冬季上午","美阳街","1"
"冬季上午","解放西路","1"
"冬季上午","大唐西市","1"
"春季上午","六坑村(公交站)","1"
"春季上午","挚地大道与铁塔路交叉口","1"
"春季上午","寇公西路","1"
"冬季中午","乐昌碧桂园","1"
"冬季上午","劳动西路与清潭路交叉口","1"
"冬季晚上","坝头西路与高田王街交叉口","1"
"冬季下午","水绘园","1"
"冬季下午","广州市越秀儿童公园","1"
"冬季下午","世茂·诺沙湾","1"
"冬季中午","中国农业银行(北向店支行)","1"
"春季上午","终南大道","1"
"冬季中午","胡屯村委会","1"
"冬季早上","沙坪村村委会","1"
"冬季下午","新世界","1"
"冬季晚上","蟠龙苑","1"
"冬季下午","中亿·阳明山水","1"
"冬季下午","人社社保服务窗口(隆阳区兰城街道汉营社区为民服务站)","1"
"冬季上午","荆河中路","1"
"冬季上午","杭州北创传动科技有限公司","1"
"冬季晚上","麻园路南二环路口(公交站)","1"
"冬季晚上","豫北图书大厦","1"
"冬季上午","大祥路","1"
"冬季上午","广安新天地","1"
"冬季上午","特来电充电站(常德市武陵公交)","1"
"冬季早上","安宁市县街中心卫生院","1"
"冬季下午","襄城外国语学校","1"
"冬季晚上","龙庄村民委员会","1"
"冬季上午","观堂乡人民政府","1"
"冬季下午","银河路","1"
"冬季上午","上坝中学","1"
"冬季上午","良邑镇民政工作站","1"
"冬季上午","天宫北路","1"
"冬季下午","山西省气象局","1"
"冬季晚上","胜利东街","1"
"秋季下午","怀化站","1"
"秋季下午","千灵山","1"
"冬季上午","二里河公园","1"
"冬季上午","遵义医学院(公交站)","1"
"秋季下午","中国邮政储蓄银行(火车站支行)","1"
"秋季晚上","东风派出所","1"
"秋季凌晨","大同路","1"
"秋季上午","汕头礐石大桥","1"
"冬季早上","滨江中路","1"
"秋季晚上","王家台后村级组织服务站","1"
"秋季傍晚","龙胜镇","1"
"秋季晚上","八一路鲁磨路(公交站)","1"
"秋季晚上","玉屏街道办事处","1"
"秋季晚上","广场南路","1"
"秋季晚上","桑园路","1"
"秋季晚上","新兴路","1"
"秋季下午","园区路","1"
"秋季早上","翔安隧道","1"
"秋季下午","兴政街西口(公交站)","1"
"秋季下午","雪枫超市(雪枫路)","1"
"秋季上午","南环立交桥","1"
"秋季上午","余姚北站","1"
"秋季上午","致冠便利店","1"
"秋季上午","西延路","1"
"秋季上午","佳诚电脑手机城","1"
"秋季上午","武汉站","1"
"秋季上午","王楼村委会","1"
"秋季下午","五一路与北大街交叉口","1"
"秋季早上","221省道","1"
"秋季早上","台电大坑水库","1"
"秋季上午","泉涌社区","1"
"秋季下午","民主村村委会","1"
"秋季早上","广德成食品","1"
"秋季下午","北京市昌平区小汤山镇南官庄村村民委员会","1"
"秋季下午","九宫大道与迎宾大道交叉口","1"
"秋季上午","苏州工业园区","1"
"秋季晚上","金沙湾花园","1"
"秋季深夜","人民路","1"
"秋季下午","长安路","1"
"秋季晚上","金涛庄","1"
"秋季上午","如刚街头牛排(路桥一店)","1"
"秋季早上","万家丽路高架","1"
"秋季下午","雷州市中医医院","1"
"秋季下午","南京路","1"
"秋季下午","凤山南路","1"
"秋季深夜","昆明站(北京路)(公交站)","1"
"秋季晚上","中国国际能源加油站(龙海站)","1"
"秋季晚上","西杨家园","1"
"秋季下午","遵义市汇川区市场监督管理局","1"
"秋季下午","大洞水库","1"
"秋季下午","世纪大道","1"
"秋季上午","中关村雍和航星科技园","1"
"秋季下午","重庆万友都成智电iDD长安新能源","1"
"秋季上午","丹溪路与双龙南街交叉口","1"
"秋季傍晚","学田村村委会","1"
"秋季下午","书香路","1"
"秋季下午","城北路","1"
"秋季下午","西亚超市(公交站)","1"
"秋季下午","建设街与魏征路交叉口","1"
"秋季深夜","超田小学","1"
"秋季下午","国际商贸城","1"
"秋季上午","福州南路与香港中路交叉口","1"
"秋季上午","桐林超市","1"
"秋季上午","河南柳江生态牧业股份有限公司","1"
"秋季上午","常德大道与朝阳路交叉口","1"
"秋季下午","中山街","1"
"秋季晚上","太湖路与济南路交叉口","1"
"秋季下午","长江路","1"
"秋季下午","人民路与滨河路交叉口","1"
"秋季下午","猎豹北路与飞腾路交叉口","1"
"秋季下午","永州大道与进贤路交叉口","1"
"秋季下午","铜花二巷","1"
"秋季傍晚","南山大道","1"
"秋季下午","武汉瑞华医院民兴中医门诊部","1"
"秋季晚上","凤凰村村委会","1"
"秋季下午","安徽宣城宛陵湖省级湿地公园","1"
"秋季上午","华山风景区","1"
"秋季晚上","三桥村五组","1"
"秋季上午","板材大市场B区","1"
"秋季下午","常德大道","1"
"秋季上午","腾飞电器(昭君路)","1"
"秋季凌晨","八一大道与孺子路交叉口","1"
"夏季下午","东方市东方医院(老院区)","1"
"夏季下午","长青街","1"
"秋季早上","松花江路桥","1"
"夏季晚上","桐方线","1"
"秋季上午","广惠社区居委会","1"
"夏季下午","天河路与英才街交叉口","1"
"夏季中午","黑峪顶","1"
"夏季上午","福安广场","1"
"夏季下午","鑫鑫米兰","1"
"夏季上午","太子尖","1"
"夏季傍晚","宽城区政府中心公园","1"
"夏季下午","武汉天兴洲长江大桥","1"
"夏季下午","嘉华购物广场(济南槐荫店)","1"
"夏季下午","富水南路与曹状元街交叉口","1"
"秋季上午","沈老头包子(东方·碧海云天店)","1"
"夏季上午","青年路","1"
"夏季下午","金凤路","1"
"夏季下午","美乐城(中国邯郸环球中心店)","1"
"夏季下午","真诚草莓采摘园","1"
"夏季下午","稻田公园","1"
"秋季上午","解放北路","1"
"夏季下午","仁和路与敬梓路交叉口","1"
"夏季晚上","官渡广场","1"
"夏季晚上","益和国际城","1"
"夏季下午","海湖新区","1"
"夏季傍晚","物美超市(顾家江东店)","1"
"夏季下午","亿家火锅店","1"
"夏季下午","北京市人民政府(旧址)","1"
"夏季下午","阿波罗商业广场","1"
"夏季上午","大华二路","1"
"夏季晚上","火炬广场","1"
"秋季上午","长沙理工大学西门(公交站)","1"
"夏季早上","安德鲁森(银润店)","1"
"夏季上午","五角场","1"
"夏季上午","福泽大厦","1"
"夏季上午","尚品世家","1"
"夏季早上","仙岳路","1"
"夏季下午","乌兰察布市集宁区中蒙医院","1"
"夏季下午","郑州市金水区人民法院","1"
"夏季下午","娄底一大桥(公交站)","1"
"夏季上午","凯旋北路与建设路交叉口","1"
"夏季上午","秦仁路","1"
"夏季早上","经二路","1"
"夏季早上","万博汇","1"
"夏季上午","府东街","1"
"夏季下午","市府北街","1"
"夏季下午","团结街","1"
"夏季深夜","丹光路","1"
"夏季下午","龙城北街(公交站)","1"
"夏季下午","五一路与府东街交叉口","1"
"夏季傍晚","万寿路与玉渊潭南路交叉口","1"
"夏季下午","彰德路与迎春西街交叉口","1"
"夏季下午","南京1912街区","1"
"夏季上午","曹安公路与黄家花园路交叉口","1"
"夏季下午","中国工商银行(山东省分行)","1"
"夏季下午","文艺北路","1"
"夏季下午","杞福巷","1"
"夏季晚上","红门路","1"
"夏季晚上","白沙门公园游乐场售票处","1"
"夏季下午","党杨路与刘长山路交叉口","1"
"夏季晚上","夏津德百商贸城","1"
"夏季上午","俄之塘南五街","1"
"夏季傍晚","武昌站","1"
"秋季早上","中山","1"
"夏季上午","南阳汽车站","1"
"夏季下午","春熙路(地铁站)","1"
"夏季上午","光明路","1"
"夏季傍晚","彭水妇幼保健院","1"
"春季下午","西海立交桥","1"
"春季下午","旅客家宾馆","1"
"春季下午","伯雍街","1"
"春季深夜","耀华商厦","1"
"春季下午","东关大街","1"
"春季上午","长沙市雨花区人民政府","1"
"春季晚上","北大街","1"
"春季上午","惠农区红果子镇综合治理中心","1"
"春季晚上","太湖路与济南路交叉口","1"
"春季中午","开甲·尚仕名邸","1"
"春季中午","河阳寺","1"
"春季上午","上海市浦东新区潍坊新村街道社区保安队","1"
"春季下午","台州渝帆机电科技","1"
"春季上午","珠海市紫荆中学(凤凰路校区)","1"
"春季晚上","新天地","1"
"春季晚上","锦绣花园","1"
"春季晚上","石灰坳小学","1"
"春季上午","义乌市第三中学","1"
"春季晚上","星光国际商务酒店","1"
"春季晚上","薛城区财政局","1"
"春季上午","斗西路口","1"
"春季上午","山水文苑","1"
"春季上午","东风小康皓升渡仁西线店","1"
"春季下午","七港九(育英中学店)","1"
"春季下午","广州路","1"
"春季上午","安达汽修","1"
"春季早上","余庆新余旅社","1"
"春季下午","青岛嘉逸豪庭精品酒店","1"
"春季下午","新兴路","1"
"春季下午","龙洞碥大桥","1"
"春季晚上","雷州市英利镇人民政府","1"
"春季晚上","西福路","1"
"春季下午","东源大润发一楼风裳美衣","1"
"春季下午","东华学校","1"
"春季上午","凤凰谷","1"
"春季上午","马家粮油商行","1"
"春季晚上","凤凰路","1"
"春季晚上","陕西金骏(渭南办事处)","1"
"春季上午","市委党校(公交站)","1"
"春季下午","环联路","1"
"春季深夜","芙蓉兴盛","1"
"春季早上","立汤路辅路","1"
"春季早上","包河花园","1"
"春季上午","金寨路","1"
"春季上午","长安街","1"
"春季晚上","天宝路","1"
"春季下午","常丰村村委会","1"
"冬季下午","大庆路与女娲路交叉口","1"
"冬季上午","奉城南街","1"
"春季上午","永逸家居店地面停车场","1"
"春季上午","中共邯郸市峰峰矿区滏阳东路街道东沟社区支部委员会","1"
"冬季下午","松山区第四中学","1"
"冬季下午","海信湖岛世家二期营销中心","1"
"冬季下午","西湖","1"
"冬季上午","港达商贸城","1"
"冬季上午","滨江中路","1"
"冬季上午","金沙湾广场","1"
"冬季上午","草洋石材市场","1"
"冬季上午","仲景路信臣路口(公交站)","1"
"春季上午","白云坑市场(装修中)","1"
"冬季中午","清化医院门诊","1"
"冬季傍晚","巴楚步行街","1"
"冬季早上","中山公园","1"
"冬季上午","南湖公园","1"
"冬季下午","百惠家美时超市(丰储街店)","1"
"冬季晚上","嘉庚体育馆","1"
"冬季下午","永丰水库","1"
"冬季上午","阳泉市义井中学","1"
"冬季下午","新人民医院(公交站)","1"
"冬季下午","荣校东路福彩街(公交站)","1"
"冬季上午","枋钟路","1"
"冬季早上","汉川路与金水路交叉口","1"
"冬季晚上","梅河公园","1"
"冬季下午","龙溪镇人民政府","1"
"冬季下午","锦上花购物中心","1"
"冬季下午","环城北路","1"
"冬季下午","顺河路","1"
"冬季晚上","中国工商银行(东新支行)","1"
"冬季下午","交通花园(新埠东路)","1"
"冬季下午","龙华街","1"
"冬季下午","冲之大街与涞阳路交叉口","1"
"冬季深夜","机场小区A区","1"
"冬季下午","太原南站","1"
"冬季下午","阳明山国家森林公园","1"
"冬季中午","兴安名城C区","1"
"冬季上午","开封市正大家属院","1"
"冬季下午","龙城小区","1"
"冬季上午","南东一路","1"
"冬季上午","弦歌大道与曙光路交叉口","1"
"冬季下午","丹阳桥","1"
"冬季下午","山东省郯城县新村银杏产业开发区","1"
"冬季下午","第三城丹槿园","1"
"冬季上午","朝阳路","1"
"冬季早上","朝阳路","1"
"冬季傍晚","河门口村(公交站)","1"
"冬季下午","九九广场(美的专卖店)","1"
"冬季下午","龙家镇先锋村春风小院","1"
"冬季下午","靳江路","1"
"冬季下午","武昌站","1"
"冬季下午","杭州(包含宁波)","1"
"冬季下午","黄山区永丰乡人民政府","1"
"冬季上午","两江新区","1"
"冬季傍晚","汪屯桥(公交站)","1"
"冬季下午","蔚蓝国际","1"
"冬季上午","洛王社区居民服务中心","1"
"冬季上午","皇家尚品地面停车场","1"
"冬季傍晚","晋阳·峰璟","1"
"冬季上午","东海大道·中粮大道(公交站)","1"
"冬季早上","黄河路","1"
"冬季晚上","香泉环岛","1"
"冬季上午","河南财经政法大学郑东校区","1"
"冬季上午","山东临沂远行重汽修理厂(宝友物流店)","1"
"冬季上午","壹海城","1"
"冬季下午","临沂市公安局交通警察支队板泉中队","1"
"冬季上午","沿滩新城","1"
"冬季上午","珠海国家高新区","1"
"冬季早上","政丰南路","1"
"冬季下午","娄底市自然资源和规划局","1"
"冬季下午","横沥村党群服务中心","1"
"冬季傍晚","芜湖长江大桥","1"
"冬季傍晚","高良出口(S8广佛肇高速西向)","1"
"冬季下午","爱民超市","1"
"冬季下午","阳光100艺术馆","1"
"冬季上午","兴隆花园","1"
"冬季晚上","华商三优汽车充电站(东城区东四十条10116充电扬招站)","1"
"冬季上午","万安路","1"
"冬季上午","万达广场","1"
"冬季下午","刘家园街","1"
"冬季中午","盘龙山公园","1"
"冬季中午","中国石化安顺城区干河1加油站","1"
"冬季中午","平阳站","1"
"冬季晚上","马垅(公交站)","1"
"冬季傍晚","铭城玻璃门窗","1"
"冬季下午","黄石市花湖街道办","1"
"冬季上午","郭屯(公交站)","1"
"冬季下午","夏城中路与武南中路交叉口","1"
"冬季中午","双园路","1"
"冬季上午","中石化森美迎宾加油站","1"
"秋季下午","长治医学院附属和平医院","1"
"秋季下午","万达广场","1"
"秋季下午","万宝蛋糕","1"
"秋季下午","西沣路","1"
"冬季上午","东湖·御院","1"
"秋季晚上","珠海路口(公交站)","1"
"冬季下午","丙灵路","1"
"冬季下午","呼家楼","1"
"秋季晚上","后李洼村公益电影放映点","1"
"秋季下午","富康路","1"
"秋季下午","枫树山悦东方小学","1"
"秋季下午","凤艳村委会","1"
"秋季下午","解放路","1"
"冬季下午","康华园","1"
"冬季下午","东升防水","1"
"冬季上午","北京西站","1"
"冬季凌晨","江苏省泰州市政协","1"
"冬季上午","S3601京雄高速","1"
"冬季上午","铜陵路高架桥","1"
"秋季深夜","东湖·御院","1"
"秋季上午","广西信祺蛇业虎纹蛙养殖基地","1"
"秋季上午","铁橛山路","1"
"冬季傍晚","北山路","1"
"秋季下午","小马服装批发城","1"
"秋季傍晚","广东源铭废旧物资回收有限公司","1"
"秋季下午","北水屯村公益电影放映点","1"
"秋季下午","三加村(公交站)","1"
"秋季下午","铁橛山路","1"
"冬季下午","S40广洪高速","1"
"冬季上午","北京路与孝河路交叉口","1"
"冬季早上","朱仙庄镇人民政府","1"
"秋季下午","沙坪坝","1"
"秋季上午","北京路客民宿BI9830","1"
"秋季上午","轴村(公交站)","1"
"秋季晚上","大强路与龙川路交叉口","1"
"秋季深夜","新兴路","1"
"秋季晚上","大鹿港","1"
"秋季下午","长岭镇人民政府","1"
"秋季晚上","双龙水泥标砖厂","1"
"秋季下午","中山市黄圃镇兆丰村民委员会","1"
"秋季下午","苏州市姑苏区人民法院","1"
"冬季早上","芒部镇人民政府","1"
"秋季上午","中京路与曙光路交叉口","1"
"秋季上午","义乌街","1"
"秋季上午","汇泉路","1"
"秋季下午","桐木岭收费站(S01贵阳南环高速入口)","1"
"秋季下午","厦门大桥","1"
"秋季下午","山嘴子村委会","1"
"秋季下午","敏州西路","1"
"秋季下午","洛阳汽车站","1"
"秋季下午","汇康堂药店","1"
"冬季上午","五星街","1"
"冬季上午","台商区","1"
"秋季下午","文峰大道","1"
"秋季下午","交通大街","1"
"秋季上午","二龙村村民委员会","1"
"秋季下午","金明广场","1"
"秋季下午","凯旋大道与建设路交叉口","1"
"秋季晚上","罗坊镇人民政府","1"
"秋季晚上","清风视觉形象设计","1"
"秋季下午","雪峰南路","1"
"秋季下午","平冈村球场","1"
"秋季下午","中南社区警务室","1"
"秋季上午","正阳路与米山路交叉口","1"
"秋季上午","世代龙泽湾","1"
"秋季下午","文车村(公交站)","1"
"秋季上午","金星路","1"
"秋季傍晚","鞍山五路","1"
"秋季下午","细河公安分局","1"
"夏季下午","大同路","1"
"夏季中午","九峰山","1"
"春季晚上","西南大学(北碚校区)","1"
"春季上午","天骄幼儿园","1"
"春季晚上","綦江古剑山景区","1"
"春季下午","北郊市场(天沙四路)","1"
"春季下午","都司路","1"
"春季早上","广安万和(工厂旗舰店)","1"
"春季晚上","上海青浦吾悦广场","1"
"春季上午","兴贤路","1"
"春季深夜","重庆白市驿森林公园","1"
"春季下午","盘锦银行(盘山支行)","1"
"春季下午","老虎涧(不对外开放)","1"
"春季早上","塔峙圃票证博物馆","1"
"春季下午","济宁市任城区人民医院","1"
"春季晚上","太行大峡谷风景区","1"
"春季凌晨","光谷广场","1"
"春季上午","摄乐桥","1"
"春季中午","安昌村民委员会","1"
"春季深夜","黄河公园","1"
"春季下午","小井峪街道三益社区","1"
"春季上午","申通快递(太白路)","1"
"春季下午","中关村雍和航星科技园","1"
"春季中午","粮道街","1"
"春季下午","天桥村民宿聚居点","1"
"春季下午","唐冶中路与文苑街交叉口","1"
"春季晚上","白云嶂","1"
"春季傍晚","益丰大药房(湘潭岚园路)","1"
"春季上午","西街","1"
"春季晚上","光谷","1"
"春季下午","宝山路","1"
"春季下午","梁山村村民委员会","1"
"冬季下午","历城区政府(公交站)","1"
"冬季上午","曙光路","1"
"冬季下午","幸福社区居委会(中原路)","1"
"冬季上午","武汉大道","1"
"冬季下午","长清大学城商业街","1"
"冬季上午","崂山区世纪广场","1"
"冬季下午","马市街小学","1"
"冬季上午","河堤路","1"
"冬季晚上","原山大道","1"
"冬季晚上","老崔葡萄采摘园","1"
"冬季下午","寨桂村退役军人服务站","1"
"冬季下午","夹沟镇人民政府","1"
"冬季上午","雷打石镇人民政府","1"
"冬季上午","阳光城·紫金城","1"
"冬季晚上","李哥庄镇政府","1"
"冬季晚上","史家巷","1"
"冬季上午","星程石家庄中山东路乐汇城店","1"
"冬季下午","潍坊市坊子区凤凰街道社区卫生服务中心","1"
"冬季上午","振兴街","1"
"冬季下午","刘营(公交站)","1"
"冬季上午","鹿寨公园(公交站)","1"
"冬季晚上","南村加油站","1"
"冬季下午","马良街社区服务中心","1"
"冬季下午","五峰路","1"
"冬季下午","肖家巷","1"
"冬季下午","大寒尖山庄","1"
"冬季上午","潍坊市坊子区凤凰街道社区卫生服务中心","1"
"冬季傍晚","胡草科村公益电影放映点","1"
"冬季下午","大港","1"
"冬季下午","廉江市城南汽车客运站","1"
"冬季上午","金华村委会","1"
"冬季下午","万家福门业","1"
"冬季下午","康复前街与铁英街交叉口","1"
"冬季晚上","长江路","1"
"冬季早上","济南站(公交站)","1"
"冬季下午","巴朗山","1"
"冬季早上","G4京港澳高速","1"
"冬季傍晚","新艺城","1"
"冬季下午","蒲吕大桥","1"
"冬季晚上","天目山农庄(罗泾)","1"
"冬季晚上","榉林山早市","1"
"冬季傍晚","清水湾花园","1"
"冬季下午","格林豪泰(太仓浏河镇店)","1"
"冬季上午","石化","1"
"冬季下午","美里湖湿地公园","1"
"冬季晚上","易足道足疗推拿店","1"
"冬季下午","陆良电力生活小区","1"
"冬季上午","龙岗收费站(G56杭瑞高速出口)","1"
"冬季上午","奥体中路与工业南路交叉口","1"
"冬季上午","鸭绿江","1"
"冬季下午","牡丹村三浜2019","1"
"冬季早上","白马社区","1"
"冬季上午","G1813威青高速","1"
"冬季上午","长安汽车售后服务咨询点","1"
"冬季晚上","观堂乡人民政府","1"
"冬季傍晚","归德路","1"
"冬季下午","开源大道与骏马路交叉口","1"
"冬季晚上","河滨北路","1"
"冬季下午","兴华路永平路(公交站)","1"
"冬季下午","王家台后村级组织服务站","1"
"冬季下午","天宫北路","1"
"冬季下午","哈尔滨站","1"
"冬季上午","滨河巷与滨河西路交叉口","1"
"秋季晚上","陈留店村民委员会","1"
"秋季晚上","徐浦大桥","1"
"冬季下午","胜利东街","1"
"秋季早上","滁州(南京国际博览中心)","1"
"秋季下午","毛家棚村村委会","1"
"秋季下午","百大周谷堆大兴农产品批发市场","1"
"秋季晚上","文化路口(公交站)","1"
"秋季下午","宁夏路","1"
"秋季上午","景秀家园(陆小线)","1"
"秋季晚上","西安祥峪森林公园","1"
"秋季上午","红寺北街","1"
"秋季上午","花园里梅兰菊社区菊园","1"
"秋季上午","金龙街道办事处","1"
"秋季下午","北京奥林匹克公园","1"
"秋季上午","银河路","1"
"秋季下午","路桥区人民政府峰江街道办事处","1"
"秋季下午","新保利香颂营销中心","1"
"秋季上午","济齐路","1"
"秋季上午","和平路","1"
"秋季下午","万科新里程明·别墅","1"
"秋季下午","巴朗山","1"
"秋季下午","涧沟村委会","1"
"秋季上午","中国石化周楼加油站","1"
"秋季早上","万家汽车维修店","1"
"秋季下午","元宝山","1"
"秋季下午","任庄旅游风景区","1"
"夏季下午","风田水库","1"
"夏季晚上","关庙桥","1"
"夏季下午","卧龙山公园","1"
"秋季下午","画溪花园","1"
"夏季下午","喇叭口(公交站)","1"
"秋季上午","万达广场","1"
"秋季早上","和谐医院","1"
"秋季上午","北京建筑大学(西城校区)","1"
"秋季上午","蓬安县相如广场","1"
"夏季晚上","重庆市武隆区黄莺乡人民政府","1"
"秋季上午","罗源世纪金源购物中心","1"
"夏季傍晚","张家港市西张建筑工程有限公司驻苏州办事处","1"
"夏季下午","虎山公园","1"
"夏季下午","马占山","1"
"夏季深夜","淀山湖","1"
"夏季下午","陈桁村(公交站)","1"
"夏季晚上","谢洼(公交站)","1"
"夏季下午","承平村村委会","1"
"夏季上午","绿园路与花园路交叉口","1"
"夏季上午","中国石化三山加油站","1"
"夏季上午","中山路","1"
"夏季下午","殷庄渡口","1"
"夏季下午","南门广场","1"
"夏季下午","马街镇人民政府(陆水线)","1"
"夏季下午","巍宝山乡合作村退役军人服务站","1"
"夏季晚上","中国石化城北加油站","1"
"夏季上午","金碧公园","1"
"夏季下午","府前大街与邮政路交叉口","1"
"夏季下午","中和路","1"
"夏季下午","付庄村村委会","1"
"夏季下午","金园路","1"
"夏季下午","长安汽车长安欧尚","1"
"夏季上午","鼎泰家园","1"
"夏季上午","周恩来同志故居","1"
"夏季早上","凤山公园","1"
"夏季傍晚","南桥镇人民政府","1"
"夏季下午","好未来教育","1"
"夏季下午","沙滨路","1"
"夏季上午","文城镇人民政府","1"
"夏季晚上","新厂西路","1"
"夏季傍晚","铜川市耀州区人民法院","1"
"夏季下午","牌坊湾(公交站)","1"
"夏季上午","白驹镇人民政府","1"
"夏季傍晚","狮子山","1"
"夏季晚上","杭州光明顶民宿","1"
"夏季下午","新沟镇小学","1"
"夏季下午","济南市历下区房屋管理服务中心公用公房服务部","1"
"夏季下午","天井村村民委员会","1"
"夏季晚上","曹家簖村委会","1"
"夏季晚上","台电大坑水库","1"
"夏季上午","华山路","1"
"夏季上午","红旗医院","1"
"夏季下午","先锋花园","1"
"夏季下午","承修四路","1"
"夏季下午","青树村委会","1"
"夏季中午","青林湾大桥","1"
"夏季上午","人民医院","1"
"夏季下午","安阳市实验中学","1"
"夏季中午","钱塘路","1"
"夏季上午","西安大悦城","1"
"夏季中午","北雀路","1"
"夏季上午","河东镇政府","1"
"夏季上午","环城路","1"
"夏季晚上","近湖镇财政管理所","1"
"夏季晚上","长宁路","1"
"夏季傍晚","高时明墓","1"
"夏季下午","百步亭花园","1"
"夏季上午","杞福巷","1"
"夏季下午","东关大街","1"
"夏季早上","安阳市实验中学","1"
"夏季上午","英科医疗","1"
"夏季晚上","南湖酒店","1"
"春季下午","李村","1"
"夏季上午","禹王台公园","1"
"春季下午","朝阳大街","1"
"春季上午","仁和广场","1"
"春季下午","健康路与建设大道交叉口","1"
