reason,location,count
对周围环境不熟悉,北京大兴国际机场工作区,10
对周围环境不熟悉,上海浦东国际机场,7
迷路人员年龄过大,G0421许广高速,7
迷路人员年龄过大,长安医药,6
对周围环境不熟悉,北京大兴国际机场建设指挥部,5
迷路人员年龄过大,沙坪坝,4
迷路人员年龄过大,G4京港澳高速,4
迷路人员年龄过大,滁州(南京国际博览中心),4
迷路人员年龄过大,万达广场,4
受天气影响,古城供销,3
迷路人员年龄过大,包河大道,3
迷路人员年龄过大,G40沪陕高速,3
迷路人员年龄过大,峨山互通,3
迷路人员年龄过大,龙门石窟,3
迷路人员年龄过大,G72泉南高速,3
迷路人员年龄过大,逻岗镇人民政府,3
迷路人员年龄过大,G25长深高速,3
迷路人员年龄过大,G55二广高速,3
迷路人员年龄过大,G56杭瑞高速,3
迷路人员年龄过大,G50沪渝高速,3
迷路人员年龄过大,G5京昆高速,3
迷路人员年龄过大,G65包茂高速,3
迷路人员年龄过大,万达广场(合肥包河店),3
迷路人员年龄过大,安德,3
迷路人员年龄过大,南京江北新区,3
迷路人员年龄过大,长江路,3
迷路人员年龄过大,大唐西市,3
迷路人员年龄过大,八一路与归德路交叉口,3
迷路人员年龄过大,解放路,3
迷路人员年龄过小,朝阳路,3
迷路人员年龄过大,大同路与福寿街交叉口,3
对周围环境不熟悉,洪崖洞民俗风貌区,2
受天气影响,太舞度假小镇,2
对周围环境不熟悉,越秀公园,2
迷路人员年龄过大,盘锦银行(盘山支行),2
对周围环境不熟悉,上海虹桥站,2
对周围环境不熟悉,北京市人民政府(旧址),2
对周围环境不熟悉,朝阳公园,2
对周围环境不熟悉,北京南站,2
对周围环境不熟悉,中共咸阳市公安局渭城分局纪律检查委员会,2
迷路人员年龄过大,新站区,2
对周围环境不熟悉,岗厦北(地铁站),2
迷路人员年龄过大,雀儿山公园,2
迷路人员年龄过大,三板溪公园,2
迷路人员年龄过大,鸳鸯池公园,2
迷路人员年龄过大,十二生肖公园,2
迷路人员年龄过小,北京大兴国际机场工作区,2
对周围环境不熟悉,广州白云国际机场,2
对周围环境不熟悉,重庆江北国际机场,2
对周围环境不熟悉,上海虹桥国际机场2号航站楼,2
迷路人员年龄过大,机场路,2
对周围环境不熟悉,郑州新郑国际机场,2
迷路人员身处野外,上里古镇,2
迷路人员年龄过大,龚家岭收费站(S7武鄂高速西北向),2
迷路人员年龄过大,新华广场,2
迷路人员年龄过大,翠园路,2
迷路人员身处野外,御福酒业(禹洲中央海岸二期店),2
迷路人员年龄过大,北辰路与站前路交叉口,2
迷路人员年龄过大,龙山镇人民政府,2
迷路人员年龄过小,滨江路,2
迷路人员年龄过大,山大南路,2
迷路人员年龄过大,中国福利彩票(江汉印象城B座店),2
迷路人员年龄过大,东山市场,2
迷路人员年龄过小,中原西路杏湾路(公交站),2
迷路人员年龄过大,向荣巷与自强东路交叉口,2
迷路人员身处野外,云顶岩寺,2
迷路人员年龄过大,顺河村村民委员会,2
迷路人员年龄过大,S24绍诸高速,2
迷路人员年龄过大,阳台山,2
迷路人员年龄过大,G15沈海高速,2
迷路人员年龄过大,龙阳大道,2
迷路人员年龄过大,G45大广高速入口(长春方向),2
迷路人员年龄过大,S1济聊高速,2
迷路人员年龄过大,G30连霍高速,2
迷路人员年龄过小,G1211吉黑高速,2
迷路人员年龄过大,四会市森普新材料科技有限公司,2
迷路人员年龄过大,苗王城西收费站(S15松从高速入口),2
迷路人员年龄过小,G4221沪武高速,2
迷路人员年龄过小,郑州财经学院,2
迷路人员年龄过大,G3京台高速,2
迷路人员年龄过大,华鲁街与建设路交叉口,2
迷路人员年龄过大,S12申嘉湖高速,2
迷路人员年龄过小,逻岗镇人民政府,2
迷路人员年龄过小,G4京港澳高速,2
迷路人员年龄过大,郴州市儿童医院,2
迷路人员年龄过大,黄陂区六指街道西湖村委会,2
迷路人员自身疾病影响,桂东县人民医院,2
迷路人员年龄过大,北京西站,2
迷路人员年龄过大,滨河路,2
迷路人员年龄过大,燕郊镇人民政府,2
迷路人员年龄过大,儿童公园,2
迷路人员年龄过大,新民场,2
迷路人员年龄过大,廉州镇廉西小学,2
迷路人员年龄过大,东关屯派出所,2
迷路人员年龄过小,彭水妇幼保健院,2
迷路人员年龄过小,解放西路,2
迷路人员年龄过大,星力城A馆,2
迷路人员年龄过大,遵义医学院(公交站),2
迷路人员年龄过大,金华村委会,2
对周围环境不熟悉,上海月星环球港,2
迷路人员年龄过小,振兴街,2
迷路人员年龄过小,郑州市金水区人民法院,2
迷路人员年龄过大,湖岸新城,2
迷路人员年龄过小,红旗路,2
迷路人员年龄过大,武汉站,2
迷路人员年龄过大,杭州(包含宁波),2
迷路人员年龄过小,古曲路,2
迷路人员年龄过大,丛台路,2
迷路人员身处野外,厦门园林博览苑,2
迷路人员年龄过大,梁山村村民委员会,2
迷路人员年龄过大,观堂乡人民政府,2
迷路人员年龄过大,银河路,2
迷路人员年龄过大,天宫北路,2
迷路人员年龄过大,胜利东街,2
迷路人员年龄过大,大同路,2
迷路人员年龄过大,王家台后村级组织服务站,2
迷路人员年龄过小,太湖路与济南路交叉口,2
迷路人员年龄过大,杞福巷,2
迷路人员年龄过大,武昌站,2
迷路人员年龄过大,东关大街,2
迷路人员年龄过大,新兴路,2
迷路人员年龄过大,学院路,2
迷路人员年龄过大,铁橛山路,2
迷路人员年龄过大,洛门镇人民政府,2
迷路人员年龄过大,曙光小区,2
迷路人员年龄过大,获鹿镇人民政府,2
迷路人员年龄过大,磨石庵村公益电影放映点,2
迷路人员年龄过大,安阳市实验中学,2
对周围环境不熟悉,后城镇人民政府,1
受天气影响,市道路运输管理局(公交站),1
受天气影响,乐天大街,1
无法使用或缺少导航,忻州师范学院(新校区),1
导航出错或失效,四川省成都市武侯高级中学,1
迷路人员年龄过小,东华大学延安路校区,1
对周围环境不熟悉,龙湖西安曲江星悦荟,1
无法使用或缺少导航,北京银泰中心in01,1
受天气影响,盘龙立交,1
受天气影响,辽河,1
受天气影响,海淀区第二实验小学(清宁校区),1
无法使用或缺少导航,长沙黄花国际机场,1
无法使用或缺少导航,首尔798韩国料理地区(五道口东源店),1
受天气影响,室内步行街(南坪万达广场店),1
受天气影响,风景区(公交站),1
无法使用或缺少导航,海底捞火锅(悠方店),1
对周围环境不熟悉,俪湖天地,1
受天气影响,勒泰中心,1
过度依赖导航,光谷,1
对周围环境不熟悉,天津站(地铁站),1
对周围环境不熟悉,万达广场(重庆南坪店),1
迷路人员自身疾病影响,涠洲岛,1
对周围环境不熟悉,清华大学,1
迷路人员年龄过小,北京朝阳站(地铁站),1
迷路人员年龄过小,桂元村村委会,1
对周围环境不熟悉,甲秀南路,1
迷路人员身处野外,天池山,1
无法使用或缺少导航,海心沙亚运公园,1
对周围环境不熟悉,赣州市人民医院,1
受天气影响,乌兰布统景区,1
迷路人员身处野外,北京西山国家森林公园鬼笑石,1
对周围环境不熟悉,岳家湖公园,1
迷路人员自身性格习惯影响,凤凰南华门山庄,1
迷路人员年龄过小,星河驾校,1
受天气影响,麒麟庄园,1
对周围环境不熟悉,万象城二期,1
对周围环境不熟悉,朱家角,1
迷路人员年龄过大,花乡茶叶,1
迷路人员自身性格习惯影响,银座商城(东城店),1
无法使用或缺少导航,高行绿洲五期,1
无法使用或缺少导航,朱家花园,1
对周围环境不熟悉,两路口(地铁站),1
对周围环境不熟悉,山东(青岛国际会展中心),1
对周围环境不熟悉,弹子石,1
迷路人员年龄过小,花果园,1
受天气影响,阅城国际花园,1
迷路人员年龄过小,海宴镇望头村新时代文明实践站,1
对周围环境不熟悉,仓山园生活区,1
迷路人员身处野外,莲花山公园,1
对周围环境不熟悉,洪山区行政中心,1
迷路人员年龄过小,余姚路与胶州路交叉口,1
受天气影响,东六环,1
迷路人员自身疾病影响,窑埠古镇,1
迷路人员年龄过小,桃园二巷,1
对周围环境不熟悉,蓝月湾(公交站),1
受天气影响,龙胜管,1
受天气影响,麻省理功-深海烤鱼(江南环球港店),1
无法使用或缺少导航,洱海公园,1
迷路人员年龄过小,芙蓉南路,1
对周围环境不熟悉,鼓浪屿,1
受天气影响,华信家园,1
对周围环境不熟悉,二厂文创公园,1
无法使用或缺少导航,富华泸州桂圆,1
迷路人员自身疾病影响,桓仁客运站,1
不信任导航而选择错误路线,龙首原(地铁站),1
对周围环境不熟悉,丽江古城,1
无法使用或缺少导航,天津市咸水沽第一中学,1
无法使用或缺少导航,喻园小区一期,1
对周围环境不熟悉,富克斯流行广场,1
无法使用或缺少导航,红博会展购物广场,1
对周围环境不熟悉,茂业天地(清扬店),1
对周围环境不熟悉,南湖路,1
迷路人员身处野外,龙池国家森林公园,1
迷路人员年龄过小,上海虹桥站,1
对周围环境不熟悉,古城供销,1
迷路人员身处野外,谷山林场,1
对周围环境不熟悉,大庆油田总医院,1
无法使用或缺少导航,武汉大学,1
对周围环境不熟悉,五源河体育场,1
迷路人员年龄过小,湖南第一师范学院(东方红校区),1
迷路人员年龄过小,郑州市森林公园,1
受天气影响,枣庄职业学院,1
对周围环境不熟悉,乐居场小区,1
迷路人员自身性格习惯影响,河南省人民医院,1
对周围环境不熟悉,奥林匹克森林公园,1
对周围环境不熟悉,北岭山森林公园,1
无法使用或缺少导航,圣象天门服务中心,1
对周围环境不熟悉,深圳华侨城旅游度假区-生态广场,1
对周围环境不熟悉,照母山森林公园,1
导航出错或失效,海底捞外送(金通路店),1
对周围环境不熟悉,武汉科学技术馆,1
受天气影响,帝都广场写字楼,1
对周围环境不熟悉,重庆西站,1
迷路人员年龄过小,王府井购物中心,1
对周围环境不熟悉,玄武湖公园,1
受天气影响,银泰红城(建设中),1
受天气影响,解放碑步行街,1
导航出错或失效,燕郊,1
受天气影响,河南水利与环境职业学院花园路校区,1
对周围环境不熟悉,葡文书局,1
对周围环境不熟悉,莘庄(地铁站),1
无法使用或缺少导航,马祖岩村委会,1
迷路人员年龄过小,临汾职业技术学院,1
过度依赖导航,武汉大学图书馆(总馆),1
过度依赖导航,兰州大学城关校区,1
无法使用或缺少导航,新城花园(维扬路),1
对周围环境不熟悉,武汉大学,1
无法使用或缺少导航,横岗,1
无法使用或缺少导航,平遥古城,1
迷路人员年龄过小,角门西里七号院,1
迷路人员身处野外,平遥古城,1
无法使用或缺少导航,丽达购物中心,1
受天气影响,聊城大学东校区,1
无法使用或缺少导航,龙湖重庆时代天街,1
对周围环境不熟悉,杨柳青,1
无法使用或缺少导航,创富大厦(大连路),1
迷路人员年龄过大,岳都海景公寓,1
受天气影响,玉舍收费站(G56杭瑞高速出口),1
迷路人员身处野外,澳海·澜庭,1
对周围环境不熟悉,光谷,1
受天气影响,李子坝村村民委员会,1
受天气影响,北京站,1
无法使用或缺少导航,中基宁波集团,1
对周围环境不熟悉,河南科技学院图书馆,1
迷路人员身处野外,豹澥街道社区居委会,1
迷路人员身处野外,姜山路,1
对周围环境不熟悉,大同大学(御东校区南校区),1
受天气影响,观音桥,1
迷路人员身处野外,白马公园,1
受天气影响,西善桥,1
受天气影响,平江路,1
受天气影响,宜兰县,1
受天气影响,洪崖洞民俗风貌区,1
对周围环境不熟悉,大学城馨园,1
不信任导航而选择错误路线,郑州东站,1
迷路人员自身疾病影响,徐州市贾汪区人民医院,1
受天气影响,光谷广场,1
对周围环境不熟悉,青岛路,1
过度依赖导航,星巴克(深圳阿里中心店),1
迷路人员身处野外,青铜山,1
过度依赖导航,南宁中房,1
迷路人员年龄过小,武夷学院,1
对周围环境不熟悉,海淀黄庄(地铁站),1
迷路人员年龄过小,创维大厦,1
迷路人员自身疾病影响,漓江景区竹筏游览售票处,1
受天气影响,河北医科大学中山校区,1
迷路人员身处野外,南山公园,1
无法使用或缺少导航,潮宗御苑,1
对周围环境不熟悉,狮山镇人民政府,1
对周围环境不熟悉,中南民族大学,1
迷路人员年龄过小,董公寺社区卫生服务中心,1
无法使用或缺少导航,老牌柳来香螺蛳粉(星湖路店),1
受天气影响,凤凰南华门山庄,1
无法使用或缺少导航,巨甸派出所,1
对周围环境不熟悉,化龙桥(地铁站),1
无法使用或缺少导航,万达广场(厦门湖里店),1
无法使用或缺少导航,世界金龙大厦,1
迷路人员自身性格习惯影响,北京市人民政府(旧址),1
迷路人员年龄过小,丽江古城博物院-木府,1
对周围环境不熟悉,威尼斯酒店,1
受天气影响,庐山国家级旅游风景名胜区,1
对周围环境不熟悉,电子科技大学清水河校区,1
迷路人员年龄过大,阜埠河(地铁站),1
对周围环境不熟悉,清河站,1
对周围环境不熟悉,北大街,1
迷路人员年龄过大,秣周东路(地铁站),1
迷路人员年龄过大,上海市杨浦区四平街道敬老院,1
受天气影响,虹桥街道办事处,1
对周围环境不熟悉,徐家棚桥,1
迷路人员年龄过大,南湖公园,1
迷路人员年龄过大,钱塘市民中心,1
对周围环境不熟悉,宝龙广场-兴元(宝龙城市广场南区B店),1
迷路人员年龄过小,招商花园城-POP MART(高新招商花园城北区店),1
迷路人员年龄过大,国贸(地铁站),1
迷路人员身处野外,杭州西湖风景名胜区-汪宅,1
迷路人员年龄过大,王家湾(地铁站),1
迷路人员年龄过大,良渚,1
迷路人员年龄过小,钟楼(地铁站),1
对周围环境不熟悉,宝龙同乐(地铁站),1
迷路人员年龄过大,贡茶(龙翔学校店),1
迷路人员年龄过大,合肥站,1
对周围环境不熟悉,黄木岗,1
对周围环境不熟悉,冉家坝(地铁站),1
无法使用或缺少导航,西安站,1
迷路人员年龄过大,武陟医院,1
对周围环境不熟悉,万象城,1
对周围环境不熟悉,郑州东站,1
迷路人员年龄过小,银河歌城KTV,1
迷路人员年龄过大,紫阳湖公园站自行车租赁点,1
对周围环境不熟悉,七星景区,1
迷路人员年龄过大,雁鸣湖镇政府,1
受天气影响,中国科学院西双版纳热带植物园(昆明分部),1
迷路人员年龄过大,黄山鲁森林公园,1
迷路人员年龄过大,雨山湖公园,1
迷路人员年龄过小,首都师范大学,1
迷路人员身处野外,市民公园,1
迷路人员年龄过小,赤山湖国家湿地公园,1
迷路人员年龄过大,三角公园,1
对周围环境不熟悉,三一堂,1
迷路人员年龄过小,南海子公园,1
迷路人员年龄过大,现代森林花园,1
迷路人员年龄过小,鲁迅公园,1
对周围环境不熟悉,荔林公园,1
受天气影响,慕士塔格冰川公园,1
迷路人员年龄过大,文化公园(公交站),1
迷路人员年龄过小,观山湖公园,1
迷路人员年龄过大,神仙湾,1
迷路人员年龄过小,南京老山国家森林公园,1
迷路人员年龄过大,双女石公园,1
迷路人员年龄过大,神山公园,1
迷路人员年龄过大,青岛胶州湾隧道,1
迷路人员年龄过小,厉厉茶·新烈士陵园店,1
迷路人员年龄过大,丰荷山,1
对周围环境不熟悉,成都双流国际机场,1
迷路人员年龄过大,重庆江北国际机场T2A航站楼,1
迷路人员年龄过大,空港市场,1
对周围环境不熟悉,香港国际机场,1
迷路人员年龄过大,瓦岗镇人民政府,1
受天气影响,五道口(地铁站),1
迷路人员年龄过大,北京首都国际机场3号航站楼,1
迷路人员年龄过大,惠州平潭机场,1
迷路人员年龄过大,图云关隧道,1
对周围环境不熟悉,岗厦(地铁站),1
迷路人员年龄过大,上海虹桥国际机场,1
对周围环境不熟悉,北新桥(地铁站),1
对周围环境不熟悉,成都天府国际机场,1
受天气影响,贵阳龙洞堡国际机场,1
对周围环境不熟悉,南京禄口国际机场,1
受天气影响,泉州晋江国际机场,1
无法使用或缺少导航,安慧桥,1
迷路人员年龄过大,潮汕机场城市候机楼,1
迷路人员年龄过大,台北四村,1
迷路人员年龄过小,广州白云国际机场店,1
对周围环境不熟悉,北京首都国际机场3号航站楼,1
迷路人员年龄过大,遂城街道办事处,1
受天气影响,重庆江北国际机场,1
迷路人员年龄过大,黄陂立交桥,1
受天气影响,G8511昆磨高速,1
迷路人员年龄过大,南京禄口国际机场,1
迷路人员年龄过大,北京大兴国际机场建设指挥部,1
迷路人员年龄过小,香榭丽都,1
对周围环境不熟悉,深圳宝安机场(公交站),1
迷路人员年龄过大,襄阳刘集机场,1
迷路人员年龄过大,S92机场高速,1
迷路人员年龄过大,收货区,1
对周围环境不熟悉,北京(上海东昌店),1
迷路人员年龄过大,经十路与长江东路交叉口,1
受天气影响,上海商城,1
迷路人员年龄过小,河南中原高速公路股份有限公司(航空港分公司),1
迷路人员年龄过大,延安南泥湾机场,1
迷路人员年龄过大,机场路与鄞县大道交叉口,1
迷路人员年龄过大,浃底隧道,1
对周围环境不熟悉,西安咸阳机场大巴(西稍门站),1
迷路人员年龄过大,重庆江北国际机场,1
对周围环境不熟悉,临沂启阳机场,1
对周围环境不熟悉,新街口(地铁站),1
对周围环境不熟悉,S12机场高速,1
受天气影响,良子健身(华贸一店),1
迷路人员年龄过大,北京首都国际机场,1
迷路人员年龄过大,章丘龙山,1
迷路人员年龄过大,洛阳理工学院开元校区,1
迷路人员年龄过大,S33济徐高速,1
受天气影响,广州白云国际机场,1
受天气影响,大连周水子国际机场,1
迷路人员年龄过大,贵阳龙洞堡国际机场,1
受天气影响,西安咸阳机场大巴(西稍门站),1
对周围环境不熟悉,北京首都国际机场2号航站楼,1
对周围环境不熟悉,广州白云国际机场店,1
对周围环境不熟悉,南京禄口国际机场泰州城市候机楼,1
对周围环境不熟悉,小鹏汽车成都机场路销售服务中心停车场,1
迷路人员年龄过大,西安咸阳国际机场,1
迷路人员年龄过小,容海苑,1
迷路人员年龄过大,成都双流国际机场,1
迷路人员年龄过小,机场大道与甬江路交叉口,1
迷路人员年龄过小,荆监一级公路,1
迷路人员年龄过大,徐家楼社区,1
迷路人员年龄过大,建设大街,1
迷路人员年龄过小,西樵,1
迷路人员年龄过大,大坪路,1
迷路人员年龄过大,泰山路,1
迷路人员年龄过大,郑州现代农业示范区管理委员会,1
迷路人员年龄过大,窑岭湘雅二医院(地铁站),1
迷路人员年龄过大,笋岗(地铁站),1
迷路人员年龄过大,悦荟广场,1
迷路人员年龄过大,七寨湖公园,1
迷路人员年龄过大,安徽省昭潭中学,1
迷路人员年龄过大,李村村委会,1
迷路人员年龄过大,厦门市同安区褒建筑农资店,1
迷路人员年龄过大,江变超市,1
迷路人员年龄过大,北外环路,1
迷路人员身处野外,龙居寺村村民委员会,1
迷路人员年龄过小,厦门市同安工业集中区,1
迷路人员年龄过大,俱乐部,1
迷路人员年龄过大,临港路,1
迷路人员年龄过大,林家村镇人民政府,1
对周围环境不熟悉,中山一路,1
受天气影响,碧鸡关隧道,1
迷路人员年龄过小,隧道口(公交站),1
迷路人员年龄过大,都市广场(都司街),1
迷路人员年龄过大,云林东路,1
迷路人员年龄过小,万福路,1
迷路人员年龄过大,九都西路珠江路口西(公交站),1
迷路人员年龄过大,长安中路与阜民街交叉口,1
迷路人员身处野外,中山西路-路侧停车位,1
迷路人员年龄过大,达州客运南站,1
迷路人员年龄过大,护国市场监管所,1
迷路人员年龄过大,团结南路,1
迷路人员年龄过大,石龙镇人民政府,1
对周围环境不熟悉,王楼村村委会,1
迷路人员年龄过大,高新四路光谷二路(公交站),1
迷路人员年龄过小,君子路,1
迷路人员年龄过大,长江二桥,1
迷路人员年龄过大,人民中路,1
迷路人员年龄过大,济宁高新区创业园,1
迷路人员年龄过大,东湖·御院,1
迷路人员年龄过小,中海公园,1
迷路人员年龄过小,万秀菜市,1
迷路人员年龄过大,云丰村站(公交站),1
迷路人员年龄过小,万象影城(庐阳万象汇LUXE店),1
导航出错或失效,仁寿村民委员会,1
受天气影响,华山绿地,1
迷路人员年龄过大,五龙口街,1
迷路人员年龄过大,苏州中惠铂尔曼酒店,1
受天气影响,上海虹桥国际机场,1
迷路人员年龄过大,长安广场,1
迷路人员年龄过小,阳光小学,1
迷路人员年龄过大,河南省鹤壁市山城区前进路南头旺杰钢材销售部,1
迷路人员年龄过大,正阳南路,1
迷路人员年龄过大,牟山大道,1
迷路人员年龄过大,朝阳街,1
迷路人员年龄过大,馨苑10区,1
迷路人员年龄过大,黎阳路,1
迷路人员年龄过大,小淖尔出口(G6京藏高速东向),1
迷路人员年龄过大,G1京哈高速入口(锦州方向),1
迷路人员年龄过大,世纪广场轻轨站(公交站),1
迷路人员年龄过大,爱民街,1
迷路人员年龄过大,南小爱民街,1
迷路人员年龄过大,北四环,1
迷路人员年龄过大,象山北路,1
迷路人员年龄过大,丰庆路与博颂路交叉口,1
迷路人员年龄过大,山河路,1
迷路人员年龄过大,荆中路,1
受天气影响,唐古拉山镇政府,1
迷路人员年龄过大,三里河街道办事处,1
迷路人员年龄过大,武汉欢乐谷,1
迷路人员年龄过大,东环服务区,1
迷路人员年龄过大,野芷湖大桥,1
迷路人员年龄过小,榆树弓棚镇收费站(G1015铁科高速出口),1
迷路人员年龄过小,G2501南京绕城高速与G40沪陕高速交叉口,1
对周围环境不熟悉,兴隆街(公交站),1
迷路人员年龄过大,南四环西路,1
迷路人员身处野外,龙门涧风景区,1
迷路人员年龄过小,龙洞风景区,1
受天气影响,凤凰沟,1
受天气影响,北京市人民政府(旧址),1
受天气影响,小安子(公交站),1
迷路人员年龄过大,农科路,1
迷路人员年龄过大,北焦坡村村委会,1
迷路人员年龄过大,郑州十八里河收费站(京广快速路出口),1
迷路人员年龄过大,梨树东出口(G1京哈高速东北向),1
迷路人员年龄过小,光谷创业街,1
迷路人员年龄过大,墨水湖大桥,1
迷路人员年龄过大,山东高速,1
迷路人员年龄过大,少先路与民族东路交叉口,1
迷路人员年龄过大,新乡市场,1
迷路人员年龄过大,美年大健康(郑州四分院),1
迷路人员年龄过大,观音垱(公交站),1
迷路人员年龄过大,兴隆路与火炬二路交叉口,1
迷路人员年龄过大,回河南街社区管理委员会,1
迷路人员年龄过小,新安镇人民政府,1
迷路人员年龄过大,省武警总队(公交站),1
迷路人员年龄过大,长青收费站(四环线出口),1
迷路人员年龄过大,汉中,1
迷路人员年龄过大,G12珲乌高速,1
迷路人员年龄过小,二七广场,1
迷路人员年龄过小,中山路,1
迷路人员年龄过大,东吴大道四明路(公交站),1
迷路人员年龄过大,南部战区总医院(越秀院区),1
迷路人员年龄过大,秦淮区中医医院,1
受天气影响,古道休闲吧,1
迷路人员年龄过大,玉湛高速,1
迷路人员年龄过小,寿宁收费站(G4012溧宁高速入口),1
迷路人员年龄过大,松原西收费站(G12珲乌高速入口),1
迷路人员年龄过大,长沙银行(怀化分行),1
迷路人员年龄过大,大同收费站(G55二广高速出口),1
迷路人员年龄过大,赛格隧道,1
迷路人员年龄过大,G35济广高速,1
迷路人员年龄过大,秦皇岛西收费站(G0111秦滨高速出口),1
对周围环境不熟悉,G10绥满高速,1
迷路人员年龄过大,铜鼓隧道,1
迷路人员年龄过大,台商区,1
迷路人员年龄过大,陕坝停车区(建设中),1
迷路人员年龄过大,中村电器,1
迷路人员年龄过大,G70福银高速,1
迷路人员年龄过大,双辽南收费站(G25长深高速出口),1
迷路人员年龄过大,G0121京秦高速,1
迷路人员年龄过小,沂源东收费站(G22青兰高速出口),1
迷路人员年龄过大,干杉收费站(S42江干高速出口),1
迷路人员年龄过大,鉴湖服务区,1
迷路人员年龄过大,东高村4区,1
迷路人员年龄过大,清镇收费站(G60沪昆高速出口),1
迷路人员年龄过大,S1成万高速,1
迷路人员年龄过小,日月山水,1
迷路人员年龄过大,张家界收费站(G5513长张高速出口),1
迷路人员年龄过大,沛县安国中学,1
迷路人员年龄过大,昌栗高速,1
迷路人员年龄过小,S20毕威高速,1
迷路人员年龄过大,S11牡延高速,1
迷路人员年龄过大,S15铜大高速,1
迷路人员年龄过大,晋江南收费站(S58晋长高速入口),1
迷路人员年龄过大,东山陈村办公楼,1
迷路人员年龄过小,G35济广高速,1
迷路人员年龄过小,G0421许广高速,1
迷路人员年龄过大,城中村委会,1
迷路人员年龄过大,桐子李村,1
迷路人员年龄过大,天井关隧道,1
迷路人员年龄过小,芮城服务区与G59呼北高速交叉口,1
迷路人员年龄过大,新塘收费站(G4京港澳高速出口),1
对周围环境不熟悉,和县收费站(S22天天高速出口),1
迷路人员年龄过大,古城滩收费站(G6521榆蓝高速出口),1
迷路人员年龄过大,S14汕湛高速,1
迷路人员自身性格习惯影响,中山坑,1
迷路人员年龄过小,东二环(地铁站),1
迷路人员年龄过小,文陂收费站(S61吉安绕城高速入口),1
迷路人员年龄过大,青菱湖,1
迷路人员年龄过大,梁文海汽车维修部,1
迷路人员年龄过大,南岳收费站(S51南岳高速东南向),1
迷路人员年龄过大,G20青银高速,1
迷路人员年龄过大,威海收费站(G18荣乌高速西南向),1
迷路人员年龄过大,S11京承高速入口(京承高速方向),1
迷路人员年龄过大,仁和收费站(S32西绵高速出口),1
迷路人员年龄过小,京港澳高速口(公交站),1
对周围环境不熟悉,田里隧道群2号,1
迷路人员年龄过大,延吉西收费站(S12延龙高速入口),1
迷路人员年龄过大,G60沪昆高速入口(娄底方向),1
迷路人员年龄过大,S88郑栾高速,1
迷路人员年龄过大,兰海(公交站),1
迷路人员年龄过大,清远西收费站(G0421许广高速出口),1
迷路人员年龄过大,吉林省延边朝鲜族自治州人民检察院,1
迷路人员年龄过大,北门市场(北环城路),1
迷路人员年龄过大,G4京港澳高速入口(郑州方向),1
迷路人员年龄过大,商丘奥林水泥(南丰直销处),1
迷路人员年龄过大,南陵家发服务区餐厅,1
迷路人员年龄过大,G1015铁科高速,1
迷路人员年龄过大,漳平南收费站(S30永漳高速出口),1
迷路人员年龄过小,G50沪渝高速,1
迷路人员年龄过大,淹城服务区,1
迷路人员年龄过大,达川区百节镇工会,1
迷路人员年龄过大,沅江南收费站(S71华常高速入口),1
迷路人员年龄过大,中山西路-路侧停车位,1
迷路人员年龄过大,枣乡街与民生路交叉口,1
迷路人员年龄过大,京港澳高速口(公交站),1
迷路人员年龄过大,山东高速大厦,1
迷路人员年龄过大,诸暨收费站(G60沪昆高速出口),1
迷路人员年龄过大,棉洋服务区,1
对周围环境不熟悉,栖霞收费站(G25长深高速入口),1
迷路人员年龄过大,合安高速改扩建项目办,1
迷路人员年龄过小,东阳收费站(G1512甬金高速入口),1
迷路人员年龄过大,G9812海琼高速,1
迷路人员年龄过大,大广高速魏县连接线与G45大广高速入口交叉口,1
迷路人员年龄过大,S80衡邵高速,1
迷路人员年龄过大,S27东永高速,1
迷路人员年龄过大,乳山东立交,1
迷路人员年龄过大,蜀源大道,1
迷路人员年龄过大,龙城隧道,1
迷路人员年龄过大,红旗村村委会,1
迷路人员年龄过大,北五女(公交站),1
迷路人员年龄过大,内环路,1
迷路人员年龄过大,栖霞收费站(G25长深高速入口),1
迷路人员年龄过大,芜宣枢纽与G50沪渝高速交叉口,1
对周围环境不熟悉,104国道,1
迷路人员年龄过大,王河服务区（沪渝高速上海方向）,1
迷路人员年龄过小,东山,1
迷路人员年龄过大,绕城高速(公交站),1
迷路人员年龄过大,马鞍山,1
迷路人员年龄过大,G5012恩广高速,1
迷路人员年龄过大,无棣收费站(G18荣乌高速入口),1
迷路人员年龄过大,G45大广高速,1
迷路人员年龄过大,永乐花海,1
迷路人员年龄过小,宣威复兴收费站(S11威砚高速出口西南向),1
迷路人员年龄过大,茨营收费站(S11威砚高速出口),1
迷路人员年龄过大,罗平北收费站(G78汕昆高速出口),1
迷路人员年龄过大,S12滁新高速,1
对周围环境不熟悉,巢黄高速与巢黄高速入口交叉口,1
迷路人员年龄过大,玉溪村民委员会,1
迷路人员年龄过大,巢黄高速,1
迷路人员年龄过大,奥林匹克花园2期停车场(出入口),1
迷路人员年龄过大,梧州南高速路口(公交站),1
迷路人员年龄过大,利川收费站(G50沪渝高速出口),1
迷路人员年龄过大,绍兴收费站(G92杭州湾环线高速出口),1
迷路人员年龄过大,滨州东收费站(G2516东吕高速出口),1
迷路人员年龄过大,分水岭隧道,1
迷路人员年龄过大,安岳服务区驿路香自选式快餐,1
迷路人员年龄过大,朝阳镇人民政府,1
受天气影响,晴隆服务区,1
迷路人员年龄过大,成环路与S2成巴高速入口交叉口,1
迷路人员年龄过小,盛乐镇(公喇嘛)(公交站),1
迷路人员年龄过大,互通区主线2号桥,1
迷路人员年龄过大,东平收费站(G35济广高速入口),1
迷路人员年龄过大,安吉北收费站(S14杭长宜高速出口),1
迷路人员年龄过大,史回收费站(青兰线东向),1
迷路人员年龄过大,滁淮高速,1
对周围环境不熟悉,马鞍山,1
迷路人员年龄过小,务川收费站(S10德习高速入口正务高速方向),1
迷路人员年龄过小,诸暨收费站(G60沪昆高速出口),1
对周围环境不熟悉,南漳服务区,1
迷路人员年龄过大,西柏坡高速,1
迷路人员年龄过大,丽水北收费站(G25长深高速出口),1
迷路人员年龄过大,宁杭高速,1
迷路人员年龄过大,秦安互通立交,1
迷路人员年龄过大,铁机路(地铁站),1
受天气影响,长沙县黄花镇人民政府,1
迷路人员年龄过大,军运村,1
迷路人员年龄过大,郭店庚辰钢铁宿舍,1
迷路人员年龄过大,水西关南街,1
迷路人员年龄过大,万达广场(湘潭高新店),1
迷路人员年龄过大,阳光城,1
迷路人员年龄过大,古路,1
迷路人员年龄过大,衢州市衢江区湖南镇破石村民委员会,1
迷路人员年龄过小,广阳道与新华路交叉口,1
迷路人员年龄过大,住建局,1
迷路人员年龄过大,荆川公园,1
对周围环境不熟悉,路桥小区(中兴路),1
迷路人员年龄过大,北京银行(青年路支行),1
迷路人员年龄过小,迎宾路,1
迷路人员年龄过大,中山中路,1
迷路人员年龄过大,宝湖国家湿地公园,1
迷路人员年龄过大,红光大道,1
迷路人员年龄过大,泰山大道,1
迷路人员年龄过大,天宇路,1
迷路人员年龄过大,四公里(地铁站),1
迷路人员年龄过大,张集村综治中心,1
迷路人员年龄过大,亨特国际广场,1
迷路人员年龄过大,夏集子(公交站),1
迷路人员年龄过大,资兴市唐洞街道办事处,1
迷路人员年龄过大,中柳林警务站,1
迷路人员年龄过大,大清路,1
迷路人员年龄过大,沣泾大道,1
迷路人员年龄过大,金虎便利(101电车总站店),1
迷路人员年龄过大,三合城村委会,1
迷路人员年龄过大,下林村村委会,1
迷路人员年龄过大,湾甸派出所,1
迷路人员年龄过大,新团路,1
迷路人员年龄过大,奥体中路与轻风路交叉口,1
迷路人员年龄过大,中山北路,1
迷路人员年龄过大,安德街道办事处,1
迷路人员年龄过大,成都市郫都区德源街道禹庙村村民委员会,1
迷路人员年龄过大,增田村(公交站),1
迷路人员年龄过大,大连森林动物园,1
迷路人员年龄过大,南京北站(地铁站),1
迷路人员年龄过大,赵庄村,1
迷路人员年龄过大,梅州站,1
迷路人员年龄过小,纳古派出所,1
迷路人员年龄过大,太白路,1
迷路人员年龄过大,弋矶山,1
迷路人员年龄过大,科研巷,1
迷路人员年龄过小,洪广镇人民政府,1
迷路人员年龄过大,白马镇人民政府,1
迷路人员年龄过大,胜利油田胶管大全,1
迷路人员年龄过大,城隍庙小吃,1
迷路人员年龄过大,针织布匹,1
迷路人员年龄过大,苏山村村民委员会,1
迷路人员年龄过大,五峰派出所,1
迷路人员年龄过大,景山住宅小区,1
迷路人员年龄过大,齐星花园,1
迷路人员年龄过小,鼓楼派出所,1
迷路人员年龄过大,石油路,1
迷路人员年龄过大,夏集镇人民政府,1
迷路人员年龄过大,长安欧尚汽车(广德欧宇),1
迷路人员年龄过大,兴泰路,1
迷路人员年龄过小,知音桥,1
迷路人员年龄过大,司马光东路,1
迷路人员年龄过大,鼓楼(地铁站),1
迷路人员身处野外,王母观,1
迷路人员年龄过小,漳州台商投资区,1
迷路人员年龄过小,虎丘山风景区,1
对周围环境不熟悉,古玩(夫子庙步行街店),1
迷路人员年龄过大,海南路,1
迷路人员年龄过大,大庆路,1
迷路人员年龄过小,孔府孔庙停车场(出入口),1
迷路人员年龄过大,海棠溪(地铁站),1
迷路人员年龄过小,珠江路(地铁站),1
迷路人员年龄过大,志新酷车,1
迷路人员年龄过小,新大街,1
迷路人员年龄过小,紫荆山(地铁站),1
迷路人员身处野外,牛头山国家森林公园,1
迷路人员年龄过大,长白镇人民政府,1
迷路人员年龄过大,牛角沱(地铁站),1
迷路人员年龄过大,重庆万友都成智电iDD长安新能源,1
迷路人员年龄过小,红石咀公园,1
迷路人员年龄过大,归化村村委会,1
迷路人员年龄过大,国宝轮胎,1
对周围环境不熟悉,长安(南宫恒骏店),1
迷路人员年龄过大,七星派出所,1
迷路人员年龄过大,金桥村谭新明卫生室,1
对周围环境不熟悉,西坞岗,1
迷路人员年龄过大,北营新村丰景佳园,1
迷路人员年龄过大,九龙镇人民政府,1
迷路人员年龄过小,缤纷江南,1
迷路人员年龄过大,中国工商银行(南阳仲景路支行),1
迷路人员年龄过小,康金街道兰阳村退役军人服务站,1
迷路人员年龄过大,桂林银行(白圩镇石塘村农村普惠金融综合服务点),1
受天气影响,龙门邨,1
迷路人员年龄过大,青岛市人民政府,1
迷路人员年龄过大,劲松北路,1
迷路人员年龄过小,光南路与环城东路交叉口,1
受天气影响,箭扣长城,1
迷路人员年龄过大,朱穴村村民委员会,1
迷路人员年龄过小,大鹏西路,1
迷路人员年龄过大,罕井镇人民政府,1
迷路人员年龄过大,商丘古城,1
迷路人员年龄过大,江边村东社(公交站),1
迷路人员年龄过大,飞天路,1
迷路人员年龄过小,环城路,1
迷路人员年龄过大,司门口,1
迷路人员年龄过大,北京市丰台区太平桥东里幼儿园,1
迷路人员年龄过大,洽水镇中心小学旺洞教学点,1
迷路人员年龄过大,古城镇人民政府,1
迷路人员年龄过大,烈山,1
迷路人员年龄过大,沿河村村民委员会,1
迷路人员年龄过小,皮塘水库,1
迷路人员年龄过大,大众煤业,1
迷路人员年龄过大,南宁街,1
迷路人员年龄过大,关庙村公益电影放映点,1
迷路人员年龄过小,杭州天目山医院,1
迷路人员年龄过大,长风路,1
迷路人员年龄过大,羊里派出所,1
迷路人员年龄过大,如家酒店(海安中坝南路店),1
迷路人员年龄过大,舟山路,1
迷路人员年龄过大,后马村村民委员会,1
迷路人员年龄过大,路景苑,1
迷路人员年龄过大,龙山,1
迷路人员年龄过大,正太商贸有限公司,1
迷路人员年龄过大,头道街与文峰北街交叉口,1
迷路人员年龄过大,正泰电气股份有限公司,1
迷路人员年龄过大,启东经济开发区,1
迷路人员年龄过大,余杭街道社区卫生服务中心,1
迷路人员年龄过小,南通(南京国际博览中心),1
迷路人员年龄过小,鼓楼(地铁站),1
迷路人员年龄过大,杨安镇人民政府,1
迷路人员年龄过大,国庆路(公交站),1
迷路人员年龄过大,交通路,1
迷路人员年龄过大,丰乐街道(公交站),1
迷路人员年龄过大,三山·时代广场,1
迷路人员年龄过大,胜利路,1
迷路人员年龄过小,曲阜东站(西出站口),1
迷路人员年龄过大,紫蓬镇人民政府,1
迷路人员年龄过小,淮海大道,1
迷路人员年龄过小,四水厂(公交站),1
受天气影响,千灵山,1
迷路人员年龄过大,赵沟,1
迷路人员年龄过大,工业路,1
迷路人员年龄过大,新店镇政府,1
迷路人员年龄过大,铜陵中学,1
迷路人员年龄过大,马桥镇人民政府,1
迷路人员身处野外,五指山,1
迷路人员年龄过大,珠海街道办事处社会治理指挥中心,1
迷路人员年龄过大,新寺社区卫生服务中心,1
迷路人员年龄过大,海口市龙华小学,1
迷路人员年龄过小,螺山路,1
受天气影响,清溪湖,1
迷路人员年龄过大,永前路四区,1
迷路人员年龄过大,闵浦大桥,1
迷路人员年龄过大,平顶山,1
迷路人员年龄过大,手工烘焙,1
受天气影响,瑞香村村民委员会,1
迷路人员年龄过大,马鞍山惠农金融服务室,1
迷路人员年龄过大,汤河,1
对周围环境不熟悉,喜马拉雅瑜伽,1
迷路人员年龄过大,开茂村村民委员会,1
迷路人员年龄过大,株洲市冬季游泳运动协会,1
迷路人员年龄过大,宫夏路,1
迷路人员年龄过大,天雷赛鸽,1
迷路人员年龄过大,佛山街,1
迷路人员年龄过大,紫晨商务酒店,1
迷路人员年龄过大,黄台电厂第五宿舍区,1
迷路人员年龄过小,三里(公交站),1
迷路人员自身疾病影响,广州市番禺区人民政府,1
受天气影响,洛阳桥,1
迷路人员年龄过小,人人乐超市(汉神购物广场店),1
迷路人员年龄过小,人人乐(凤城五路店),1
迷路人员年龄过大,长清大学城商业街,1
迷路人员年龄过大,王府井,1
迷路人员年龄过大,国贸商城,1
对周围环境不熟悉,成都九龙广场,1
迷路人员年龄过小,大中海步行街,1
迷路人员年龄过小,大罗山-瑶溪,1
迷路人员年龄过大,东润·万象城,1
迷路人员年龄过小,七寨湖公园,1
迷路人员年龄过大,大润发(随州店),1
对周围环境不熟悉,武商梦时代,1
迷路人员年龄过小,乐民商厦,1
迷路人员年龄过小,国泰广场,1
对周围环境不熟悉,太古汇,1
迷路人员年龄过大,西亚生活广场(蓼北路),1
对周围环境不熟悉,HappyMart(南京城北万象汇店)(装修中),1
迷路人员年龄过小,洁美万家,1
受天气影响,居然之家(金牛店),1
迷路人员年龄过大,梅溪湖公园,1
迷路人员年龄过大,成都铁路工程学校,1
对周围环境不熟悉,海悦天地,1
迷路人员年龄过小,天汉大道,1
迷路人员年龄过大,硚口路,1
迷路人员年龄过小,林奥CITY PARK,1
迷路人员年龄过大,陵园路与黎明街交叉口,1
迷路人员年龄过小,甲鱼面馆(天龙步行街南街店),1
迷路人员年龄过大,明湖西路,1
迷路人员年龄过大,西安路,1
迷路人员年龄过大,唐山高新区管委会,1
迷路人员年龄过大,五一路,1
对周围环境不熟悉,SM天津滨海城市广场,1
迷路人员年龄过大,堤西路,1
受天气影响,东山百货大楼,1
迷路人员年龄过小,九九广场(美的专卖店),1
迷路人员年龄过大,西郊商场(滨河路)(公交站),1
迷路人员年龄过大,麦德龙(厦门湖里商场),1
迷路人员年龄过大,第三完全小学,1
迷路人员年龄过大,养馋记(文昌路菜场店),1
迷路人员年龄过小,泰盛广场,1
迷路人员年龄过小,南京江北新区,1
迷路人员年龄过小,西安城市运动公园,1
迷路人员年龄过小,开濠花园路,1
迷路人员年龄过小,万达广场商管部,1
迷路人员年龄过小,甲子路,1
迷路人员年龄过大,东风商场,1
迷路人员年龄过大,邯山商场(公交站),1
迷路人员年龄过小,青岛市人民政府,1
对周围环境不熟悉,地下停车场,1
迷路人员年龄过小,扶光书店,1
迷路人员年龄过大,光长村党群服务中心,1
迷路人员年龄过小,江汉路,1
对周围环境不熟悉,浙江大学医学院附属第二医院(解放路院区),1
迷路人员年龄过大,华南社区,1
迷路人员年龄过小,玄武湖公园,1
对周围环境不熟悉,东单(地铁站),1
对周围环境不熟悉,王府井,1
迷路人员年龄过大,绿博园,1
对周围环境不熟悉,江南环球港,1
迷路人员年龄过小,长江路,1
受天气影响,五角场,1
对周围环境不熟悉,民盈·国贸城,1
受天气影响,天府广场,1
迷路人员年龄过小,齐河德百(公交站),1
迷路人员年龄过小,华丰国际商贸城,1
对周围环境不熟悉,来福士购物中心,1
迷路人员年龄过大,天虹(前海店),1
迷路人员年龄过大,好润佳(沅江店),1
对周围环境不熟悉,大连中央大道吾悦广场,1
迷路人员年龄过小,五一广场,1
迷路人员年龄过大,西单,1
迷路人员年龄过大,双拥路,1
迷路人员年龄过大,六和源(上海大花园店),1
对周围环境不熟悉,广州塔,1
迷路人员年龄过小,德思勤城市广场,1
迷路人员年龄过小,文化路,1
迷路人员年龄过小,贰捌商场,1
迷路人员年龄过小,协信星光时代广场,1
迷路人员年龄过小,惠安达物流,1
迷路人员年龄过大,文化路,1
对周围环境不熟悉,海口美兰国际机场,1
迷路人员年龄过小,紫荆山,1
迷路人员年龄过大,容山商场(环镇路),1
迷路人员年龄过小,欧亚大观,1
对周围环境不熟悉,泉州晋江SM国际广场,1
迷路人员年龄过大,延庆观,1
迷路人员年龄过小,神农公园,1
迷路人员年龄过小,归德路,1
受天气影响,杭州湖滨银泰in77C3区,1
迷路人员年龄过小,万达广场,1
迷路人员年龄过大,沈阳盛京大奥莱,1
迷路人员年龄过小,南阁村民委员会,1
迷路人员年龄过小,丁香路,1
迷路人员年龄过大,西安城市运动公园,1
对周围环境不熟悉,南京师范大学(随园校区),1
迷路人员年龄过小,联手商城,1
迷路人员年龄过大,宾谷街,1
迷路人员年龄过小,濉溪百货商场,1
迷路人员年龄过大,新淮村(公交站),1
对周围环境不熟悉,雀友麻将机专卖店(宝龙广场店),1
迷路人员年龄过小,容桂派出所,1
迷路人员年龄过小,金环路,1
迷路人员年龄过大,阜阳·临沂商城,1
迷路人员年龄过大,顺德陈村佛具批发商行,1
迷路人员年龄过大,衡百国际,1
迷路人员年龄过小,袁家巷,1
迷路人员年龄过大,团结公园,1
迷路人员年龄过小,隆回县九龙学校,1
迷路人员年龄过小,西溪坪,1
迷路人员年龄过小,青岛路,1
迷路人员年龄过大,魏公村(地铁站),1
迷路人员年龄过大,新艺城,1
迷路人员年龄过小,鲁王路,1
迷路人员年龄过小,滏阳东路,1
迷路人员年龄过大,八佰伴(集贤南路),1
迷路人员年龄过大,邵阳九福老年公寓,1
迷路人员年龄过小,宁海县前童镇专职消防队,1
迷路人员年龄过大,永安大桥,1
迷路人员年龄过大,柳泉路,1
迷路人员年龄过大,222省道与341国道交叉口,1
迷路人员年龄过大,西岗市场(华西小区店),1
迷路人员年龄过小,北京师范大学实验幼儿园,1
迷路人员年龄过大,圣水寺,1
迷路人员年龄过小,吉马购物桥口商场,1
迷路人员年龄过大,湘潭市雨湖区人民政府,1
迷路人员年龄过大,移动综合楼,1
迷路人员年龄过大,内沙路,1
迷路人员年龄过大,西宫(公交站),1
迷路人员年龄过大,杭州路海岸路(公交站),1
迷路人员年龄过大,宣化路与杭州路交叉口,1
迷路人员年龄过大,零点立交南(公交站),1
迷路人员年龄过大,沙坪坝站,1
迷路人员年龄过大,世泽路与灈阳大道交叉口,1
迷路人员年龄过小,横竖街,1
迷路人员年龄过大,时代广场,1
迷路人员年龄过大,安医大二附院,1
迷路人员年龄过大,田岗村委会,1
迷路人员年龄过大,玉龙南路与龙城大道交叉口,1
迷路人员年龄过大,茶树村村民委员会,1
迷路人员年龄过大,武汉国际体育文化休闲园,1
迷路人员年龄过大,宿马园区,1
迷路人员年龄过小,重庆北站,1
迷路人员年龄过大,龙山创鑫广场,1
迷路人员年龄过大,南门集贸市场,1
迷路人员年龄过大,涑河南路,1
迷路人员年龄过大,仁信·半岛城,1
迷路人员年龄过大,霞阳收费站(G1517莆炎高速出口),1
迷路人员年龄过大,济阳蔬菜,1
迷路人员年龄过小,南门里(箭门市场店),1
迷路人员年龄过小,黄浦社区(武汉大道),1
迷路人员年龄过大,英华路,1
迷路人员年龄过大,新山村社区,1
迷路人员年龄过大,潇湘北路,1
迷路人员年龄过大,三鑫开化商贸城农贸市场(三鑫第一城店),1
迷路人员年龄过大,艾潇汽配城,1
迷路人员年龄过小,胜利路,1
迷路人员年龄过大,老许屋里香,1
迷路人员年龄过大,赵楼小学,1
迷路人员年龄过大,桃贾路与陇海西路交叉口,1
迷路人员年龄过大,东新福居,1
迷路人员年龄过大,疏港大道,1
迷路人员年龄过小,遂宁站,1
迷路人员年龄过大,东社,1
迷路人员年龄过大,南阳理工学院,1
迷路人员年龄过大,东部美的城,1
迷路人员年龄过大,迎宾大道与迎宾路交叉口,1
迷路人员年龄过小,石巷村委会,1
迷路人员年龄过大,邵阳市炭黑厂家属区,1
迷路人员年龄过大,苏中路,1
迷路人员年龄过大,中山南路与凤翔东路交叉口,1
迷路人员年龄过大,盘锦北站,1
迷路人员年龄过大,潜山路与龙图路交叉口,1
迷路人员年龄过小,翠绿花园,1
迷路人员年龄过大,电中国电信股份有限公司东莞长安区分公司沙头营销中心,1
迷路人员年龄过大,闭村小学,1
迷路人员年龄过大,芦阳学校,1
迷路人员年龄过小,陵城区检察院(公交站),1
迷路人员年龄过大,兴港大道,1
迷路人员年龄过大,姞仙村村民委员会,1
迷路人员年龄过小,渤海路,1
迷路人员年龄过大,石下村(公交站),1
迷路人员年龄过大,岗南村委会,1
受天气影响,迎宾大道,1
迷路人员年龄过大,黄河三门峡商务中心区医院,1
迷路人员年龄过大,西五路,1
迷路人员年龄过大,体育大街,1
迷路人员年龄过大,绣球村委会,1
迷路人员年龄过大,时代鑫苑小区,1
迷路人员年龄过大,剑阁百货大楼,1
迷路人员年龄过大,凤城九路,1
迷路人员年龄过大,车海洋智能自助洗车千渭星城大十字路口站,1
迷路人员年龄过大,宋家镇人民政府,1
迷路人员年龄过大,大广生态园,1
迷路人员年龄过小,北京银行(青年路支行),1
迷路人员年龄过大,锦汇商业广场,1
迷路人员年龄过小,甪里村委会,1
迷路人员年龄过大,保龙龙庭苑,1
迷路人员年龄过大,新北工业园,1
迷路人员年龄过大,刘家堡广场站,1
迷路人员年龄过大,二七二厂(公交站),1
迷路人员年龄过小,曲阜三孔景区-孔府,1
迷路人员年龄过大,成都后花园3期,1
迷路人员年龄过小,北营新村丰景佳园,1
迷路人员年龄过小,向阳湖风景区,1
迷路人员年龄过小,红旗楼(公交站),1
迷路人员年龄过大,三华园,1
迷路人员年龄过大,马坊集煤球场,1
迷路人员年龄过大,长泰区,1
迷路人员年龄过小,和平北路,1
迷路人员年龄过大,花园小区,1
迷路人员年龄过小,民族广场户外劳动者服务站,1
迷路人员年龄过大,维也纳3好酒店(厦门机场厦鼓码头店),1
迷路人员年龄过大,丁家坝大桥,1
迷路人员年龄过大,南阳大桥,1
迷路人员年龄过大,白马广场,1
迷路人员年龄过大,新城社区,1
迷路人员年龄过大,西环路·大梁路(公交站),1
迷路人员年龄过大,甘南藏族自治州妇幼保健院,1
迷路人员年龄过大,南二环桔园立交桥,1
迷路人员年龄过小,芙蓉桥,1
迷路人员年龄过小,丽景南街与长城东路交叉口,1
迷路人员年龄过大,海恒街,1
迷路人员年龄过小,洛阳桥,1
迷路人员年龄过大,莲岳路,1
迷路人员年龄过小,雷城街道办事处,1
迷路人员年龄过大,天水南路,1
迷路人员年龄过大,微山县夏镇街道办事处,1
迷路人员年龄过大,三鑫第一城开化商贸城,1
迷路人员年龄过大,潢川县城区新一中,1
迷路人员年龄过大,紫薇园,1
迷路人员年龄过大,六岭村委会,1
迷路人员年龄过大,九龙山大道,1
迷路人员年龄过大,上湖工业园,1
迷路人员年龄过大,街电(美宜佳康宁店),1
迷路人员年龄过大,太和村张庄,1
迷路人员年龄过大,城西大道,1
迷路人员年龄过小,千峰南路,1
迷路人员年龄过大,富州南路,1
迷路人员年龄过大,纳古镇人民政府,1
迷路人员年龄过大,吉阳大道与迎宾互通交叉口,1
迷路人员年龄过大,庙小段村民委员会,1
迷路人员年龄过小,来宾市兴宾区水落小学,1
迷路人员年龄过大,如环境保护局宿舍,1
迷路人员年龄过大,金利多广场,1
迷路人员年龄过小,中环国际,1
迷路人员年龄过小,万家水果商行,1
迷路人员年龄过小,特来电充电站(兖州火车站广场),1
迷路人员年龄过大,中国体育彩票(六八村店),1
迷路人员年龄过大,东湖公园,1
迷路人员年龄过大,明刺青,1
受天气影响,百丈岭,1
迷路人员年龄过大,松岗(公交站),1
迷路人员年龄过大,东云路与解放北路1巷交叉口,1
迷路人员年龄过小,顺峰山公园,1
迷路人员年龄过小,黄金江岸,1
迷路人员年龄过小,浙西天池,1
迷路人员年龄过大,圣城华府·紫郡(建设中),1
迷路人员身处野外,江山里小区(公交站),1
迷路人员年龄过大,迎宾街,1
迷路人员年龄过小,北门村民委员会,1
迷路人员年龄过大,贵州师范大学宝山校区,1
迷路人员年龄过大,高校园区派出所,1
迷路人员年龄过小,东莞市体育中心体育馆,1
迷路人员年龄过小,恩阳古镇游客中心,1
迷路人员年龄过小,崧厦街道,1
迷路人员年龄过大,毛家岔大桥,1
迷路人员年龄过大,太平寺,1
迷路人员年龄过大,江苏省海门中学,1
迷路人员年龄过大,平原路与德隆街交叉口,1
迷路人员年龄过小,美阳街,1
迷路人员年龄过小,六坑村(公交站),1
迷路人员年龄过大,挚地大道与铁塔路交叉口,1
迷路人员年龄过大,寇公西路,1
迷路人员年龄过大,乐昌碧桂园,1
迷路人员年龄过大,劳动西路与清潭路交叉口,1
迷路人员年龄过大,坝头西路与高田王街交叉口,1
迷路人员年龄过小,广州市越秀儿童公园,1
迷路人员年龄过大,世茂·诺沙湾,1
迷路人员年龄过大,中国农业银行(北向店支行),1
迷路人员年龄过大,终南大道,1
迷路人员年龄过大,胡屯村委会,1
迷路人员年龄过大,沙坪村村委会,1
迷路人员年龄过大,新世界,1
迷路人员年龄过大,蟠龙苑,1
迷路人员年龄过大,中亿·阳明山水,1
迷路人员年龄过大,人社社保服务窗口(隆阳区兰城街道汉营社区为民服务站),1
迷路人员年龄过大,荆河中路,1
迷路人员年龄过大,杭州北创传动科技有限公司,1
迷路人员年龄过大,麻园路南二环路口(公交站),1
迷路人员年龄过大,豫北图书大厦,1
迷路人员年龄过大,大祥路,1
迷路人员年龄过大,广安新天地,1
迷路人员年龄过大,特来电充电站(常德市武陵公交),1
迷路人员年龄过大,安宁市县街中心卫生院,1
迷路人员年龄过大,襄城外国语学校,1
迷路人员年龄过大,龙庄村民委员会,1
迷路人员年龄过大,上坝中学,1
迷路人员年龄过大,良邑镇民政工作站,1
迷路人员年龄过大,山西省气象局,1
迷路人员年龄过大,怀化站,1
迷路人员年龄过小,千灵山,1
迷路人员年龄过大,二里河公园,1
迷路人员年龄过大,中国邮政储蓄银行(火车站支行),1
迷路人员年龄过大,东风派出所,1
迷路人员年龄过大,汕头礐石大桥,1
迷路人员年龄过大,滨江中路,1
迷路人员年龄过小,龙胜镇,1
迷路人员年龄过小,八一路鲁磨路(公交站),1
迷路人员年龄过大,玉屏街道办事处,1
迷路人员年龄过大,广场南路,1
迷路人员年龄过大,桑园路,1
迷路人员年龄过大,园区路,1
迷路人员年龄过大,翔安隧道,1
迷路人员年龄过大,兴政街西口(公交站),1
迷路人员年龄过大,雪枫超市(雪枫路),1
迷路人员年龄过大,南环立交桥,1
迷路人员年龄过大,余姚北站,1
迷路人员年龄过小,致冠便利店,1
迷路人员年龄过大,西延路,1
迷路人员年龄过大,佳诚电脑手机城,1
迷路人员年龄过大,王楼村委会,1
迷路人员年龄过大,五一路与北大街交叉口,1
迷路人员年龄过大,221省道,1
迷路人员年龄过大,泉涌社区,1
迷路人员年龄过大,广德成食品,1
迷路人员年龄过大,北京市昌平区小汤山镇南官庄村村民委员会,1
迷路人员年龄过大,九宫大道与迎宾大道交叉口,1
迷路人员年龄过大,苏州工业园区,1
迷路人员年龄过大,金沙湾花园,1
迷路人员年龄过大,人民路,1
迷路人员年龄过大,金涛庄,1
迷路人员年龄过小,如刚街头牛排(路桥一店),1
迷路人员年龄过大,雷州市中医医院,1
迷路人员年龄过大,南京路,1
迷路人员年龄过大,凤山南路,1
迷路人员年龄过大,昆明站(北京路)(公交站),1
迷路人员年龄过大,中国国际能源加油站(龙海站),1
迷路人员年龄过大,西杨家园,1
迷路人员年龄过大,遵义市汇川区市场监督管理局,1
对周围环境不熟悉,大洞水库,1
迷路人员年龄过大,世纪大道,1
迷路人员年龄过大,中关村雍和航星科技园,1
迷路人员年龄过大,丹溪路与双龙南街交叉口,1
迷路人员年龄过大,学田村村委会,1
迷路人员年龄过大,书香路,1
迷路人员年龄过小,城北路,1
迷路人员年龄过大,西亚超市(公交站),1
迷路人员年龄过大,建设街与魏征路交叉口,1
迷路人员年龄过大,国际商贸城,1
迷路人员年龄过大,福州南路与香港中路交叉口,1
迷路人员年龄过大,桐林超市,1
迷路人员年龄过大,河南柳江生态牧业股份有限公司,1
迷路人员年龄过大,常德大道与朝阳路交叉口,1
迷路人员年龄过小,中山街,1
迷路人员年龄过小,人民路与滨河路交叉口,1
迷路人员年龄过小,猎豹北路与飞腾路交叉口,1
迷路人员年龄过小,永州大道与进贤路交叉口,1
迷路人员年龄过大,铜花二巷,1
迷路人员年龄过大,武汉瑞华医院民兴中医门诊部,1
迷路人员年龄过大,凤凰村村委会,1
迷路人员年龄过小,华山风景区,1
迷路人员年龄过大,三桥村五组,1
迷路人员年龄过小,板材大市场B区,1
迷路人员年龄过大,常德大道,1
迷路人员年龄过大,腾飞电器(昭君路),1
迷路人员年龄过大,八一大道与孺子路交叉口,1
迷路人员年龄过大,东方市东方医院(老院区),1
迷路人员年龄过大,长青街,1
迷路人员年龄过大,桐方线,1
迷路人员年龄过大,广惠社区居委会,1
迷路人员年龄过小,天河路与英才街交叉口,1
对周围环境不熟悉,黑峪顶,1
迷路人员年龄过大,鑫鑫米兰,1
迷路人员年龄过大,宽城区政府中心公园,1
迷路人员年龄过大,武汉天兴洲长江大桥,1
迷路人员年龄过大,嘉华购物广场(济南槐荫店),1
迷路人员年龄过大,富水南路与曹状元街交叉口,1
迷路人员年龄过大,沈老头包子(东方·碧海云天店),1
迷路人员年龄过小,青年路,1
迷路人员年龄过大,美乐城(中国邯郸环球中心店),1
迷路人员年龄过大,真诚草莓采摘园,1
迷路人员年龄过小,稻田公园,1
迷路人员年龄过大,解放北路,1
迷路人员年龄过大,仁和路与敬梓路交叉口,1
迷路人员年龄过小,官渡广场,1
迷路人员年龄过大,益和国际城,1
迷路人员年龄过小,海湖新区,1
迷路人员年龄过大,亿家火锅店,1
迷路人员年龄过小,阿波罗商业广场,1
迷路人员年龄过大,大华二路,1
迷路人员年龄过小,火炬广场,1
迷路人员年龄过小,长沙理工大学西门(公交站),1
迷路人员年龄过大,安德鲁森(银润店),1
迷路人员年龄过大,五角场,1
迷路人员年龄过小,福泽大厦,1
迷路人员年龄过大,仙岳路,1
迷路人员年龄过大,乌兰察布市集宁区中蒙医院,1
迷路人员年龄过大,娄底一大桥(公交站),1
迷路人员年龄过大,凯旋北路与建设路交叉口,1
迷路人员年龄过大,秦仁路,1
迷路人员年龄过小,经二路,1
迷路人员年龄过大,万博汇,1
迷路人员年龄过小,府东街,1
迷路人员年龄过小,市府北街,1
迷路人员年龄过大,团结街,1
迷路人员年龄过大,丹光路,1
迷路人员年龄过小,龙城北街(公交站),1
迷路人员年龄过大,五一路与府东街交叉口,1
迷路人员年龄过大,万寿路与玉渊潭南路交叉口,1
迷路人员年龄过大,彰德路与迎春西街交叉口,1
迷路人员年龄过小,南京1912街区,1
迷路人员年龄过大,曹安公路与黄家花园路交叉口,1
迷路人员年龄过小,中国工商银行(山东省分行),1
迷路人员年龄过大,文艺北路,1
迷路人员年龄过大,红门路,1
迷路人员年龄过小,白沙门公园游乐场售票处,1
迷路人员年龄过大,党杨路与刘长山路交叉口,1
迷路人员年龄过大,夏津德百商贸城,1
迷路人员年龄过大,俄之塘南五街,1
迷路人员年龄过大,中山,1
迷路人员年龄过大,南阳汽车站,1
迷路人员年龄过大,春熙路(地铁站),1
迷路人员年龄过大,光明路,1
迷路人员年龄过小,西海立交桥,1
迷路人员年龄过大,旅客家宾馆,1
迷路人员年龄过大,伯雍街,1
迷路人员年龄过大,耀华商厦,1
迷路人员年龄过大,长沙市雨花区人民政府,1
迷路人员年龄过大,惠农区红果子镇综合治理中心,1
迷路人员年龄过大,开甲·尚仕名邸,1
迷路人员年龄过大,河阳寺,1
迷路人员年龄过大,上海市浦东新区潍坊新村街道社区保安队,1
迷路人员年龄过大,台州渝帆机电科技,1
迷路人员年龄过大,珠海市紫荆中学(凤凰路校区),1
迷路人员年龄过小,新天地,1
迷路人员年龄过大,石灰坳小学,1
迷路人员年龄过大,义乌市第三中学,1
迷路人员年龄过大,星光国际商务酒店,1
迷路人员年龄过小,薛城区财政局,1
迷路人员年龄过大,斗西路口,1
迷路人员年龄过大,山水文苑,1
迷路人员年龄过大,东风小康皓升渡仁西线店,1
迷路人员年龄过小,七港九(育英中学店),1
迷路人员年龄过大,安达汽修,1
迷路人员年龄过大,余庆新余旅社,1
迷路人员年龄过小,青岛嘉逸豪庭精品酒店,1
迷路人员年龄过大,龙洞碥大桥,1
迷路人员年龄过大,雷州市英利镇人民政府,1
迷路人员年龄过大,西福路,1
迷路人员年龄过大,东源大润发一楼风裳美衣,1
迷路人员年龄过大,东华学校,1
迷路人员身处野外,凤凰谷,1
迷路人员年龄过大,马家粮油商行,1
迷路人员年龄过大,凤凰路,1
迷路人员年龄过大,陕西金骏(渭南办事处),1
迷路人员年龄过小,市委党校(公交站),1
迷路人员年龄过大,芙蓉兴盛,1
迷路人员年龄过大,立汤路辅路,1
迷路人员年龄过大,包河花园,1
迷路人员年龄过大,金寨路,1
迷路人员年龄过大,天宝路,1
迷路人员年龄过大,常丰村村委会,1
迷路人员年龄过大,大庆路与女娲路交叉口,1
迷路人员年龄过大,永逸家居店地面停车场,1
迷路人员年龄过小,中共邯郸市峰峰矿区滏阳东路街道东沟社区支部委员会,1
迷路人员年龄过大,松山区第四中学,1
迷路人员年龄过大,海信湖岛世家二期营销中心,1
迷路人员年龄过大,上海南站,1
迷路人员年龄过大,西湖,1
迷路人员年龄过小,港达商贸城,1
迷路人员年龄过小,滨江中路,1
迷路人员年龄过小,金沙湾广场,1
迷路人员年龄过大,草洋石材市场,1
迷路人员年龄过小,仲景路信臣路口(公交站),1
迷路人员年龄过大,清化医院门诊,1
迷路人员年龄过大,巴楚步行街,1
迷路人员年龄过大,中山公园,1
对周围环境不熟悉,南湖公园,1
迷路人员年龄过大,百惠家美时超市(丰储街店),1
迷路人员年龄过小,嘉庚体育馆,1
迷路人员年龄过大,永丰水库,1
迷路人员年龄过大,阳泉市义井中学,1
迷路人员年龄过大,新人民医院(公交站),1
迷路人员年龄过小,荣校东路福彩街(公交站),1
迷路人员年龄过小,枋钟路,1
迷路人员年龄过大,汉川路与金水路交叉口,1
迷路人员年龄过大,梅河公园,1
迷路人员年龄过小,龙溪镇人民政府,1
迷路人员年龄过大,锦上花购物中心,1
迷路人员年龄过大,环城北路,1
迷路人员年龄过大,顺河路,1
迷路人员年龄过大,中国工商银行(东新支行),1
迷路人员年龄过大,交通花园(新埠东路),1
迷路人员年龄过大,冲之大街与涞阳路交叉口,1
迷路人员年龄过大,机场小区A区,1
迷路人员年龄过大,太原南站,1
迷路人员年龄过大,阳明山国家森林公园,1
迷路人员年龄过小,兴安名城C区,1
迷路人员年龄过大,开封市正大家属院,1
迷路人员年龄过大,朝阳路,1
迷路人员年龄过大,龙城小区,1
迷路人员年龄过大,南东一路,1
迷路人员年龄过大,弦歌大道与曙光路交叉口,1
迷路人员年龄过大,丹阳桥,1
迷路人员年龄过大,山东省郯城县新村银杏产业开发区,1
迷路人员年龄过小,第三城丹槿园,1
迷路人员年龄过大,河门口村(公交站),1
迷路人员年龄过大,九九广场(美的专卖店),1
迷路人员年龄过大,龙家镇先锋村春风小院,1
迷路人员年龄过大,靳江路,1
迷路人员年龄过大,黄山区永丰乡人民政府,1
迷路人员年龄过大,两江新区,1
迷路人员年龄过大,汪屯桥(公交站),1
迷路人员年龄过大,洛王社区居民服务中心,1
迷路人员年龄过大,皇家尚品地面停车场,1
迷路人员年龄过大,黄河路,1
迷路人员年龄过大,香泉环岛,1
迷路人员年龄过小,河南财经政法大学郑东校区,1
迷路人员年龄过大,山东临沂远行重汽修理厂(宝友物流店),1
迷路人员年龄过大,壹海城,1
迷路人员年龄过大,临沂市公安局交通警察支队板泉中队,1
迷路人员年龄过大,沿滩新城,1
迷路人员年龄过大,珠海国家高新区,1
迷路人员年龄过大,政丰南路,1
迷路人员年龄过大,娄底市自然资源和规划局,1
迷路人员年龄过小,横沥村党群服务中心,1
迷路人员年龄过大,芜湖长江大桥,1
迷路人员年龄过大,高良出口(S8广佛肇高速西向),1
迷路人员年龄过大,爱民超市,1
迷路人员年龄过大,阳光100艺术馆,1
迷路人员年龄过大,兴隆花园,1
迷路人员年龄过小,华商三优汽车充电站(东城区东四十条10116充电扬招站),1
迷路人员年龄过小,万安路,1
迷路人员年龄过大,刘家园街,1
迷路人员年龄过大,盘龙山公园,1
迷路人员年龄过大,平阳站,1
迷路人员年龄过大,马垅(公交站),1
迷路人员自身疾病影响,铭城玻璃门窗,1
迷路人员年龄过大,黄石市花湖街道办,1
迷路人员年龄过大,郭屯(公交站),1
迷路人员年龄过大,夏城中路与武南中路交叉口,1
迷路人员年龄过大,双园路,1
迷路人员年龄过小,中石化森美迎宾加油站,1
迷路人员年龄过大,长治医学院附属和平医院,1
迷路人员年龄过大,万宝蛋糕,1
迷路人员年龄过大,西沣路,1
迷路人员年龄过大,珠海路口(公交站),1
迷路人员年龄过大,丙灵路,1
迷路人员年龄过大,呼家楼,1
迷路人员年龄过大,后李洼村公益电影放映点,1
迷路人员年龄过大,富康路,1
迷路人员年龄过大,枫树山悦东方小学,1
迷路人员年龄过大,凤艳村委会,1
迷路人员年龄过大,康华园,1
迷路人员年龄过大,东升防水,1
迷路人员年龄过小,江苏省泰州市政协,1
迷路人员年龄过大,铜陵路高架桥,1
迷路人员年龄过大,广西信祺蛇业虎纹蛙养殖基地,1
迷路人员年龄过小,北山路,1
迷路人员年龄过小,小马服装批发城,1
迷路人员年龄过大,北水屯村公益电影放映点,1
迷路人员年龄过小,三加村(公交站),1
迷路人员年龄过大,S40广洪高速,1
迷路人员年龄过大,北京路与孝河路交叉口,1
迷路人员年龄过大,朱仙庄镇人民政府,1
迷路人员年龄过大,北京路客民宿BI9830,1
迷路人员年龄过大,轴村(公交站),1
迷路人员年龄过小,大强路与龙川路交叉口,1
迷路人员年龄过大,大鹿港,1
迷路人员年龄过大,长岭镇人民政府,1
迷路人员年龄过大,双龙水泥标砖厂,1
迷路人员年龄过大,中山市黄圃镇兆丰村民委员会,1
迷路人员年龄过小,苏州市姑苏区人民法院,1
迷路人员年龄过大,芒部镇人民政府,1
迷路人员年龄过小,义乌街,1
迷路人员年龄过大,汇泉路,1
迷路人员年龄过大,桐木岭收费站(S01贵阳南环高速入口),1
迷路人员年龄过大,厦门大桥,1
迷路人员年龄过大,敏州西路,1
迷路人员年龄过大,洛阳汽车站,1
迷路人员年龄过大,五星街,1
迷路人员年龄过小,台商区,1
迷路人员年龄过大,文峰大道,1
迷路人员年龄过大,交通大街,1
迷路人员年龄过小,二龙村村民委员会,1
迷路人员年龄过小,金明广场,1
迷路人员年龄过小,凯旋大道与建设路交叉口,1
迷路人员年龄过大,罗坊镇人民政府,1
迷路人员年龄过大,清风视觉形象设计,1
迷路人员年龄过小,雪峰南路,1
迷路人员年龄过大,中南社区警务室,1
迷路人员年龄过大,正阳路与米山路交叉口,1
迷路人员年龄过大,世代龙泽湾,1
迷路人员年龄过大,南京南站南广场,1
迷路人员年龄过大,金星路,1
迷路人员年龄过大,鞍山五路,1
迷路人员年龄过大,细河公安分局,1
迷路人员年龄过小,长峪城(暂停开放),1
迷路人员年龄过大,北郊市场(天沙四路),1
迷路人员年龄过大,都司路,1
迷路人员年龄过大,广安万和(工厂旗舰店),1
迷路人员年龄过大,兴贤路,1
迷路人员身处野外,盘锦银行(盘山支行),1
迷路人员身处野外,老虎涧(不对外开放),1
迷路人员年龄过大,济宁市任城区人民医院,1
受天气影响,摄乐桥,1
迷路人员年龄过大,安昌村民委员会,1
迷路人员年龄过大,小井峪街道三益社区,1
迷路人员年龄过大,申通快递(太白路),1
迷路人员年龄过小,中关村雍和航星科技园,1
受天气影响,粮道街,1
迷路人员年龄过小,天桥村民宿聚居点,1
迷路人员年龄过大,唐冶中路与文苑街交叉口,1
迷路人员年龄过大,益丰大药房(湘潭岚园路),1
迷路人员年龄过大,西街,1
迷路人员年龄过小,光谷,1
迷路人员年龄过大,宝山路,1
迷路人员年龄过大,历城区政府(公交站),1
迷路人员年龄过大,曙光路,1
迷路人员年龄过大,幸福社区居委会(中原路),1
迷路人员年龄过大,武汉大道,1
受天气影响,长清大学城商业街,1
迷路人员年龄过大,崂山区世纪广场,1
迷路人员年龄过大,马市街小学,1
迷路人员年龄过大,原山大道,1
迷路人员年龄过大,老崔葡萄采摘园,1
迷路人员年龄过大,寨桂村退役军人服务站,1
迷路人员年龄过大,雷打石镇人民政府,1
迷路人员年龄过大,阳光城·紫金城,1
迷路人员年龄过大,李哥庄镇政府,1
迷路人员年龄过大,史家巷,1
迷路人员年龄过大,星程石家庄中山东路乐汇城店,1
迷路人员年龄过小,潍坊市坊子区凤凰街道社区卫生服务中心,1
迷路人员年龄过大,刘营(公交站),1
迷路人员年龄过大,鹿寨公园(公交站),1
迷路人员年龄过大,南村加油站,1
迷路人员年龄过大,马良街社区服务中心,1
迷路人员年龄过大,五峰路,1
迷路人员年龄过大,肖家巷,1
迷路人员身处野外,大寒尖山庄,1
迷路人员年龄过大,潍坊市坊子区凤凰街道社区卫生服务中心,1
迷路人员年龄过大,胡草科村公益电影放映点,1
迷路人员年龄过大,大港,1
迷路人员年龄过大,廉江市城南汽车客运站,1
受天气影响,万家福门业,1
迷路人员年龄过大,康复前街与铁英街交叉口,1
迷路人员年龄过大,济南站(公交站),1
受天气影响,巴朗山,1
迷路人员年龄过小,新艺城,1
迷路人员年龄过大,蒲吕大桥,1
迷路人员年龄过小,天目山农庄(罗泾),1
迷路人员年龄过大,榉林山早市,1
迷路人员年龄过大,清水湾花园,1
迷路人员年龄过大,石化,1
迷路人员年龄过大,美里湖湿地公园,1
迷路人员年龄过大,易足道足疗推拿店,1
迷路人员年龄过大,陆良电力生活小区,1
迷路人员身处野外,龙岗收费站(G56杭瑞高速出口),1
迷路人员年龄过大,奥体中路与工业南路交叉口,1
迷路人员年龄过大,鸭绿江,1
迷路人员年龄过大,牡丹村三浜2019,1
迷路人员年龄过大,白马社区,1
迷路人员年龄过大,G1813威青高速,1
迷路人员年龄过大,长安汽车售后服务咨询点,1
迷路人员年龄过大,归德路,1
迷路人员年龄过小,开源大道与骏马路交叉口,1
迷路人员年龄过大,河滨北路,1
迷路人员年龄过大,兴华路永平路(公交站),1
迷路人员年龄过大,哈尔滨站,1
迷路人员年龄过大,滨河巷与滨河西路交叉口,1
迷路人员年龄过大,陈留店村民委员会,1
迷路人员年龄过大,毛家棚村村委会,1
迷路人员年龄过大,百大周谷堆大兴农产品批发市场,1
迷路人员年龄过小,文化路口(公交站),1
迷路人员年龄过大,宁夏路,1
对周围环境不熟悉,西安祥峪森林公园,1
迷路人员年龄过小,红寺北街,1
迷路人员年龄过大,花园里梅兰菊社区菊园,1
迷路人员年龄过大,金龙街道办事处,1
迷路人员年龄过小,路桥区人民政府峰江街道办事处,1
迷路人员年龄过大,新保利香颂营销中心,1
迷路人员年龄过大,济齐路,1
迷路人员年龄过大,和平路,1
迷路人员年龄过大,万科新里程明·别墅,1
迷路人员身处野外,万家汽车维修店,1
迷路人员年龄过大,任庄旅游风景区,1
迷路人员身处野外,风田水库,1
迷路人员年龄过大,卧龙山公园,1
迷路人员年龄过大,画溪花园,1
迷路人员年龄过大,喇叭口(公交站),1
迷路人员年龄过小,和谐医院,1
迷路人员年龄过大,蓬安县相如广场,1
迷路人员年龄过大,重庆市武隆区黄莺乡人民政府,1
迷路人员年龄过大,张家港市西张建筑工程有限公司驻苏州办事处,1
受天气影响,虎山公园,1
迷路人员年龄过大,陈桁村(公交站),1
迷路人员年龄过大,谢洼(公交站),1
迷路人员年龄过大,承平村村委会,1
迷路人员年龄过小,绿园路与花园路交叉口,1
迷路人员年龄过大,中国石化三山加油站,1
迷路人员年龄过大,中山路,1
迷路人员年龄过大,殷庄渡口,1
迷路人员年龄过大,马街镇人民政府(陆水线),1
迷路人员年龄过大,巍宝山乡合作村退役军人服务站,1
迷路人员年龄过大,中国石化城北加油站,1
迷路人员年龄过小,金碧公园,1
迷路人员年龄过大,府前大街与邮政路交叉口,1
迷路人员年龄过大,中和路,1
迷路人员年龄过大,付庄村村委会,1
迷路人员年龄过大,金园路,1
迷路人员年龄过大,长安汽车长安欧尚,1
迷路人员年龄过大,鼎泰家园,1
迷路人员年龄过小,周恩来同志故居,1
迷路人员年龄过小,凤山公园,1
迷路人员年龄过大,南桥镇人民政府,1
迷路人员年龄过大,好未来教育,1
迷路人员年龄过大,沙滨路,1
迷路人员年龄过大,文城镇人民政府,1
迷路人员年龄过大,新厂西路,1
迷路人员年龄过小,铜川市耀州区人民法院,1
迷路人员年龄过大,牌坊湾(公交站),1
迷路人员年龄过大,白驹镇人民政府,1
迷路人员年龄过大,狮子山,1
对周围环境不熟悉,杭州光明顶民宿,1
迷路人员年龄过大,新沟镇小学,1
迷路人员年龄过大,济南市历下区房屋管理服务中心公用公房服务部,1
迷路人员年龄过大,天井村村民委员会,1
迷路人员年龄过大,曹家簖村委会,1
迷路人员年龄过大,台电大坑水库,1
迷路人员年龄过大,华山路,1
迷路人员年龄过大,红旗医院,1
迷路人员年龄过大,先锋花园,1
迷路人员年龄过大,承修四路,1
迷路人员年龄过大,青树村委会,1
迷路人员年龄过大,青林湾大桥,1
迷路人员年龄过大,人民医院,1
迷路人员年龄过大,钱塘路,1
迷路人员年龄过小,西安大悦城,1
迷路人员年龄过大,北雀路,1
迷路人员年龄过大,河东镇政府,1
迷路人员年龄过大,环城路,1
受天气影响,近湖镇财政管理所,1
迷路人员年龄过大,长宁路,1
迷路人员年龄过小,高时明墓,1
迷路人员年龄过大,百步亭花园,1
迷路人员年龄过大,英科医疗,1
迷路人员年龄过大,南湖酒店,1
迷路人员年龄过大,李村,1
迷路人员年龄过小,禹王台公园,1
迷路人员年龄过大,朝阳大街,1
迷路人员年龄过大,仁和广场,1
迷路人员年龄过大,健康路与建设大道交叉口,1
