"province","location","count"
"广东省","广州白云国际机场店","32"
"江苏省","新街口(地铁站)","22"
"贵州省","广州白云国际机场","16"
"浙江省","杭州萧山国际机场","16"
"广东省","深圳宝安国际机场","15"
"浙江省","新街镇工业园区","14"
"新疆维吾尔自治区","朝阳公园","13"
"四川省","天府永汇","13"
"河南省","郑州新郑国际机场","13"
"湖北省","武汉大学","12"
"广东省","广州白云国际机场","11"
"四川省","成都天府国际机场","11"
"四川省","成都双流国际机场","10"
"山东省","青岛胶东国际机场","8"
"福建省","鼓浪屿","8"
"湖北省","武汉天河国际机场","8"
"湖南省","G0421许广高速","8"
"湖北省","光谷","7"
"陕西省","长安医药","7"
"宁夏回族自治区","新街口住宅B区","7"
"甘肃省","兰州中川国际机场有限公司","7"
"广东省","深圳机场站","7"
"广东省","深圳宝安机场(公交站)","7"
"云南省","古城供销","6"
"云南省","丽江古城","6"
"河南省","郑州东站","6"
"浙江省","杭州东站候车区","6"
"贵州省","贵阳龙洞堡国际机场","6"
"江苏省","南京南站南广场","6"
"海南省","海口美兰国际机场","6"
"江苏省","南京禄口国际机场","6"
"陕西省","西安咸阳国际机场","6"
"广东省","时尚天河商业广场","5"
"四川省","天府广场","5"
"广东省","越秀公园","5"
"浙江省","杭州湖滨银泰in77C3区","5"
"广东省","广州东站","5"
"台湾省","宜兰县","5"
"湖北省","光谷广场","5"
"福建省","厦门高崎国际机场","5"
"湖南省","五一广场","5"
"安徽省","万象影城(庐阳万象汇LUXE店)","5"
"广东省","中山公园","5"
"安徽省","方兴大道与机场高速出口交叉口","5"
"陕西省","西安咸阳机场大巴(西稍门站)","5"
"云南省","昆明长水国际机场","5"
"广东省","武汉天河国际机场","5"
"河南省","逻岗镇人民政府","5"
"安徽省","万达广场(合肥包河店)","5"
"安徽省","万达广场","5"
"山西省","太原南站","4"
"江苏省","玄武湖公园","4"
"广东省","珠江新城(地铁站)","4"
"广东省","北京路步行街","4"
"浙江省","杭州(包含宁波)","4"
"山东省","青岛市人民政府","4"
"山西省","平遥古城","4"
"广东省","正佳广场","4"
"四川省","成都杜甫草堂博物馆","4"
"江苏省","五角场","4"
"广东省","七寨湖公园","4"
"广西壮族自治区","中山公园","4"
"江苏省","滁州(南京国际博览中心)","4"
"广东省","G15沈海高速","4"
"江苏省","南京江北新区","4"
"湖北省","朝阳路","4"
"吉林省","长春这有山舍客栈地下停车点(入口)","4"
"江苏省","江南环球港","4"
"山东省","山东科技大学","3"
"广东省","太古汇","3"
"福建省","厦门东山宾馆","3"
"山东省","柳泉路","3"
"辽宁省","盘锦银行(盘山支行)","3"
"广东省","广州塔","3"
"湖北省","洪山广场","3"
"江苏省","观前街","3"
"河南省","郑州市金水区人民法院","3"
"陕西省","大雁塔","3"
"江苏省","徐家棚桥","3"
"四川省","天府公园","3"
"山东省","徐家汇车辆城","3"
"江苏省","北大街","3"
"广东省","岗厦北(地铁站)","3"
"陕西省","钟楼(地铁站)","3"
"湖南省","万家丽国际购物广场","3"
"广东省","天河公园","3"
"江苏省","十八湾湿地公园","3"
"江西省","西湖李家实业发展有限公司","3"
"安徽省","包河大道","3"
"湖北省","奥林匹克花园2期停车场(出入口)","3"
"安徽省","G40沪陕高速","3"
"辽宁省","大连周水子国际机场","3"
"河南省","睿达传媒","3"
"云南省","峨山互通","3"
"福建省","东山市场","3"
"河南省","龙门石窟","3"
"湖北省","东湖·御院","3"
"湖北省","光谷二路","3"
"吉林省","G12珲乌高速","3"
"河北省","G4京港澳高速","3"
"湖南省","南岳收费站(S51南岳高速东南向)","3"
"湖南省","G65包茂高速","3"
"湖南省","G55二广高速","3"
"四川省","安德","3"
"江苏省","鼓楼(地铁站)","3"
"陕西省","大唐西市","3"
"河南省","八一路与归德路交叉口","3"
"江苏省","中茵广场","3"
"广东省","日月光宾馆(塘下涌店)","3"
"河南省","大同路与福寿街交叉口","3"
"福建省","厦门大学思明校区","2"
"山东省","山东财经大学舜耕校区","2"
"黑龙江省","凯德广场·学府","2"
"云南省","洱海公园","2"
"广东省","东圃(地铁站)","2"
"浙江省","武林广场","2"
"江西省","江西师范大学瑶湖校区","2"
"四川省","春熙路","2"
"河北省","勒泰中心","2"
"山东省","中国海洋大学崂山校区","2"
"江苏省","南京夫子庙","2"
"湖南省","IFS国金中心","2"
"河南省","郑州大学","2"
"贵州省","贵阳阿哈湖国家湿地公园-杜鹃花谷","2"
"广东省","深圳北站","2"
"福建省","中山路步行街","2"
"福建省","中山路","2"
"辽宁省","大连海事大学","2"
"湖南省","凤凰南华门山庄","2"
"河北省","太舞度假小镇","2"
"湖南省","长沙大学城·河西大学城","2"
"四川省","电子科技大学清水河校区","2"
"陕西省","西安软件园","2"
"广西壮族自治区","涠洲岛-滴水丹屏景区","2"
"山东省","山东(青岛国际会展中心)","2"
"广东省","南头古城","2"
"湖北省","中南民族大学","2"
"河北省","南石家庄(公交站)","2"
"广东省","观澜(地铁站)","2"
"湖北省","司门口","2"
"河南省","二七广场","2"
"山东省","谷山林场","2"
"广东省","乐昌碧桂园","2"
"浙江省","阿里巴巴西溪A区","2"
"四川省","成都太古里","2"
"山西省","迎泽公园","2"
"湖北省","华中科技大学","2"
"福建省","东街口","2"
"山东省","丽达购物中心","2"
"福建省","万达广场(厦门湖里店)","2"
"黑龙江省","群力","2"
"浙江省","浦沿(地铁站)","2"
"浙江省","中基宁波集团","2"
"湖北省","江汉路(地铁站)","2"
"浙江省","杭州西湖风景名胜区苏堤","2"
"江苏省","新街口步行街","2"
"山东省","青岛路","2"
"山东省","山东师范大学长清湖校区","2"
"陕西省","中共咸阳市公安局渭城分局纪律检查委员会","2"
"云南省","巨甸派出所","2"
"山东省","青岛北站","2"
"云南省","湄公河印象","2"
"广东省","广州地铁新造车辆段","2"
"湖北省","徐家棚(地铁站)","2"
"安徽省","新站区","2"
"浙江省","人民广场(地铁站)","2"
"陕西省","金钟村党员活动室","2"
"广东省","车公庙(地铁站)","2"
"江苏省","南京站(地铁站)","2"
"江苏省","虹桥街道办事处","2"
"广东省","宝能城","2"
"陕西省","桔子水晶西安钟楼酒店","2"
"广东省","岗厦(地铁站)","2"
"山东省","梦恋衣坊(金都大厦店)","2"
"广东省","广州南站","2"
"浙江省","国大城市广场","2"
"陕西省","西安站","2"
"黑龙江省","黑龙江省医院香坊院区","2"
"广东省","珠江新城","2"
"新疆维吾尔自治区","南湖公园","2"
"贵州省","观山湖公园","2"
"山东省","湛园海德公园","2"
"广西壮族自治区","雀儿山公园","2"
"辽宁省","沈阳万象城","2"
"山东省","泉城公园","2"
"陕西省","清凉山森林公园","2"
"山西省","南海子公园","2"
"新疆维吾尔自治区","乌苏市森林公园","2"
"福建省","鸳鸯池公园","2"
"安徽省","八公山风景区售票处","2"
"河北省","十二生肖公园","2"
"福建省","厦门大桥","2"
"湖北省","武汉港","2"
"浙江省","温州机场(公交站)","2"
"黑龙江省","哈尔滨太平国际机场","2"
"宁夏回族自治区","银川河东国际机场","2"
"安徽省","合肥新桥国际机场","2"
"广东省","佛山沙堤机场","2"
"浙江省","杭州西湖湖滨银泰CitiGO欢阁酒店","2"
"山东省","东升防水","2"
"广东省","人和镇人民政府","2"
"广东省","西樵","2"
"江苏省","鼓楼派出所","2"
"四川省","上里古镇","2"
"湖北省","龚家岭收费站(S7武鄂高速西北向)","2"
"四川省","新华广场","2"
"福建省","御福酒业(禹洲中央海岸二期店)","2"
"广西壮族自治区","北辰路与站前路交叉口","2"
"浙江省","龙山镇人民政府","2"
"云南省","碧鸡关隧道","2"
"浙江省","滨江路","2"
"山东省","山大南路","2"
"河北省","中山西路-路侧停车位","2"
"湖北省","中国福利彩票(江汉印象城B座店)","2"
"河南省","中原西路杏湾路(公交站)","2"
"陕西省","向荣巷与自强东路交叉口","2"
"山东省","君子路","2"
"安徽省","饭甑尖","2"
"福建省","云顶岩寺","2"
"安徽省","顺河村村民委员会","2"
"陕西省","G65包茂高速","2"
"浙江省","S24绍诸高速","2"
"广东省","阳台山","2"
"湖北省","龙阳大道","2"
"湖北省","光谷创业街","2"
"山东省","山东高速","2"
"湖南省","G72泉南高速","2"
"吉林省","G45大广高速入口(长春方向)","2"
"浙江省","G25长深高速","2"
"山东省","S1济聊高速","2"
"河南省","G30连霍高速","2"
"福建省","台商区","2"
"吉林省","G1211吉黑高速","2"
"湖南省","神农小区","2"
"陕西省","G5京昆高速","2"
"广东省","四会市森普新材料科技有限公司","2"
"湖北省","G4221沪武高速","2"
"安徽省","和县收费站(S22天天高速出口)","2"
"贵州省","苗王城西收费站(S15松从高速入口)","2"
"安徽省","G50沪渝高速","2"
"广东省","S14汕湛高速","2"
"四川省","G5012恩广高速","2"
"河南省","郑州财经学院","2"
"山东省","G3京台高速","2"
"河南省","京港澳高速口(公交站)","2"
"青海省","南滩派出所","2"
"山东省","华鲁街与建设路交叉口","2"
"浙江省","S12申嘉湖高速","2"
"湖南省","S71华常高速","2"
"浙江省","诸暨收费站(G60沪昆高速出口)","2"
"江苏省","栖霞收费站(G25长深高速入口)","2"
"浙江省","S27东永高速","2"
"安徽省","马鞍山","2"
"河南省","G4京港澳高速","2"
"湖南省","郴州市儿童医院","2"
"湖北省","黄陂区六指街道西湖村委会","2"
"湖南省","桂东县人民医院","2"
"四川省","滨河路","2"
"河北省","燕郊镇人民政府","2"
"四川省","新民场","2"
"广西壮族自治区","廉州镇廉西小学","2"
"陕西省","申通快递(太白路)","2"
"辽宁省","东关屯派出所","2"
"湖北省","马沧湖","2"
"广东省","白云嶂","2"
"四川省","国宝轮胎","2"
"山西省","北营新村丰景佳园","2"
"陕西省","黄柏峪","2"
"湖南省","解放西路","2"
"贵州省","星力城A馆","2"
"贵州省","遵义医学院(公交站)","2"
"广东省","深圳市福田中学","2"
"陕西省","解放路","2"
"湖北省","武商梦时代","2"
"河南省","洛阳桥","2"
"山东省","长清大学城商业街","2"
"江苏省","国贸商城","2"
"河北省","唐山吾悦广场","2"
"福建省","厦门万象城","2"
"河南省","湖岸新城","2"
"陕西省","西安路","2"
"海南省","东方新天地","2"
"江苏省","金鹰湖滨天地","2"
"安徽省","九九广场(美的专卖店)","2"
"福建省","麦德龙(厦门湖里商场)","2"
"甘肃省","兰州中心","2"
"陕西省","西安城市运动公园","2"
"湖北省","武汉站","2"
"安徽省","长江路","2"
"四川省","大悦城","2"
"湖南省","湖南国际金融大厦","2"
"山东省","济南恒隆广场","2"
"辽宁省","文化路","2"
"河南省","归德路","2"
"陕西省","新艺城","2"
"湖南省","古曲路","2"
"河北省","丛台路","2"
"福建省","厦门园林博览苑","2"
"湖南省","梁山村村民委员会","2"
"河南省","观堂乡人民政府","2"
"四川省","天宫北路","2"
"山东省","胜利东街","2"
"山西省","大同路","2"
"山东省","王家台后村级组织服务站","2"
"陕西省","新兴路","2"
"广东省","台电大坑水库","2"
"山东省","太湖路与济南路交叉口","2"
"宁夏回族自治区","杞福巷","2"
"湖北省","武昌站","2"
"辽宁省","朝阳路","2"
"浙江省","学院路","2"
"山东省","铁橛山路","2"
"甘肃省","洛门镇人民政府","2"
"云南省","曙光小区","2"
"河北省","获鹿镇人民政府","2"
"江苏省","紫金山","2"
"河北省","磨石庵村公益电影放映点","2"
"山东省","潍坊市坊子区凤凰街道社区卫生服务中心","2"
"四川省","巴朗山","2"
"河南省","安阳市实验中学","2"
"河北省","后城镇人民政府","1"
"山西省","市道路运输管理局(公交站)","1"
"广东省","望牛墩文化广场(公交站)","1"
"浙江省","天长岭隧道","1"
"陕西省","乐天大街","1"
"湖北省","南湖校区社区居委会","1"
"江西省","南湖公园","1"
"辽宁省","瑞幸咖啡沈阳师范大学南区店","1"
"安徽省","红鑫新村","1"
"海南省","三亚美高梅度假酒店","1"
"河南省","龙湖金融岛","1"
"江西省","农资公司小区","1"
"山西省","忻州师范学院(新校区)","1"
"广东省","周门","1"
"四川省","四川省成都市武侯高级中学","1"
"河北省","龚尚嘉苑","1"
"陕西省","西北农林科技大学北校区","1"
"福建省","福州大学旗山校区","1"
"湖北省","银河山庄","1"
"云南省","正阳时代广场(正阳女人淘宝大世界西南)","1"
"甘肃省","雁滩北面滩新村","1"
"山东省","东李村(公交站)","1"
"福建省","万达广场(泉州浦西店)","1"
"福建省","曾厝垵","1"
"河北省","保定万博广场","1"
"宁夏回族自治区","宁夏大学贺兰山校区","1"
"河北省","Tineco添可(万达旗舰店)","1"
"广西壮族自治区","良凤江国家森林公园","1"
"广东省","天鹅花苑","1"
"山西省","大同古城","1"
"江西省","赣州西站","1"
"江苏省","昆玉九里","1"
"山东省","威海乳山市银滩海滩","1"
"广西壮族自治区","广西壮族自治区药用植物园","1"
"浙江省","浙江省萧山中学","1"
"湖南省","陶铸公园","1"
"陕西省","龙湖西安曲江星悦荟","1"
"广东省","白云山风景名胜区售票处","1"
"广西壮族自治区","盛天东郡","1"
"辽宁省","辽河","1"
"内蒙古自治区","锦林公园","1"
"辽宁省","中山广场","1"
"浙江省","荷花苑","1"
"湖北省","湖北工业大学","1"
"湖南省","长沙黄花国际机场","1"
"四川省","成都王府井购物中心(科华店)","1"
"云南省","怒江大峡谷","1"
"河南省","南阳师范学院","1"
"广西壮族自治区","阳朔栖溪美地度假酒店","1"
"河南省","郑州市管城回族区人民医院","1"
"辽宁省","风景区(公交站)","1"
"江西省","江西禹港国际卡丁车馆","1"
"广东省","金域豪庭","1"
"湖南省","湖南博物院","1"
"广东省","民治(地铁站)","1"
"湖北省","海底世界","1"
"贵州省","贵州大学东校区","1"
"江苏省","三胞国际广场","1"
"湖南省","司门口","1"
"江苏省","海底捞火锅(悠方店)","1"
"湖北省","俪湖天地","1"
"福建省","凤达山庄","1"
"四川省","成都市新津区人民政府","1"
"广东省","龙华(地铁站)","1"
"江苏省","金地商都(徐州彭城店)","1"
"湖南省","中南大学北校区","1"
"山东省","平章府","1"
"辽宁省","慧敏冷面麻辣烫(凌水家园店)","1"
"广东省","深圳保利文化广场","1"
"江苏省","中国矿业大学文昌校区","1"
"江苏省","茅山服务区","1"
"广西壮族自治区","涠洲岛","1"
"海南省","三亚湾红树林度假世界","1"
"河南省","河南省人民医院科教大厦","1"
"福建省","鳌峰苑","1"
"江苏省","一南创意空间","1"
"江苏省","湖东新街口","1"
"青海省","中国藏医药文化博物馆","1"
"安徽省","桂元村村委会","1"
"浙江省","城站路与清泰街交叉口","1"
"山西省","太原市森林公园","1"
"云南省","筑友集团云南玉溪科技园(建设中)","1"
"贵州省","金阳南路(南)(公交站)","1"
"贵州省","快活林亮欢寨","1"
"贵州省","甲秀南路","1"
"江苏省","东苏克路","1"
"河北省","信誉楼","1"
"广东省","接霞庄","1"
"福建省","炉边炭","1"
"安徽省","黄山栢景假日酒店","1"
"江苏省","天池山","1"
"陕西省","中贸广场","1"
"湖北省","清江山水","1"
"广东省","华南理工大学五山校区","1"
"广东省","深圳大学粤海校区","1"
"宁夏回族自治区","中宁县恩和镇宋庄","1"
"山东省","黑龙峪村民委员会","1"
"云南省","昆明植物园","1"
"海南省","晨晖·西海岸广场","1"
"浙江省","下城区综合楼","1"
"云南省","昆明市海口林场森林公园","1"
"湖北省","巢上城","1"
"四川省","三合嘉苑","1"
"广东省","信息枢纽大厦","1"
"吉林省","长春工业大学南湖校区","1"
"广东省","海心沙亚运公园","1"
"浙江省","浙江大学(玉泉校区)","1"
"广东省","华南农业大学","1"
"江西省","赣州市人民医院","1"
"陕西省","西北大学太白校区","1"
"内蒙古自治区","乌兰布统景区","1"
"湖北省","武汉大学工学部","1"
"山东省","山东农业大学泮河校区学生公寓","1"
"河北省","顺美华庭","1"
"江苏省","大华面馆","1"
"安徽省","岳家湖公园","1"
"广东省","和翔花园","1"
"广东省","星河驾校","1"
"江苏省","雨润新城","1"
"云南省","麒麟庄园","1"
"四川省","万象城二期","1"
"江苏省","亚东商业广场","1"
"广东省","乐业园小学","1"
"福建省","龙文互通主线桥","1"
"山东省","青岛科技大学(崂山校区)","1"
"陕西省","陕西国际商贸学院","1"
"安徽省","老街","1"
"广东省","六片山","1"
"广东省","南山村(公交站)","1"
"山东省","香港中路","1"
"吉林省","净月潭国家森林公园","1"
"山东省","银座商城(东城店)","1"
"河北省","廊坊市自然公园-欢乐动物园","1"
"广东省","龙岗老干中心(公交站)","1"
"云南省","朱家花园","1"
"江苏省","先锋书店(老门东店)","1"
"海南省","三亚亚龙湾国家旅游度假区","1"
"河南省","隋唐洛阳城应天门遗址","1"
"湖南省","潇湘奥林匹克花园","1"
"河南省","木兰大道","1"
"广东省","哈尔滨工业大学深圳校区","1"
"浙江省","杭州湖滨银泰in77","1"
"陕西省","雁塔立交","1"
"四川省","成都娇子音乐厅","1"
"河北省","维多利亚时代","1"
"甘肃省","东岗立交桥","1"
"广东省","黄埔大道(地铁站)","1"
"浙江省","北仑上海","1"
"湖北省","台铃电动车(白沙洲大道店)","1"
"广东省","深圳湾公园","1"
"贵州省","花果园","1"
"广东省","桂芳园6期","1"
"江苏省","阅城国际花园","1"
"辽宁省","新华科技大厦","1"
"湖北省","沌口","1"
"四川省","人民公园","1"
"广东省","海宴镇望头村新时代文明实践站","1"
"福建省","仓山园生活区","1"
"广东省","莲花山公园","1"
"广东省","黄阁(地铁站)","1"
"浙江省","庆菱路","1"
"湖南省","华银南苑","1"
"湖北省","洪山区行政中心","1"
"浙江省","横省石牌坊","1"
"广西壮族自治区","窑埠古镇","1"
"山西省","桃园二巷","1"
"山东省","燕山","1"
"福建省","蓝月湾(公交站)","1"
"广西壮族自治区","龙胜管","1"
"湖南省","杉木村农贸市场","1"
"山东省","青岛西海岸新区","1"
"广东省","洛浦路","1"
"江苏省","麻省理功-深海烤鱼(江南环球港店)","1"
"江苏省","明孝陵景区","1"
"云南省","官渡森林公园","1"
"云南省","普者黑风景区","1"
"山东省","泰安汽车总站","1"
"山东省","昌乐桂河湿地公园","1"
"湖南省","芙蓉南路","1"
"辽宁省","玉佛山风景区-二一九公园","1"
"广东省","南洲(地铁站)","1"
"广东省","福永(地铁站)","1"
"四川省","成都IFS-座椅","1"
"新疆维吾尔自治区","新疆农业大学(老满城校区)","1"
"海南省","东环广场","1"
"山东省","南益·名泉春晓","1"
"江苏省","红梅公园","1"
"山东省","华信家园","1"
"河北省","邢台学院","1"
"广东省","清新体育公园","1"
"河南省","曙光小区(永安街)","1"
"浙江省","凤起路(地铁站)","1"
"甘肃省","金阳国际饭店","1"
"广东省","罗定风车山","1"
"四川省","营门口","1"
"广西壮族自治区","万秀新村","1"
"广东省","惠阳碧桂园(公交站)","1"
"陕西省","西安市临潼区北十字仟禧自助涮烤店","1"
"江西省","万福人家(金丰路)","1"
"四川省","富华泸州桂圆","1"
"江苏省","江南贡院","1"
"广西壮族自治区","南宁吴圩国际机场","1"
"广东省","东门町广场","1"
"辽宁省","桓仁客运站","1"
"陕西省","龙首原(地铁站)","1"
"湖北省","星语特教十堰中心校区","1"
"江苏省","蠡湖大桥","1"
"海南省","三亚太阳湾柏悦酒店","1"
"广东省","佛山一环","1"
"广东省","新都汇时代广场","1"
"陕西省","延安新区","1"
"江苏省","金陵饭店","1"
"湖北省","喻园小区一期","1"
"浙江省","城中村村委会","1"
"山东省","华润中心","1"
"江苏省","南京工程学院(江宁校区)","1"
"江苏省","富克斯流行广场","1"
"山东省","济南大学主校区","1"
"广东省","南山公园","1"
"云南省","丽江和府洲际度假酒店","1"
"黑龙江省","红博会展购物广场","1"
"浙江省","江东(公交站)","1"
"湖北省","楚河汉街","1"
"江苏省","茂业天地(清扬店)","1"
"河南省","华阳广场国际大饭店","1"
"黑龙江省","秋林食品(往事专卖店)","1"
"浙江省","南湖路","1"
"浙江省","宁波银行(吴山小微企业专营支行)","1"
"江苏省","钵池山公园","1"
"四川省","龙池国家森林公园","1"
"浙江省","台州市路桥中学","1"
"山东省","上海世家","1"
"广东省","广州市白云山风景名胜区","1"
"广东省","维也纳酒店(深圳国际会展中心西环路店)","1"
"山东省","百花小区","1"
"广东省","深圳会展中心","1"
"山东省","东营银行","1"
"黑龙江省","大庆油田总医院","1"
"河南省","驻马店市第四人民医院","1"
"江苏省","佳家花园","1"
"四川省","抚琴(地铁站)","1"
"河北省","华北理工大学曹妃甸校区","1"
"广东省","深圳中心公园","1"
"江西省","赣南师范大学","1"
"湖北省","武汉职业技术学院东区都市丽人服装学院","1"
"江西省","昌盛大药房万达旅游城店","1"
"海南省","五源河体育场","1"
"广西壮族自治区","青秀山风景区","1"
"湖南省","贺龙体育馆","1"
"湖南省","湖南第一师范学院(东方红校区)","1"
"河南省","郑州市森林公园","1"
"山东省","枣庄职业学院","1"
"陕西省","乐居场小区","1"
"浙江省","杨公堤","1"
"江苏省","瘦西湖风景区-凉亭","1"
"江西省","南昌大学青山湖校区北区","1"
"山东省","青岛中山公园","1"
"广东省","新城公寓","1"
"江西省","万家批发商行","1"
"河南省","河南省人民医院","1"
"江苏省","桐泾公园","1"
"浙江省","马家浜考古遗址公园","1"
"广东省","北岭山森林公园","1"
"云南省","大理古城","1"
"广东省","广东奥林匹克体育中心","1"
"西藏自治区","圣象天门服务中心","1"
"河南省","万达广场(安阳店)","1"
"广东省","深圳华侨城旅游度假区-生态广场","1"
"内蒙古自治区","内蒙古农业大学西校区","1"
"河南省","康桥溪山御府","1"
"四川省","成都市高新区","1"
"云南省","大冰的小屋","1"
"湖北省","湖北大学(地铁站)","1"
"广东省","蛇口大厦","1"
"湖北省","武汉科学技术馆","1"
"广东省","观澜版画村版画基地","1"
"广东省","万达广场(厚街店)","1"
"江苏省","虎丘区","1"
"河南省","王府井购物中心","1"
"浙江省","杭州师范大学仓前校区","1"
"江苏省","南京信息工程大学水文气象学院","1"
"湖南省","银泰红城(建设中)","1"
"山东省","红石湖公园","1"
"河北省","茅荆坝森林公园","1"
"广东省","欢乐海岸PLUS","1"
"陕西省","西北大学附属中学郭杜校区","1"
"河北省","燕郊","1"
"河南省","河南水利与环境职业学院花园路校区","1"
"广东省","深圳市少年宫(装修中)","1"
"江苏省","南京艺术学院","1"
"广东省","虎门站","1"
"江苏省","山塘街","1"
"陕西省","中国西部科技创新港陕建指挥部","1"
"四川省","成都欢乐谷","1"
"四川省","李子坝九宫格火锅(中铁瑞城3号线店)","1"
"浙江省","鼓楼","1"
"陕西省","西安交通大学兴庆校区","1"
"广东省","深圳嘉里中心","1"
"山东省","聊大花园","1"
"浙江省","西塘古镇景区","1"
"辽宁省","东北财经大学","1"
"河南省","河南大学金明校区","1"
"江西省","马祖岩村委会","1"
"广东省","广东理工职业学院(中山校区)","1"
"陕西省","樊记腊汁肉","1"
"广东省","华南师范大学(广州校区石牌校园)","1"
"贵州省","三元大桥","1"
"山东省","济南西站","1"
"山西省","临汾职业技术学院","1"
"河南省","三星超市","1"
"湖北省","武汉大学图书馆(总馆)","1"
"湖北省","洪山礼堂广场","1"
"江苏省","瞻园","1"
"甘肃省","兰州大学城关校区","1"
"浙江省","浙江农林大学东湖校区","1"
"江苏省","新城花园(维扬路)","1"
"广西壮族自治区","广西师范大学(雁山校区)","1"
"广东省","横岗","1"
"内蒙古自治区","喀格图","1"
"山东省","中国海洋大学崂山校区图书馆","1"
"云南省","十里长街","1"
"安徽省","九华山风景区","1"
"广东省","广州图书馆","1"
"安徽省","百花园小区","1"
"山东省","聊城大学东校区","1"
"黑龙江省","北极村","1"
"浙江省","思古桥村农产品电商中心","1"
"河北省","岳各庄村民委员会","1"
"广东省","世界金融中心","1"
"湖北省","BouchonBistro·布熊小馆(万达行政公馆店)","1"
"浙江省","世茂·世界湾花园","1"
"四川省","建林宾馆","1"
"广东省","九州家园","1"
"湖南省","恒大华府(寒溪路)","1"
"福建省","漳州站","1"
"广东省","汇一城","1"
"江苏省","万达影城(建邺万达广场店)","1"
"山东省","岳都海景公寓","1"
"贵州省","玉舍收费站(G56杭瑞高速出口)","1"
"黑龙江省","万达广场(大庆萨尔图店)","1"
"湖南省","澳海·澜庭","1"
"江苏省","中山陵景区","1"
"湖南省","吉联MALL","1"
"广东省","大石(地铁站)","1"
"广西壮族自治区","龙屯立交桥","1"
"江苏省","东山","1"
"广东省","公明充电","1"
"四川省","李子坝村村民委员会","1"
"云南省","中国科学院西双版纳热带植物园","1"
"河南省","河南科技学院图书馆","1"
"浙江省","湖滨步行街","1"
"辽宁省","大连医科大学","1"
"山西省","西安烤面筋","1"
"福建省","星光耀","1"
"甘肃省","兰州大学第二医院本部","1"
"山东省","昌乐县中医院","1"
"广东省","盐田港","1"
"湖北省","豹澥街道社区居委会","1"
"湖南省","里耶古城遗址(装修中)","1"
"浙江省","姜山路","1"
"河南省","滨河路","1"
"西藏自治区","银河大酒店","1"
"山西省","大同大学(御东校区南校区)","1"
"湖北省","农科院社区居委会","1"
"广东省","百姓家经济酒店","1"
"江苏省","白马公园","1"
"四川省","成都新城旅馆","1"
"江苏省","西善桥","1"
"陕西省","西安北站","1"
"甘肃省","伏羲路步行街","1"
"广东省","新港西路","1"
"江苏省","平江路","1"
"浙江省","阳光水岸度假村","1"
"四川省","四川省体育馆","1"
"四川省","广安高新区创新创业服务中心","1"
"贵州省","黄果树大厦","1"
"江苏省","盛普轮胎(京怀汽配城)前置仓","1"
"新疆维吾尔自治区","温州商贸城(青年街)","1"
"广东省","大学城馨园","1"
"浙江省","杭州师范大学下沙校区","1"
"陕西省","长安广场(地铁站)","1"
"安徽省","杏花公园","1"
"河南省","新乡市宏达卫材有限公司","1"
"广东省","石岩汽车站","1"
"安徽省","包公园","1"
"河南省","绿都·塞纳春天","1"
"贵州省","梵净山风景区","1"
"山东省","山东药品食品职业学院","1"
"江苏省","徐州市贾汪区人民医院","1"
"福建省","金色康城","1"
"山东省","汉峪金谷","1"
"山东省","北园居住小区","1"
"广东省","长安粘胶","1"
"山东省","山东理工大学","1"
"浙江省","南浔古镇","1"
"福建省","福建农林大学(金山校区)","1"
"福建省","清濛村委会","1"
"广东省","环市北河大桥","1"
"陕西省","小寨村村委会","1"
"广西壮族自治区","革新路","1"
"江苏省","林湖别墅","1"
"广东省","星巴克(深圳阿里中心店)","1"
"山东省","山东中医药高等专科学校","1"
"山东省","青铜山","1"
"辽宁省","大连工业大学","1"
"广西壮族自治区","南宁中房","1"
"江西省","青年路中(公交站)","1"
"福建省","武夷学院","1"
"河南省","乐山大道","1"
"江苏省","毛许路","1"
"河北省","万象城","1"
"河北省","石家庄市北高营小学","1"
"广东省","创维大厦","1"
"广西壮族自治区","漓江景区竹筏游览售票处","1"
"河南省","东张门村卫生所","1"
"江苏省","无锡东站","1"
"河北省","河北医科大学中山校区","1"
"吉林省","吉林大学前卫南区","1"
"陕西省","珠江新城","1"
"山东省","南山公园","1"
"广东省","东莞市横沥人民医院","1"
"广西壮族自治区","灵峰商业步行街","1"
"江苏省","苏州站","1"
"浙江省","九龙国家湿地公园","1"
"湖南省","潮宗御苑","1"
"陕西省","古塔镇人民政府","1"
"福建省","杜浔镇人民政府","1"
"河南省","商颂大街","1"
"福建省","美年大健康体检中心(莆田分院)","1"
"河南省","洗耳河","1"
"四川省","四川大学望江校区","1"
"新疆维吾尔自治区","古牧地镇人民政府","1"
"广东省","狮山镇人民政府","1"
"江苏省","南通职业大学","1"
"贵州省","董公寺社区卫生服务中心","1"
"四川省","少陵路","1"
"河南省","邙山","1"
"广西壮族自治区","老牌柳来香螺蛳粉(星湖路店)","1"
"广东省","佛山市顺德区容桂街道(社保分厅)","1"
"浙江省","迎春南苑","1"
"甘肃省","小红门","1"
"辽宁省","凌南路","1"
"广东省","惠东巽寮湾咸泉庄园度假酒店","1"
"浙江省","风尚锐体智慧健身空间(海上明月店)","1"
"湖南省","湖南科技大学","1"
"河北省","卢龙服务区","1"
"湖北省","狮子山街","1"
"广西壮族自治区","西山小区一期","1"
"福建省","福清站","1"
"湖南省","东方红广场","1"
"江苏省","南京信息工程大学滨江学院","1"
"广东省","江南西(地铁站)","1"
"吉林省","珠江家园","1"
"广东省","钟村","1"
"山东省","西城名都","1"
"山西省","汾河公园","1"
"江苏省","南京大学鼓楼校区","1"
"山东省","临西五路","1"
"广东省","广园立交桥","1"
"江西省","南昌大桥","1"
"浙江省","杭州市临平区临平第一中学(望梅校区)","1"
"辽宁省","华东人家","1"
"山东省","临沂大学","1"
"山东省","济南世购商贸广场","1"
"四川省","成都高新技术产业开发区","1"
"浙江省","杭州石上石材护理有限公司","1"
"河南省","古城街","1"
"江苏省","京华城","1"
"江苏省","将军大道","1"
"吉林省","万科上东区","1"
"四川省","苏宁广场","1"
"广东省","广东现代国际展览中心","1"
"广东省","永泰(地铁站)","1"
"内蒙古自治区","昭君路","1"
"吉林省","吉林市龙潭区人民政府","1"
"江苏省","秦淮河风光带","1"
"福建省","九龙城(新华东路)","1"
"山东省","大王村民委员会","1"
"河南省","郑州大学第一附属医院(河医院区)","1"
"山西省","七一北路","1"
"海南省","玉沙京华城(公交站)","1"
"四川省","龙架山","1"
"辽宁省","辽阳万达广场(童)","1"
"福建省","世界金龙大厦","1"
"浙江省","梧田街","1"
"内蒙古自治区","巴林左旗中蒙医院","1"
"福建省","福州市江镜华侨经济开发区","1"
"广东省","大沥镇人民政府","1"
"湖北省","武汉软件新城","1"
"辽宁省","中央复兴里","1"
"黑龙江省","玻璃钢研究院(公交站)","1"
"广东省","广州(天河南步行街店)","1"
"云南省","丽江古城博物院-木府","1"
"山东省","威尼斯酒店","1"
"江苏省","金储村村民委员会","1"
"江西省","庐山国家级旅游风景名胜区","1"
"湖南省","岳麓山","1"
"广东省","琶洲(地铁站)","1"
"四川省","成都东站","1"
"福建省","鼓楼医院","1"
"四川省","成都中医药大学温江校区","1"
"广东省","惠新西街","1"
"广东省","布吉(地铁站)","1"
"云南省","虹桥(地铁站)","1"
"陕西省","陕西历史博物馆","1"
"广东省","农讲所(地铁站)","1"
"福建省","闽赣加油站(建设中)","1"
"湖北省","中国地质大学(西区)","1"
"湖南省","阜埠河(地铁站)","1"
"广东省","华南国家植物园","1"
"山东省","望京村(公交站)","1"
"江苏省","虹桥","1"
"广东省","黄木岗(地铁站)","1"
"四川省","天府广场(地铁站)","1"
"广东省","白马商贸大厦","1"
"江苏省","秣周东路(地铁站)","1"
"吉林省","吉林省中医药科学院第一临床医院","1"
"四川省","四川财经职业学院","1"
"福建省","厦门站","1"
"河北省","五一广场(建设中)","1"
"江苏省","南京德基广场","1"
"江苏省","金鹰国际购物中心(新街口店)","1"
"宁夏回族自治区","宁夏海原县新宇晟枸杞专业合作社","1"
"江苏省","南京市秦淮区夫子庙街道办事处","1"
"广西壮族自治区","南湖公园","1"
"福建省","厦门北站","1"
"浙江省","江东客运站","1"
"浙江省","龙翔桥(地铁站)","1"
"浙江省","钱塘市民中心","1"
"福建省","宝龙广场-兴元(宝龙城市广场南区B店)","1"
"四川省","招商花园城-POP MART(高新招商花园城北区店)","1"
"广西壮族自治区","凤起路","1"
"浙江省","杭州西湖风景名胜区-汪宅","1"
"河北省","六沟镇人民政府","1"
"浙江省","西溪国家湿地公园洪园","1"
"湖南省","德政园","1"
"湖北省","王家湾(地铁站)","1"
"云南省","春熙路","1"
"广东省","前海集翔","1"
"黑龙江省","兴东小区","1"
"浙江省","良渚","1"
"广东省","宝龙同乐(地铁站)","1"
"广东省","贡茶(龙翔学校店)","1"
"辽宁省","十里河","1"
"湖北省","湖北中医药大学昙华林校区","1"
"安徽省","合肥站","1"
"四川省","奥克斯广场","1"
"江苏省","三阳路","1"
"贵州省","福鑫珠宝(富强路店)","1"
"广东省","番禺广场(地铁站)","1"
"四川省","黄木岗","1"
"广东省","南山(地铁站)","1"
"湖南省","长沙银盆岭万达广场","1"
"广东省","番禺广场","1"
"湖北省","螃蟹岬(地铁站)","1"
"浙江省","龙阳路","1"
"江西省","蒙特利","1"
"广东省","大沙地(地铁站)","1"
"广东省","天河南(地铁站)","1"
"陕西省","北大街","1"
"湖南省","中南大学湘雅医院","1"
"安徽省","虎泉山庄","1"
"广西壮族自治区","民族大道","1"
"河南省","武陟医院","1"
"广东省","美好居","1"
"安徽省","万象城","1"
"海南省","海口人民公园","1"
"山东省","淄博市植物园","1"
"广东省","西涌旅游度假区","1"
"江苏省","云龙公园","1"
"河北省","滏阳公园","1"
"四川省","银河歌城KTV","1"
"青海省","湟水","1"
"湖北省","紫阳湖公园站自行车租赁点","1"
"黑龙江省","航空公园","1"
"广西壮族自治区","七星景区","1"
"浙江省","湖州儿童公园","1"
"吉林省","雁鸣湖镇政府","1"
"河北省","乾荣世纪公园","1"
"安徽省","张公山公园","1"
"云南省","中国科学院西双版纳热带植物园(昆明分部)","1"
"海南省","白沙","1"
"浙江省","常乐小区","1"
"新疆维吾尔自治区","头屯河谷森林公园地面停车场(出入口)","1"
"浙江省","西溪国家湿地公园","1"
"广东省","大岭山森林公园","1"
"江苏省","虞山国家森林公园","1"
"广东省","黄山鲁森林公园","1"
"安徽省","雨山湖公园","1"
"辽宁省","辽河公园","1"
"江苏省","锡惠公园(惠河路)(公交站)","1"
"黑龙江省","阳明公园","1"
"广东省","深圳市民中心","1"
"广西壮族自治区","柳侯公园","1"
"河南省","郑州市万山森林公园","1"
"湖南省","桂林村村民委员会","1"
"黑龙江省","北山公园","1"
"河南省","郑州市人民公园","1"
"河南省","花园路","1"
"辽宁省","港湾广场(地铁站)","1"
"四川省","泡桐树中学百仁校区","1"
"河南省","西流湖公园","1"
"湖北省","武汉商务区站商业街","1"
"青海省","青海弘大(公交站)","1"
"甘肃省","前滩","1"
"山东省","青岛太平角公园","1"
"广东省","天坛公园","1"
"四川省","龙江世纪","1"
"广东省","市民公园","1"
"湖南省","北湖公园","1"
"江苏省","赤山湖国家湿地公园","1"
"甘肃省","马跑泉公园","1"
"江苏省","虞山公园","1"
"江西省","艾溪湖森林湿地公园","1"
"浙江省","碧湖镇人民政府","1"
"辽宁省","三角公园","1"
"浙江省","西溪公园","1"
"福建省","三一堂","1"
"广东省","陈家祠社区居民委员会","1"
"新疆维吾尔自治区","红山公园","1"
"四川省","青龙湖湿地公园","1"
"江苏省","拙政园","1"
"广东省","黄江梅塘烈士公园","1"
"四川省","中坝(地铁站)","1"
"湖北省","现代森林花园","1"
"河北省","鲁迅公园","1"
"陕西省","大明宫国家遗址公园","1"
"广东省","花城广场","1"
"河北省","秦皇岛森林体育公园","1"
"江苏省","无锡锡惠公园售票处","1"
"广东省","石湾公园","1"
"江苏省","常州新城·桃李郡","1"
"贵州省","花溪公园","1"
"广东省","荔林公园","1"
"湖南省","滨湖公园","1"
"新疆维吾尔自治区","慕士塔格冰川公园","1"
"广东省","文祠东路","1"
"福建省","厦门白鹭洲公园","1"
"海南省","文化公园(公交站)","1"
"浙江省","富阳区城市森林公园","1"
"海南省","五指山","1"
"广东省","铁路公园","1"
"广东省","羊角山森林公园","1"
"广东省","宝安公园","1"
"江苏省","羊山公园","1"
"江西省","东湖","1"
"广东省","大雁山","1"
"江苏省","苏州丝绸博物馆","1"
"湖北省","神仙湾","1"
"江苏省","南京老山国家森林公园","1"
"湖南省","世纪汇小区","1"
"四川省","双女石公园","1"
"福建省","仙岳公园","1"
"安徽省","神山公园","1"
"山东省","姜山湿地","1"
"山东省","青岛胶州湾隧道","1"
"四川省","人民东路","1"
"湖南省","厉厉茶·新烈士陵园店","1"
"江苏省","惠山国家森林公园","1"
"四川省","绿心公园","1"
"湖北省","丰荷山","1"
"山东省","胶东街道办事处","1"
"浙江省","机场城市大道","1"
"四川省","四川省犍为县大兴镇梧桐村退役军人服务站","1"
"青海省","空港市场","1"
"云南省","盘龙江游船售票厅","1"
"安徽省","大雄宝殿","1"
"山东省","济南鲁能希尔顿酒店及公寓","1"
"河南省","瓦岗镇人民政府","1"
"广东省","惠州平潭机场","1"
"贵州省","图云关隧道","1"
"吉林省","吉林市公安局吉林经济技术开发区分局机场派出所哨口村警务室","1"
"河北省","石家庄正定国际机场","1"
"福建省","新洲大桥","1"
"辽宁省","沈阳桃仙国际机场","1"
"陕西省","咸阳北客站(公交站)","1"
"福建省","泉州晋江国际机场","1"
"广东省","潮汕机场城市候机楼","1"
"湖北省","台北四村","1"
"广东省","南村万博(地铁站)","1"
"广东省","白云机场北站","1"
"广东省","遂城街道办事处","1"
"云南省","战华路与G4216蓉丽高速入口交叉口","1"
"山西省","太原武宿国际机场","1"
"湖北省","黄陂立交桥","1"
"福建省","厦门市安兜小学","1"
"内蒙古自治区","机场高速入口(东向)","1"
"云南省","G8511昆磨高速","1"
"广东省","广园路","1"
"江西省","南昌西收费站(南昌大道出口)","1"
"江苏省","南京站","1"
"福建省","福州长乐国际机场","1"
"浙江省","杭州萧山国际机场武林门航站楼","1"
"四川省","香榭丽都","1"
"广东省","石井","1"
"湖北省","襄阳刘集机场","1"
"广西壮族自治区","星巴克(南宁盛天领域店)","1"
"云南省","S92机场高速","1"
"浙江省","宁波栎社国际机场","1"
"福建省","福州国际航空港城市候机厅","1"
"河南省","经十路与长江东路交叉口","1"
"河南省","河南中原高速公路股份有限公司(航空港分公司)","1"
"陕西省","延安南泥湾机场","1"
"浙江省","机场路与鄞县大道交叉口","1"
"浙江省","浃底隧道","1"
"辽宁省","热岛·黄金海岸","1"
"河北省","机场路","1"
"河北省","邯郸机场","1"
"山东省","临沂启阳机场","1"
"黑龙江省","哈西公路客运站","1"
"辽宁省","锦州客运站(公交站)","1"
"广东省","深圳宝安国际机场T3航站楼","1"
"浙江省","杭州市西湖公证处","1"
"宁夏回族自治区","银川站","1"
"云南省","中国邮政(长水国际机场邮政所)","1"
"广东省","福田(地铁站)","1"
"山东省","章丘龙山","1"
"河南省","洛阳理工学院开元校区","1"
"山东省","S33济徐高速","1"
"四川省","绵阳南郊机场","1"
"新疆维吾尔自治区","乌鲁木齐地窝堡国际机场","1"
"浙江省","机场(地铁站)","1"
"山东省","济南遥墙国际机场","1"
"吉林省","长春站","1"
"江苏省","南京禄口国际机场泰州城市候机楼","1"
"湖南省","九华山","1"
"四川省","小鹏汽车成都机场路销售服务中心停车场","1"
"江苏省","常州奔牛国际机场","1"
"山西省","容海苑","1"
"广东省","东莞理工学院","1"
"浙江省","机场大道与甬江路交叉口","1"
"陕西省","机场高速","1"
"湖北省","荆监一级公路","1"
"山东省","徐家楼社区","1"
"河北省","建设大街","1"
"山东省","泰山路","1"
"河南省","郑州现代农业示范区管理委员会","1"
"湖南省","窑岭湘雅二医院(地铁站)","1"
"广东省","笋岗(地铁站)","1"
"山东省","悦荟广场","1"
"安徽省","安徽省昭潭中学","1"
"河南省","李村村委会","1"
"福建省","厦门市同安区褒建筑农资店","1"
"江西省","江变超市","1"
"山东省","北外环路","1"
"广东省","哈尔滨大饼(棠安路)","1"
"四川省","龙居寺村村民委员会","1"
"河南省","方山村民委员会","1"
"广东省","张槎","1"
"福建省","厦门市同安工业集中区","1"
"四川省","俱乐部","1"
"山东省","临港路","1"
"山东省","林家村镇人民政府","1"
"广东省","中山一路","1"
"贵州省","隧道口(公交站)","1"
"山西省","都市广场(都司街)","1"
"江苏省","环湖佳苑东升小区","1"
"浙江省","云林东路","1"
"广西壮族自治区","万福路","1"
"河南省","九都西路珠江路口西(公交站)","1"
"河南省","长安中路与阜民街交叉口","1"
"四川省","达州客运南站","1"
"四川省","护国市场监管所","1"
"陕西省","团结南路","1"
"广西壮族自治区","石龙镇人民政府","1"
"安徽省","王楼村村委会","1"
"湖北省","高新四路光谷二路(公交站)","1"
"云南省","凤凰山","1"
"广东省","司马山","1"
"新疆维吾尔自治区","新疆罗布人村寨景区","1"
"广东省","飞沙村委会","1"
"吉林省","延吉北收费站(G12珲乌高速入口)","1"
"湖北省","长江二桥","1"
"湖南省","人民中路","1"
"福建省","磨心山","1"
"山东省","济宁高新区创业园","1"
"山东省","中海公园","1"
"广西壮族自治区","万秀菜市","1"
"四川省","云丰村站(公交站)","1"
"新疆维吾尔自治区","恰西草原风景旅游区","1"
"云南省","仁寿村民委员会","1"
"贵州省","黔诚酸汤牛肉(甲秀楼2.0店)","1"
"福建省","大东(大王里店)","1"
"甘肃省","嘉陵江","1"
"山西省","五龙口街","1"
"江苏省","苏州中惠铂尔曼酒店","1"
"广东省","长安广场","1"
"云南省","阳光小学","1"
"河南省","河南省鹤壁市山城区前进路南头旺杰钢材销售部","1"
"云南省","正阳南路","1"
"河南省","牟山大道","1"
"河南省","朝阳街","1"
"河南省","馨苑10区","1"
"河南省","黎阳路","1"
"内蒙古自治区","小淖尔出口(G6京藏高速东向)","1"
"辽宁省","G1京哈高速入口(锦州方向)","1"
"吉林省","世纪广场轻轨站(公交站)","1"
"内蒙古自治区","爱民街","1"
"黑龙江省","南小爱民街","1"
"河南省","北四环","1"
"江西省","象山北路","1"
"河南省","丰庆路与博颂路交叉口","1"
"河南省","山河路","1"
"陕西省","姜谭路","1"
"湖北省","荆中路","1"
"青海省","唐古拉山镇政府","1"
"安徽省","胡同现烤糕点(新华书店住宅楼店)","1"
"山东省","三里河街道办事处","1"
"河南省","浉河公园","1"
"湖北省","武汉欢乐谷","1"
"江苏省","东环服务区","1"
"湖北省","野芷湖大桥","1"
"吉林省","榆树弓棚镇收费站(G1015铁科高速出口)","1"
"江西省","坛子口(地铁站)","1"
"浙江省","S28台金高速","1"
"江苏省","G2501南京绕城高速与G40沪陕高速交叉口","1"
"河北省","兴隆街(公交站)","1"
"山东省","G18荣乌高速","1"
"湖北省","观湖别院","1"
"湖北省","汉西一村","1"
"新疆维吾尔自治区","机场高速","1"
"山东省","龙洞风景区","1"
"陕西省","凤凰沟","1"
"山东省","小安子(公交站)","1"
"陕西省","农科路","1"
"广东省","大塘边路","1"
"辽宁省","G15沈海高速","1"
"河北省","北焦坡村村委会","1"
"河南省","郑州十八里河收费站(京广快速路出口)","1"
"山东省","中山公园","1"
"吉林省","梨树东出口(G1京哈高速东北向)","1"
"湖北省","墨水湖大桥","1"
"内蒙古自治区","少先路与民族东路交叉口","1"
"安徽省","魏武广场","1"
"广东省","新乡市场","1"
"河南省","美年大健康(郑州四分院)","1"
"湖北省","观音垱(公交站)","1"
"福建省","兴隆路与火炬二路交叉口","1"
"山东省","回河南街社区管理委员会","1"
"贵州省","省武警总队(公交站)","1"
"湖北省","长青收费站(四环线出口)","1"
"湖北省","汉中","1"
"江西省","中山路","1"
"湖北省","东吴大道四明路(公交站)","1"
"广东省","南部战区总医院(越秀院区)","1"
"江苏省","秦淮区中医医院","1"
"广西壮族自治区","古道休闲吧","1"
"福建省","上下店路","1"
"广东省","玉湛高速","1"
"福建省","寿宁收费站(G4012溧宁高速入口)","1"
"河南省","G36宁洛高速","1"
"吉林省","松原西收费站(G12珲乌高速入口)","1"
"湖南省","长沙银行(怀化分行)","1"
"山西省","大同收费站(G55二广高速出口)","1"
"云南省","赛格隧道","1"
"安徽省","铜陵路街道办事处","1"
"山东省","银座旅游文化东路恒大帝景店","1"
"广东省","G35济广高速","1"
"河北省","秦皇岛西收费站(G0111秦滨高速出口)","1"
"黑龙江省","G10绥满高速","1"
"江西省","铜鼓隧道","1"
"湖北省","G55二广高速","1"
"河南省","商登高速桥","1"
"内蒙古自治区","陕坝停车区(建设中)","1"
"贵州省","G56杭瑞高速","1"
"湖北省","G70福银高速","1"
"吉林省","双辽南收费站(G25长深高速出口)","1"
"河北省","G0121京秦高速","1"
"四川省","G42沪蓉高速","1"
"江苏省","G50沪渝高速","1"
"山东省","沂源东收费站(G22青兰高速出口)","1"
"湖南省","干杉收费站(S42江干高速出口)","1"
"浙江省","鉴湖服务区","1"
"山西省","东高村4区","1"
"湖南省","S31宜连高速","1"
"贵州省","清镇收费站(G60沪昆高速出口)","1"
"四川省","S1成万高速","1"
"湖北省","日月山水","1"
"湖南省","张家界收费站(G5513长张高速出口)","1"
"吉林省","敦化收费站(G12珲乌高速出口)","1"
"江苏省","沛县安国中学","1"
"江西省","昌栗高速","1"
"河北省","G25长深高速","1"
"贵州省","S20毕威高速","1"
"吉林省","S11牡延高速","1"
"湖南省","浏阳西收费站(S19浏洪高速出口)","1"
"贵州省","S15铜大高速","1"
"福建省","晋江南收费站(S58晋长高速入口)","1"
"浙江省","东山陈村办公楼","1"
"安徽省","G35济广高速","1"
"福建省","城中村委会","1"
"江西省","桐子李村","1"
"山西省","天井关隧道","1"
"山西省","芮城服务区与G59呼北高速交叉口","1"
"湖南省","新塘收费站(G4京港澳高速出口)","1"
"广东省","S23惠大高速","1"
"湖南省","G4京港澳高速","1"
"陕西省","古城滩收费站(G6521榆蓝高速出口)","1"
"山东省","济南郭店立交","1"
"海南省","坡心互通","1"
"广东省","中山坑","1"
"湖南省","东二环(地铁站)","1"
"江西省","文陂收费站(S61吉安绕城高速入口)","1"
"湖北省","青菱湖","1"
"湖北省","梁文海汽车维修部","1"
"广西壮族自治区","G72泉南高速","1"
"河北省","河北慧耕生态农场","1"
"安徽省","G4221沪武高速","1"
"宁夏回族自治区","G20青银高速","1"
"山东省","威海收费站(G18荣乌高速西南向)","1"
"湖南省","G56杭瑞高速","1"
"四川省","仁和收费站(S32西绵高速出口)","1"
"浙江省","田里隧道群2号","1"
"吉林省","延吉西收费站(S12延龙高速入口)","1"
"河北省","G5京昆高速","1"
"湖南省","G60沪昆高速入口(娄底方向)","1"
"河南省","S88郑栾高速","1"
"浙江省","兰海(公交站)","1"
"广东省","清远西收费站(G0421许广高速出口)","1"
"吉林省","吉林省延边朝鲜族自治州人民检察院","1"
"广东省","北门市场(北环城路)","1"
"河南省","G4京港澳高速入口(郑州方向)","1"
"河南省","商丘奥林水泥(南丰直销处)","1"
"安徽省","南陵家发服务区餐厅","1"
"湖北省","G45大广高速与G45大广高速入口交叉口","1"
"吉林省","G1015铁科高速","1"
"福建省","漳平南收费站(S30永漳高速出口)","1"
"湖北省","G50沪渝高速","1"
"江苏省","淹城服务区","1"
"四川省","达川区百节镇工会","1"
"湖南省","沅江南收费站(S71华常高速入口)","1"
"山东省","枣乡街与民生路交叉口","1"
"广东省","G0421许广高速","1"
"广东省","金利燃气","1"
"内蒙古自治区","毕克齐镇人民政府","1"
"云南省","云县西收费站(G5615天猴高速出口云县方向)","1"
"四川省","山东高速大厦","1"
"广东省","棉洋服务区","1"
"安徽省","合安高速改扩建项目办","1"
"浙江省","东阳收费站(G1512甬金高速入口)","1"
"贵州省","贵阳西收费站(G60沪昆高速出口)","1"
"海南省","G9812海琼高速","1"
"河北省","大广高速魏县连接线与G45大广高速入口交叉口","1"
"湖南省","S80衡邵高速","1"
"山东省","乳山东立交","1"
"湖南省","油子塘大桥","1"
"四川省","蜀源大道","1"
"安徽省","龙城隧道","1"
"黑龙江省","红旗村村委会","1"
"广西壮族自治区","屯里大桥","1"
"河北省","北五女(公交站)","1"
"浙江省","内环路","1"
"福建省","G15沈海高速","1"
"内蒙古自治区","G7京新高速入口(哈密方向)","1"
"安徽省","芜宣枢纽与G50沪渝高速交叉口","1"
"浙江省","104国道","1"
"江苏省","S55宁宣高速","1"
"湖北省","G42沪蓉高速","1"
"山东省","博山互通立交","1"
"安徽省","王河服务区（沪渝高速上海方向）","1"
"贵州省","东山","1"
"云南省","G56杭瑞高速","1"
"湖南省","绕城高速(公交站)","1"
"山东省","无棣收费站(G18荣乌高速入口)","1"
"河北省","G1京哈高速","1"
"安徽省","双墩收费站(G40沪陕高速出口)","1"
"湖北省","G45大广高速","1"
"广东省","黄石街","1"
"贵州省","永乐花海","1"
"云南省","宣威复兴收费站(S11威砚高速出口西南向)","1"
"云南省","茨营收费站(S11威砚高速出口)","1"
"云南省","罗平北收费站(G78汕昆高速出口)","1"
"安徽省","S12滁新高速","1"
"安徽省","巢黄高速与巢黄高速入口交叉口","1"
"山西省","玉溪村民委员会","1"
"广东省","珠海大道","1"
"安徽省","巢黄高速","1"
"河北省","清家沟服务区","1"
"广西壮族自治区","梧州南高速路口(公交站)","1"
"辽宁省","二台子乔四诊所","1"
"湖北省","利川收费站(G50沪渝高速出口)","1"
"浙江省","绍兴收费站(G92杭州湾环线高速出口)","1"
"山东省","滨州东收费站(G2516东吕高速出口)","1"
"吉林省","G11鹤大高速","1"
"陕西省","分水岭隧道","1"
"四川省","安岳服务区驿路香自选式快餐","1"
"贵州省","朝阳镇人民政府","1"
"贵州省","晴隆服务区","1"
"四川省","成环路与S2成巴高速入口交叉口","1"
"河北省","S75太行山高速","1"
"江苏省","宁合高速","1"
"云南省","明朗收费站(G5601昆明绕城高速出口)","1"
"内蒙古自治区","盛乐镇(公喇嘛)(公交站)","1"
"福建省","互通区主线2号桥","1"
"山东省","东平收费站(G35济广高速入口)","1"
"浙江省","慈城出口(G15沈海高速北向)","1"
"浙江省","安吉北收费站(S14杭长宜高速出口)","1"
"山西省","史回收费站(青兰线东向)","1"
"广西壮族自治区","南宁安吉客运站","1"
"安徽省","滁淮高速","1"
"山东省","G18荣乌高速入口(文登方向)","1"
"贵州省","务川收费站(S10德习高速入口正务高速方向)","1"
"湖北省","南漳服务区","1"
"山东省","跨胶州湾高速大桥","1"
"河北省","西柏坡高速","1"
"浙江省","丽水北收费站(G25长深高速出口)","1"
"江苏省","宁杭高速","1"
"甘肃省","秦安互通立交","1"
"河南省","云台山","1"
"湖北省","铁机路(地铁站)","1"
"浙江省","遂昌县人民法院共享法庭(定溪村)","1"
"湖南省","长沙县黄花镇人民政府","1"
"湖北省","军运村","1"
"山东省","郭店庚辰钢铁宿舍","1"
"湖北省","五峰山","1"
"山西省","水西关南街","1"
"湖南省","万达广场(湘潭高新店)","1"
"广东省","广东梧桐山风景名胜区","1"
"广西壮族自治区","阳光城","1"
"浙江省","衢州市衢江区湖南镇破石村民委员会","1"
"广东省","辅城坳小学","1"
"江西省","九洲大街与抚生南路交叉口","1"
"河北省","广阳道与新华路交叉口","1"
"内蒙古自治区","住建局","1"
"安徽省","邢庄桥","1"
"江苏省","荆川公园","1"
"山东省","晶华路","1"
"安徽省","路桥小区(中兴路)","1"
"浙江省","清凉峰国家级自然保护区(不对外开放)(暂停开放)","1"
"江苏省","吴江太湖新城","1"
"湖北省","竹山县竹坪乡人民政府","1"
"湖南省","迎宾路","1"
"广西壮族自治区","中山中路","1"
"黑龙江省","儿童公园","1"
"宁夏回族自治区","宝湖国家湿地公园","1"
"四川省","红光大道","1"
"四川省","泰山大道","1"
"四川省","天宇路","1"
"江苏省","机场路","1"
"安徽省","张集村综治中心","1"
"贵州省","亨特国际广场","1"
"河南省","夏集子(公交站)","1"
"湖南省","资兴市唐洞街道办事处","1"
"河北省","中柳林警务站","1"
"湖北省","桥边镇人民政府","1"
"陕西省","大清路","1"
"陕西省","沣泾大道","1"
"山西省","金虎便利(101电车总站店)","1"
"湖北省","马良镇人民政府","1"
"吉林省","三合城村委会","1"
"福建省","下林村村委会","1"
"云南省","湾甸派出所","1"
"山东省","威海里口山风景名胜区","1"
"四川省","新团路","1"
"山东省","奥体中路与轻风路交叉口","1"
"新疆维吾尔自治区","中山北路","1"
"湖南省","体育中心","1"
"四川省","安德街道办事处","1"
"四川省","成都市郫都区德源街道禹庙村村民委员会","1"
"福建省","增田村(公交站)","1"
"辽宁省","大连森林动物园","1"
"江苏省","南京北站(地铁站)","1"
"河南省","赵庄村","1"
"广东省","梅州站","1"
"云南省","纳古派出所","1"
"陕西省","太白路","1"
"安徽省","宣城市泾县榔桥宾馆","1"
"陕西省","终南山悟真风景区","1"
"安徽省","弋矶山","1"
"陕西省","科研巷","1"
"宁夏回族自治区","洪广镇人民政府","1"
"湖北省","贺家坪村委会","1"
"江苏省","白马镇人民政府","1"
"陕西省","胜利油田胶管大全","1"
"陕西省","针织布匹","1"
"贵州省","苏山村村民委员会","1"
"山东省","五峰派出所","1"
"福建省","九华山","1"
"辽宁省","景山住宅小区","1"
"湖北省","齐星花园","1"
"新疆维吾尔自治区","老君庙水库","1"
"新疆维吾尔自治区","石油路","1"
"安徽省","夏集镇人民政府","1"
"安徽省","长安欧尚汽车(广德欧宇)","1"
"河南省","兴泰路","1"
"湖北省","知音桥","1"
"河南省","司马光东路","1"
"河北省","王母观","1"
"江西省","麟潭乡人民政府","1"
"福建省","漳州台商投资区","1"
"广西壮族自治区","桂林古镇江璟酒店(漓江景区大圩古镇店)地面停车点(出入口)","1"
"江苏省","虎丘山风景区","1"
"江苏省","古玩(夫子庙步行街店)","1"
"山东省","海南路","1"
"黑龙江省","大庆路","1"
"山东省","孔府孔庙停车场(出入口)","1"
"四川省","珠江路(地铁站)","1"
"河北省","志新酷车","1"
"浙江省","新大街","1"
"河南省","紫荆山(地铁站)","1"
"湖北省","牛头山国家森林公园","1"
"吉林省","长白镇人民政府","1"
"安徽省","望江路","1"
"安徽省","红石咀公园","1"
"山东省","归化村村委会","1"
"河北省","长安(南宫恒骏店)","1"
"黑龙江省","七星派出所","1"
"湖南省","金桥村谭新明卫生室","1"
"浙江省","西坞岗","1"
"四川省","九龙镇人民政府","1"
"广西壮族自治区","缤纷江南","1"
"内蒙古自治区","内蒙古自治区人民医院","1"
"河南省","中国工商银行(南阳仲景路支行)","1"
"黑龙江省","康金街道兰阳村退役军人服务站","1"
"广西壮族自治区","桂林银行(白圩镇石塘村农村普惠金融综合服务点)","1"
"山西省","劲松北路","1"
"浙江省","光南路与环城东路交叉口","1"
"山西省","小东流(公交站)","1"
"浙江省","朱穴村村民委员会","1"
"湖南省","大鹏西路","1"
"辽宁省","大连老街","1"
"陕西省","罕井镇人民政府","1"
"河南省","商丘古城","1"
"新疆维吾尔自治区","慕士塔格峰","1"
"广东省","江边村东社(公交站)","1"
"陕西省","飞天路","1"
"安徽省","仙寓山风景区","1"
"福建省","环城路","1"
"广东省","洽水镇中心小学旺洞教学点","1"
"安徽省","古城镇人民政府","1"
"安徽省","烈山","1"
"安徽省","沿河村村民委员会","1"
"广西壮族自治区","皮塘水库","1"
"河南省","大众煤业","1"
"广西壮族自治区","南宁街","1"
"陕西省","延安机务段","1"
"安徽省","关庙村公益电影放映点","1"
"浙江省","杭州天目山医院","1"
"广西壮族自治区","长风路","1"
"江苏省","长江路","1"
"山东省","羊里派出所","1"
"江苏省","如家酒店(海安中坝南路店)","1"
"江苏省","舟山路","1"
"湖北省","毛陈镇(公交站)","1"
"安徽省","后马村村民委员会","1"
"浙江省","龙山","1"
"河南省","正太商贸有限公司","1"
"河南省","头道街与文峰北街交叉口","1"
"江苏省","启东经济开发区","1"
"浙江省","余杭街道社区卫生服务中心","1"
"江苏省","南通(南京国际博览中心)","1"
"山东省","杨安镇人民政府","1"
"安徽省","国庆路(公交站)","1"
"安徽省","交通路","1"
"安徽省","丰乐街道(公交站)","1"
"安徽省","三山·时代广场","1"
"山东省","曲阜东站(西出站口)","1"
"安徽省","紫蓬镇人民政府","1"
"河南省","淮海大道","1"
"湖南省","四水厂(公交站)","1"
"湖北省","白溢坪村村民委员会","1"
"河南省","赵沟","1"
"广东省","黄江广场","1"
"河南省","工业路","1"
"云南省","新店镇政府","1"
"江西省","乐豆家(南昌世贸店)","1"
"安徽省","铜陵中学","1"
"湖北省","马桥镇人民政府","1"
"广东省","五指山","1"
"山东省","珠海街道办事处社会治理指挥中心","1"
"海南省","海口市龙华小学","1"
"西藏自治区","布达拉宫","1"
"浙江省","螺山路","1"
"浙江省","仁皇山景区","1"
"浙江省","茗岙梯田","1"
"广东省","火炉山森林公园","1"
"山西省","山西平陆中学","1"
"广东省","清溪湖","1"
"四川省","西佛寺","1"
"广西壮族自治区","永前路四区","1"
"江苏省","淳化","1"
"浙江省","金胜山健康主题公园","1"
"河南省","平顶山","1"
"江苏省","手工烘焙","1"
"广东省","维也纳国际酒店(西樵山景区店)","1"
"安徽省","定光社区","1"
"陕西省","山前洼村卫生室","1"
"四川省","瑞香村村民委员会","1"
"安徽省","马鞍山惠农金融服务室","1"
"湖北省","汤河","1"
"江苏省","喜马拉雅瑜伽","1"
"四川省","开茂村村民委员会","1"
"湖南省","株洲市冬季游泳运动协会","1"
"山东省","宫夏路","1"
"内蒙古自治区","天雷赛鸽","1"
"海南省","国家海岸·保利财富中心","1"
"安徽省","二坝镇人民政府","1"
"山东省","佛山街","1"
"山西省","紫晨商务酒店","1"
"浙江省","金华村委会","1"
"山东省","黄台电厂第五宿舍区","1"
"广东省","中信东方广场","1"
"湖北省","安良百货","1"
"辽宁省","三里(公交站)","1"
"广东省","赛格电子市场(龙岗路)","1"
"广东省","大港路","1"
"广东省","广州市番禺区人民政府","1"
"西藏自治区","拉萨圣地天堂洲际大饭店","1"
"湖北省","湖泗老街","1"
"四川省","七一村卫生站","1"
"辽宁省","大悦城skg(韶音专卖店)","1"
"湖北省","武商MALL","1"
"福建省","达人公社(达意商业城店)","1"
"陕西省","人人乐超市(汉神购物广场店)","1"
"陕西省","人人乐(凤城五路店)","1"
"江苏省","苏州中心商场南区","1"
"黑龙江省","红博中央公园","1"
"江西省","公园村卫生所","1"
"广东省","地王大厦","1"
"江苏省","工人文化宫","1"
"山东省","洪家楼","1"
"山东省","振兴街","1"
"广东省","时光里美食广场","1"
"四川省","成都九龙广场","1"
"湖南省","太平街","1"
"河南省","大中海步行街","1"
"浙江省","大罗山-瑶溪","1"
"江苏省","亨通广场","1"
"湖南省","东润·万象城","1"
"湖北省","大润发(随州店)","1"
"山东省","乐民商厦","1"
"河北省","未来石","1"
"浙江省","延安路与解放路交叉口","1"
"河南省","西亚生活广场(蓼北路)","1"
"四川省","金钟村村民委员会","1"
"山东省","青岛凯德MALL","1"
"江苏省","景枫中心","1"
"江苏省","HappyMart(南京城北万象汇店)(装修中)","1"
"河南省","洁美万家","1"
"四川省","居然之家(金牛店)","1"
"江苏省","南京奥林匹克体育中心","1"
"广东省","卓悦中心东区","1"
"广东省","中华广场","1"
"河南省","肯德基(正道中环百货店)","1"
"广东省","江山酒家(万达广场店)","1"
"湖南省","梅溪湖公园","1"
"广东省","卓悦中心北区","1"
"江苏省","招商·花园城","1"
"河南省","新田360广场(郑州国贸店)","1"
"四川省","成都高新区政务服务中心","1"
"四川省","万象汇小屋(春景上路分店)","1"
"云南省","恒隆广场","1"
"四川省","成都铁路工程学校","1"
"河北省","海悦天地","1"
"陕西省","天汉大道","1"
"湖北省","硚口路","1"
"四川省","崇文门","1"
"河北省","陵园路与黎明街交叉口","1"
"河南省","甲鱼面馆(天龙步行街南街店)","1"
"浙江省","大悦城","1"
"浙江省","杨府山公园","1"
"江苏省","Livat荟聚","1"
"陕西省","武汉百货","1"
"广东省","佛山保利MALL","1"
"山东省","明湖西路","1"
"广东省","荔湾广场","1"
"浙江省","杭州大厦","1"
"广东省","深圳购物公园","1"
"湖北省","恒隆广场","1"
"辽宁省","华润·铁西万象汇购物中心","1"
"河北省","唐山高新区管委会","1"
"山东省","融汇城","1"
"河南省","五一路","1"
"广东省","鸿荣源·壹成中心","1"
"山东省","海底捞火锅(乐客城店)","1"
"广东省","天环Parc Central","1"
"广东省","金中环大厦","1"
"辽宁省","市府恒隆广场","1"
"广东省","堤西路","1"
"四川省","天虹商场(奥克斯广场店)","1"
"浙江省","杭州华联(龙湖·名景台南苑店)","1"
"贵州省","华为授权体验店(银海元隆店)","1"
"四川省","成都银泰中心","1"
"广东省","东山百货大楼","1"
"江苏省","东方之门","1"
"广西壮族自治区","相思湖购物公园","1"
"陕西省","朝阳商业广场","1"
"江西省","步步高","1"
"陕西省","星巴克咖啡(西安大兴龙湖星悦荟店)","1"
"福建省","福建兴闽榕建筑工程有限公司","1"
"福建省","宜家家具城","1"
"江苏省","金茂广场","1"
"河南省","西郊商场(滨河路)(公交站)","1"
"浙江省","杭州西溪印象城","1"
"河北省","第三完全小学","1"
"浙江省","养馋记(文昌路菜场店)","1"
"山东省","泰盛广场","1"
"山东省","山东第一医科大学第二附属医院停车场(出入口)","1"
"江苏省","徐州苏宁广场","1"
"黑龙江省","美立方","1"
"浙江省","海山公园","1"
"广东省","天河城","1"
"河北省","运通家园","1"
"山东省","首创奥特莱斯","1"
"浙江省","银泰百货(中大店)","1"
"辽宁省","中化石油胡家庙加油站","1"
"河南省","红旗路","1"
"山东省","青岛·卓悦里","1"
"广东省","开濠花园路","1"
"河南省","万达广场商管部","1"
"广东省","甲子路","1"
"山东省","百丽宫影城(济南恒隆广场店)","1"
"广西壮族自治区","东风商场","1"
"河北省","邯山商场(公交站)","1"
"四川省","万达广场(成都郫都店)","1"
"云南省","地下停车场","1"
"广西壮族自治区","航洋国际购物中心","1"
"广东省","扶光书店","1"
"广东省","光长村党群服务中心","1"
"湖北省","江汉路","1"
"四川省","武侯皮革城(鞋都南路)","1"
"山东省","芝罘金街(万达广场店)","1"
"浙江省","浙江大学医学院附属第二医院(解放路院区)","1"
"山东省","华南社区","1"
"辽宁省","沈阳(大南店)","1"
"广东省","世纪汇购物中心","1"
"湖北省","红安名品广场(物资商业步行街店)","1"
"江苏省","RMALL生活广场(京华城2期店)","1"
"浙江省","星巴克咖啡(杭州鸿锦大厦店)","1"
"河南省","绿博园","1"
"河南省","ECCO郑州丹尼斯大卫城店","1"
"浙江省","东阳市人民医院","1"
"广东省","印象城","1"
"浙江省","龙湖杭州滨江天街","1"
"山西省","王府井百货(太原店)","1"
"湖北省","新世界(万商白马服装交易中心市场店)","1"
"广东省","民盈·国贸城","1"
"湖北省","钱沟路","1"
"广东省","白云汇广场","1"
"浙江省","和义大道购物中心","1"
"广东省","太古仓码头","1"
"山东省","齐河德百(公交站)","1"
"广东省","女人花(万佳服装批发广场店)","1"
"山东省","华丰国际商贸城","1"
"四川省","新世纪环球购物中心","1"
"广东省","天虹(前海店)","1"
"浙江省","银泰西选(中大店)","1"
"湖南省","好润佳(沅江店)","1"
"广东省","体育西馆","1"
"辽宁省","大连中央大道吾悦广场","1"
"广东省","广州文和友(太古汇店)","1"
"山东省","芳草地别墅区","1"
"江苏省","雨花客厅里的幸运草公寓(花露北岗分店)","1"
"河北省","北国商城站","1"
"台湾省","台北市政府民政局","1"
"湖北省","世界城光谷步行街","1"
"山东省","星巴克咖啡(青岛悦荟广场店)","1"
"广东省","中央花园","1"
"河北省","惠铖超市丨路北店","1"
"湖南省","双拥路","1"
"安徽省","六和源(上海大花园店)","1"
"湖南省","德思勤城市广场","1"
"山东省","青岛海信广场","1"
"浙江省","义乌站","1"
"广西壮族自治区","万达商业广场(印象城店)","1"
"广东省","花城汇","1"
"河南省","宜家家居(郑州商场)","1"
"吉林省","这有山","1"
"广东省","深业上城商场","1"
"山东省","中海·环宇城","1"
"广东省","深圳卓悦中心","1"
"黑龙江省","万象国际","1"
"福建省","万达广场","1"
"江苏省","南京新百","1"
"山东省","成龙影城(绿地店)","1"
"广东省","贰捌商场","1"
"江苏省","协信星光时代广场","1"
"台湾省","西门町电影公园","1"
"山东省","郯中商场","1"
"陕西省","赛格国际购物中心","1"
"江苏省","21世纪国际公寓","1"
"广东省","大壮国际广场","1"
"广东省","新天地购物广场(宝安大道)","1"
"湖北省","保利时代","1"
"海南省","cdf三亚国际免税城A区","1"
"广东省","万达广场(江门蓬江店)","1"
"湖北省","惠安达物流","1"
"河南省","文化路","1"
"湖南省","步步高","1"
"江苏省","诚品书店(诚品生活)","1"
"山东省","大润发","1"
"陕西省","王府井奥莱机场店","1"
"河南省","紫荆山","1"
"广东省","容山商场(环镇路)","1"
"黑龙江省","百盛A(3)座","1"
"山东省","欧亚大观","1"
"吉林省","欧亚卖场","1"
"福建省","泉州晋江SM国际广场","1"
"河南省","延庆观","1"
"湖南省","神农公园","1"
"山西省","立达国际商城(柳巷南路)","1"
"广西壮族自治区","南宁国际商业贸易中心C区","1"
"安徽省","金拱镇公墓","1"
"四川省","成都来福士广场","1"
"浙江省","凯德","1"
"海南省","琼海(娅米美颜定妆馆)","1"
"辽宁省","新玛特购物广场(鞍山总店)","1"
"辽宁省","沈阳盛京大奥莱","1"
"河南省","南阁村民委员会","1"
"湖南省","红旗路","1"
"内蒙古自治区","丁香路","1"
"江苏省","南通万象城","1"
"江苏省","南京师范大学(随园校区)","1"
"安徽省","砂之船(合肥)奥莱","1"
"陕西省","联手商城","1"
"山东省","宾谷街","1"
"浙江省","世纪东方广场","1"
"安徽省","三里庵","1"
"广东省","民盈·国贸中心","1"
"贵州省","龙湾国际一期","1"
"福建省","丰泽东海街道","1"
"安徽省","合肥体育中心","1"
"安徽省","濉溪百货商场","1"
"安徽省","新淮村(公交站)","1"
"江苏省","南通濠河风景名胜区","1"
"河南省","雀友麻将机专卖店(宝龙广场店)","1"
"湖北省","万达广场(菱角湖店)","1"
"辽宁省","浑南区浑南新区","1"
"山西省","太原万象城","1"
"四川省","旺泉街","1"
"广东省","容桂派出所","1"
"浙江省","杭州大厦(公交站)","1"
"广东省","西乡(地铁站)","1"
"广东省","金环路","1"
"安徽省","阜阳·临沂商城","1"
"福建省","正荣·财富中心","1"
"湖北省","长丰路","1"
"浙江省","祥符路","1"
"广东省","顺德陈村佛具批发商行","1"
"河北省","衡百国际","1"
"安徽省","定城镇人民政府","1"
"广东省","体育西路","1"
"广东省","华润万家","1"
"江苏省","袁家巷","1"
"河北省","团结公园","1"
"江苏省","新街口","1"
"湖南省","隆回县九龙学校","1"
"陕西省","中防万宝城(南门里店)","1"
"湖南省","西溪坪","1"
"山东省","青岛北方国贸大厦","1"
"陕西省","太古里","1"
"山东省","海尔路","1"
"浙江省","杭州市江干区中医医院","1"
"广东省","拱北口岸","1"
"广东省","鼎盛广场","1"
"内蒙古自治区","鲁王路","1"
"河北省","滏阳东路","1"
"安徽省","八佰伴(集贤南路)","1"
"贵州省","万里路","1"
"辽宁省","大连恒隆广场","1"
"湖南省","邵阳九福老年公寓","1"
"浙江省","宁海县前童镇专职消防队","1"
"黑龙江省","齐齐哈尔百货大楼","1"
"广西壮族自治区","永安大桥","1"
"湖南省","柳泉路","1"
"山东省","222省道与341国道交叉口","1"
"辽宁省","西岗市场(华西小区店)","1"
"河北省","北京师范大学实验幼儿园","1"
"四川省","圣水寺","1"
"福建省","吉马购物桥口商场","1"
"湖南省","湘潭市雨湖区人民政府","1"
"贵州省","内沙路","1"
"福建省","西宫(公交站)","1"
"山东省","杭州路海岸路(公交站)","1"
"山东省","宣化路与杭州路交叉口","1"
"广西壮族自治区","八寨沟旅游景区","1"
"山东省","零点立交南(公交站)","1"
"宁夏回族自治区","杨忠堡村村民委员会","1"
"河南省","世泽路与灈阳大道交叉口","1"
"内蒙古自治区","横竖街","1"
"安徽省","安医大二附院","1"
"湖北省","田岗村委会","1"
"江苏省","玉龙南路与龙城大道交叉口","1"
"四川省","茶树村村民委员会","1"
"湖北省","武汉国际体育文化休闲园","1"
"安徽省","宿马园区","1"
"安徽省","龙山创鑫广场","1"
"云南省","南门集贸市场","1"
"山东省","涑河南路","1"
"湖南省","仁信·半岛城","1"
"湖南省","霞阳收费站(G1517莆炎高速出口)","1"
"山东省","济阳蔬菜","1"
"陕西省","南门里(箭门市场店)","1"
"广东省","雷州市客路镇人民政府","1"
"湖北省","黄浦社区(武汉大道)","1"
"广西壮族自治区","英华路","1"
"湖南省","潇湘北路","1"
"云南省","三鑫开化商贸城农贸市场(三鑫第一城店)","1"
"四川省","艾潇汽配城","1"
"山东省","胜利路","1"
"江苏省","老许屋里香","1"
"河南省","赵楼小学","1"
"河南省","桃贾路与陇海西路交叉口","1"
"广东省","东新福居","1"
"广东省","疏港大道","1"
"四川省","遂宁站","1"
"山西省","东社","1"
"河南省","南阳理工学院","1"
"河北省","东部美的城","1"
"山东省","迎宾大道与迎宾路交叉口","1"
"广东省","石巷村委会","1"
"湖南省","邵阳市炭黑厂家属区","1"
"四川省","苏中路","1"
"海南省","中山南路与凤翔东路交叉口","1"
"辽宁省","盘锦北站","1"
"安徽省","潜山路与龙图路交叉口","1"
"广东省","翠绿花园","1"
"广东省","电中国电信股份有限公司东莞长安区分公司沙头营销中心","1"
"山东省","嘉定路与宁化路交叉口","1"
"广西壮族自治区","闭村小学","1"
"宁夏回族自治区","章光101(凤凰北街店)","1"
"广东省","芦阳学校","1"
"山东省","陵城区检察院(公交站)","1"
"江西省","胡家村(公交站)","1"
"广西壮族自治区","兴港大道","1"
"湖南省","姞仙村村民委员会","1"
"河北省","渤海路","1"
"广东省","石下村(公交站)","1"
"广东省","岗南村委会","1"
"河南省","迎宾大道","1"
"河南省","黄河三门峡商务中心区医院","1"
"陕西省","西五路","1"
"河北省","体育大街","1"
"四川省","绣球村委会","1"
"河南省","时代鑫苑小区","1"
"四川省","剑阁百货大楼","1"
"云南省","基诺山基诺族乡人民政府","1"
"陕西省","凤城九路","1"
"陕西省","车海洋智能自助洗车千渭星城大十字路口站","1"
"陕西省","宋家镇人民政府","1"
"河北省","大广生态园","1"
"江苏省","锦汇商业广场","1"
"云南省","保龙龙庭苑","1"
"江苏省","新北工业园","1"
"甘肃省","刘家堡广场站","1"
"湖南省","二七二厂(公交站)","1"
"辽宁省","儿童公园","1"
"山东省","曲阜三孔景区-孔府","1"
"四川省","成都后花园3期","1"
"黑龙江省","向阳湖风景区","1"
"安徽省","红旗楼(公交站)","1"
"安徽省","三华园","1"
"河南省","马坊集煤球场","1"
"福建省","长泰区","1"
"海南省","和平北路","1"
"安徽省","花园小区","1"
"贵州省","民族广场户外劳动者服务站","1"
"福建省","维也纳3好酒店(厦门机场厦鼓码头店)","1"
"湖北省","丁家坝大桥","1"
"河南省","南阳大桥","1"
"湖北省","白马广场","1"
"河南省","新城社区","1"
"河南省","西环路·大梁路(公交站)","1"
"甘肃省","甘南藏族自治州妇幼保健院","1"
"福建省","鼓岭旅游度假区","1"
"湖南省","南二环桔园立交桥","1"
"四川省","芙蓉桥","1"
"宁夏回族自治区","丽景南街与长城东路交叉口","1"
"安徽省","海恒街","1"
"福建省","莲岳路","1"
"广东省","雷城街道办事处","1"
"甘肃省","天水南路","1"
"山东省","微山县夏镇街道办事处","1"
"云南省","三鑫第一城开化商贸城","1"
"河南省","潢川县城区新一中","1"
"河北省","紫薇园","1"
"安徽省","六岭村委会","1"
"浙江省","九龙山大道","1"
"江苏省","上湖工业园","1"
"广东省","街电(美宜佳康宁店)","1"
"安徽省","太和村张庄","1"
"广东省","城西大道","1"
"山西省","千峰南路","1"
"湖南省","富州南路","1"
"云南省","纳古镇人民政府","1"
"海南省","吉阳大道与迎宾互通交叉口","1"
"河南省","庙小段村民委员会","1"
"广西壮族自治区","来宾市兴宾区水落小学","1"
"广东省","厦深铁路惠州南站(公交站)","1"
"湖南省","洞庭大道与芙蓉路交叉口","1"
"四川省","如环境保护局宿舍","1"
"四川省","金利多广场","1"
"贵州省","中环国际","1"
"浙江省","万家水果商行","1"
"山东省","特来电充电站(兖州火车站广场)","1"
"广西壮族自治区","中国体育彩票(六八村店)","1"
"江西省","东湖公园","1"
"河南省","明刺青","1"
"浙江省","百丈岭","1"
"湖南省","松岗(公交站)","1"
"湖南省","东云路与解放北路1巷交叉口","1"
"广东省","顺峰山公园","1"
"四川省","黄金江岸","1"
"浙江省","浙西天池","1"
"贵州省","圣城华府·紫郡(建设中)","1"
"江西省","江山里小区(公交站)","1"
"山东省","迎宾街","1"
"河南省","北门村民委员会","1"
"贵州省","贵州师范大学宝山校区","1"
"安徽省","高校园区派出所","1"
"广东省","东莞市体育中心体育馆","1"
"四川省","恩阳古镇游客中心","1"
"浙江省","崧厦街道","1"
"湖南省","毛家岔大桥","1"
"湖北省","太平寺","1"
"江苏省","江苏省海门中学","1"
"河南省","平原路与德隆街交叉口","1"
"河南省","淮河大桥","1"
"陕西省","美阳街","1"
"广东省","六坑村(公交站)","1"
"河南省","挚地大道与铁塔路交叉口","1"
"河北省","寇公西路","1"
"江苏省","劳动西路与清潭路交叉口","1"
"浙江省","坝头西路与高田王街交叉口","1"
"江苏省","水绘园","1"
"广东省","广州市越秀儿童公园","1"
"山东省","世茂·诺沙湾","1"
"河南省","中国农业银行(北向店支行)","1"
"陕西省","终南大道","1"
"黑龙江省","胡屯村委会","1"
"湖北省","沙坪村村委会","1"
"四川省","新世界","1"
"四川省","蟠龙苑","1"
"云南省","人社社保服务窗口(隆阳区兰城街道汉营社区为民服务站)","1"
"山东省","荆河中路","1"
"浙江省","杭州北创传动科技有限公司","1"
"湖南省","麻园路南二环路口(公交站)","1"
"河南省","豫北图书大厦","1"
"湖南省","大祥路","1"
"四川省","广安新天地","1"
"湖南省","特来电充电站(常德市武陵公交)","1"
"云南省","安宁市县街中心卫生院","1"
"河南省","襄城外国语学校","1"
"山东省","龙庄村民委员会","1"
"陕西省","银河路","1"
"贵州省","上坝中学","1"
"甘肃省","良邑镇民政工作站","1"
"山西省","山西省气象局","1"
"湖南省","怀化站","1"
"山东省","二里河公园","1"
"贵州省","中国邮政储蓄银行(火车站支行)","1"
"云南省","东风派出所","1"
"广东省","汕头礐石大桥","1"
"辽宁省","滨江中路","1"
"广东省","龙胜镇","1"
"湖北省","八一路鲁磨路(公交站)","1"
"贵州省","玉屏街道办事处","1"
"四川省","广场南路","1"
"河南省","桑园路","1"
"河南省","园区路","1"
"福建省","翔安隧道","1"
"河南省","雪枫超市(雪枫路)","1"
"河北省","南环立交桥","1"
"浙江省","余姚北站","1"
"河北省","致冠便利店","1"
"陕西省","西延路","1"
"湖南省","佳诚电脑手机城","1"
"河南省","王楼村委会","1"
"山西省","五一路与北大街交叉口","1"
"湖南省","221省道","1"
"辽宁省","泉涌社区","1"
"湖北省","民主村村委会","1"
"四川省","广德成食品","1"
"湖北省","九宫大道与迎宾大道交叉口","1"
"江苏省","苏州工业园区","1"
"广东省","金沙湾花园","1"
"河南省","人民路","1"
"四川省","长安路","1"
"广东省","金涛庄","1"
"浙江省","如刚街头牛排(路桥一店)","1"
"湖南省","万家丽路高架","1"
"广东省","雷州市中医医院","1"
"河南省","南京路","1"
"浙江省","凤山南路","1"
"云南省","昆明站(北京路)(公交站)","1"
"山东省","中国国际能源加油站(龙海站)","1"
"山东省","西杨家园","1"
"贵州省","遵义市汇川区市场监督管理局","1"
"广东省","大洞水库","1"
"陕西省","世纪大道","1"
"浙江省","丹溪路与双龙南街交叉口","1"
"广西壮族自治区","学田村村委会","1"
"湖南省","书香路","1"
"湖南省","城北路","1"
"河南省","西亚超市(公交站)","1"
"河北省","建设街与魏征路交叉口","1"
"江西省","超田小学","1"
"新疆维吾尔自治区","国际商贸城","1"
"山东省","福州南路与香港中路交叉口","1"
"黑龙江省","桐林超市","1"
"河南省","河南柳江生态牧业股份有限公司","1"
"湖南省","常德大道与朝阳路交叉口","1"
"河南省","中山街","1"
"新疆维吾尔自治区","长江路","1"
"湖南省","猎豹北路与飞腾路交叉口","1"
"湖南省","永州大道与进贤路交叉口","1"
"湖北省","铜花二巷","1"
"四川省","南山大道","1"
"湖北省","武汉瑞华医院民兴中医门诊部","1"
"浙江省","凤凰村村委会","1"
"安徽省","安徽宣城宛陵湖省级湿地公园","1"
"山东省","华山风景区","1"
"湖北省","三桥村五组","1"
"湖北省","板材大市场B区","1"
"湖南省","常德大道","1"
"内蒙古自治区","腾飞电器(昭君路)","1"
"江西省","八一大道与孺子路交叉口","1"
"海南省","东方市东方医院(老院区)","1"
"辽宁省","长青街","1"
"山东省","松花江路桥","1"
"浙江省","桐方线","1"
"贵州省","广惠社区居委会","1"
"河南省","天河路与英才街交叉口","1"
"山东省","黑峪顶","1"
"云南省","福安广场","1"
"湖南省","鑫鑫米兰","1"
"浙江省","太子尖","1"
"吉林省","宽城区政府中心公园","1"
"湖北省","武汉天兴洲长江大桥","1"
"山东省","嘉华购物广场(济南槐荫店)","1"
"贵州省","富水南路与曹状元街交叉口","1"
"海南省","沈老头包子(东方·碧海云天店)","1"
"辽宁省","青年路","1"
"广东省","金凤路","1"
"河北省","美乐城(中国邯郸环球中心店)","1"
"浙江省","真诚草莓采摘园","1"
"湖南省","稻田公园","1"
"甘肃省","解放北路","1"
"安徽省","仁和路与敬梓路交叉口","1"
"云南省","官渡广场","1"
"吉林省","益和国际城","1"
"青海省","海湖新区","1"
"浙江省","物美超市(顾家江东店)","1"
"山东省","亿家火锅店","1"
"湖南省","阿波罗商业广场","1"
"广东省","大华二路","1"
"江西省","火炬广场","1"
"湖南省","长沙理工大学西门(公交站)","1"
"四川省","安德鲁森(银润店)","1"
"湖南省","福泽大厦","1"
"广东省","尚品世家","1"
"福建省","仙岳路","1"
"内蒙古自治区","乌兰察布市集宁区中蒙医院","1"
"湖南省","娄底一大桥(公交站)","1"
"河南省","凯旋北路与建设路交叉口","1"
"安徽省","秦仁路","1"
"山东省","经二路","1"
"湖南省","万博汇","1"
"山西省","府东街","1"
"河北省","市府北街","1"
"四川省","团结街","1"
"浙江省","丹光路","1"
"山西省","龙城北街(公交站)","1"
"山西省","五一路与府东街交叉口","1"
"河南省","彰德路与迎春西街交叉口","1"
"江苏省","南京1912街区","1"
"山东省","中国工商银行(山东省分行)","1"
"陕西省","文艺北路","1"
"湖北省","红门路","1"
"海南省","白沙门公园游乐场售票处","1"
"山东省","党杨路与刘长山路交叉口","1"
"山东省","夏津德百商贸城","1"
"广东省","俄之塘南五街","1"
"海南省","中山","1"
"河南省","南阳汽车站","1"
"四川省","春熙路(地铁站)","1"
"吉林省","光明路","1"
"辽宁省","西海立交桥","1"
"四川省","旅客家宾馆","1"
"河北省","伯雍街","1"
"河北省","耀华商厦","1"
"河北省","东关大街","1"
"湖南省","长沙市雨花区人民政府","1"
"宁夏回族自治区","惠农区红果子镇综合治理中心","1"
"江苏省","开甲·尚仕名邸","1"
"河南省","河阳寺","1"
"浙江省","台州渝帆机电科技","1"
"广东省","珠海市紫荆中学(凤凰路校区)","1"
"山东省","新天地","1"
"湖南省","锦绣花园","1"
"贵州省","石灰坳小学","1"
"浙江省","义乌市第三中学","1"
"河北省","星光国际商务酒店","1"
"山东省","薛城区财政局","1"
"福建省","斗西路口","1"
"山东省","山水文苑","1"
"四川省","东风小康皓升渡仁西线店","1"
"山西省","七港九(育英中学店)","1"
"山东省","广州路","1"
"内蒙古自治区","安达汽修","1"
"贵州省","余庆新余旅社","1"
"山东省","青岛嘉逸豪庭精品酒店","1"
"四川省","龙洞碥大桥","1"
"广东省","雷州市英利镇人民政府","1"
"云南省","西福路","1"
"广东省","东源大润发一楼风裳美衣","1"
"广东省","东华学校","1"
"云南省","凤凰谷","1"
"河南省","马家粮油商行","1"
"云南省","凤凰路","1"
"陕西省","陕西金骏(渭南办事处)","1"
"山东省","市委党校(公交站)","1"
"湖南省","环联路","1"
"湖南省","芙蓉兴盛","1"
"安徽省","包河花园","1"
"安徽省","金寨路","1"
"河北省","长安街","1"
"江西省","天宝路","1"
"贵州省","常丰村村委会","1"
"河南省","大庆路与女娲路交叉口","1"
"四川省","永逸家居店地面停车场","1"
"河北省","中共邯郸市峰峰矿区滏阳东路街道东沟社区支部委员会","1"
"内蒙古自治区","松山区第四中学","1"
"山东省","海信湖岛世家二期营销中心","1"
"甘肃省","西湖","1"
"河南省","港达商贸城","1"
"四川省","滨江中路","1"
"广东省","金沙湾广场","1"
"广东省","草洋石材市场","1"
"河南省","仲景路信臣路口(公交站)","1"
"广东省","白云坑市场(装修中)","1"
"河南省","清化医院门诊","1"
"新疆维吾尔自治区","巴楚步行街","1"
"四川省","南湖公园","1"
"江苏省","百惠家美时超市(丰储街店)","1"
"福建省","嘉庚体育馆","1"
"云南省","永丰水库","1"
"山西省","阳泉市义井中学","1"
"江西省","新人民医院(公交站)","1"
"河南省","荣校东路福彩街(公交站)","1"
"福建省","枋钟路","1"
"山东省","汉川路与金水路交叉口","1"
"广东省","梅河公园","1"
"贵州省","龙溪镇人民政府","1"
"河南省","锦上花购物中心","1"
"云南省","环城北路","1"
"江苏省","顺河路","1"
"湖南省","中国工商银行(东新支行)","1"
"湖南省","交通花园(新埠东路)","1"
"广东省","龙华街","1"
"河北省","冲之大街与涞阳路交叉口","1"
"四川省","机场小区A区","1"
"湖南省","阳明山国家森林公园","1"
"福建省","兴安名城C区","1"
"河南省","开封市正大家属院","1"
"河北省","龙城小区","1"
"广东省","南东一路","1"
"河南省","弦歌大道与曙光路交叉口","1"
"江西省","丹阳桥","1"
"山东省","山东省郯城县新村银杏产业开发区","1"
"云南省","第三城丹槿园","1"
"浙江省","朝阳路","1"
"山西省","河门口村(公交站)","1"
"贵州省","龙家镇先锋村春风小院","1"
"湖南省","靳江路","1"
"安徽省","黄山区永丰乡人民政府","1"
"河南省","汪屯桥(公交站)","1"
"广东省","蔚蓝国际","1"
"湖南省","洛王社区居民服务中心","1"
"安徽省","皇家尚品地面停车场","1"
"山西省","晋阳·峰璟","1"
"安徽省","东海大道·中粮大道(公交站)","1"
"河南省","黄河路","1"
"河南省","河南财经政法大学郑东校区","1"
"山东省","山东临沂远行重汽修理厂(宝友物流店)","1"
"广东省","壹海城","1"
"山东省","临沂市公安局交通警察支队板泉中队","1"
"四川省","沿滩新城","1"
"广东省","珠海国家高新区","1"
"广东省","政丰南路","1"
"湖南省","娄底市自然资源和规划局","1"
"江苏省","横沥村党群服务中心","1"
"安徽省","芜湖长江大桥","1"
"广东省","高良出口(S8广佛肇高速西向)","1"
"河南省","爱民超市","1"
"山东省","阳光100艺术馆","1"
"福建省","万安路","1"
"山东省","刘家园街","1"
"河南省","盘龙山公园","1"
"贵州省","中国石化安顺城区干河1加油站","1"
"浙江省","平阳站","1"
"福建省","马垅(公交站)","1"
"四川省","铭城玻璃门窗","1"
"湖北省","黄石市花湖街道办","1"
"山东省","郭屯(公交站)","1"
"江苏省","夏城中路与武南中路交叉口","1"
"湖南省","双园路","1"
"福建省","中石化森美迎宾加油站","1"
"山西省","长治医学院附属和平医院","1"
"吉林省","万宝蛋糕","1"
"陕西省","西沣路","1"
"贵州省","珠海路口(公交站)","1"
"四川省","丙灵路","1"
"河南省","后李洼村公益电影放映点","1"
"安徽省","富康路","1"
"湖南省","枫树山悦东方小学","1"
"广东省","凤艳村委会","1"
"山东省","解放路","1"
"江西省","康华园","1"
"江苏省","江苏省泰州市政协","1"
"河北省","S3601京雄高速","1"
"安徽省","铜陵路高架桥","1"
"广西壮族自治区","广西信祺蛇业虎纹蛙养殖基地","1"
"江苏省","北山路","1"
"山西省","小马服装批发城","1"
"广东省","广东源铭废旧物资回收有限公司","1"
"河南省","北水屯村公益电影放映点","1"
"广东省","三加村(公交站)","1"
"四川省","S40广洪高速","1"
"山东省","北京路与孝河路交叉口","1"
"安徽省","朱仙庄镇人民政府","1"
"山东省","轴村(公交站)","1"
"安徽省","大强路与龙川路交叉口","1"
"河南省","新兴路","1"
"广东省","大鹿港","1"
"湖北省","长岭镇人民政府","1"
"贵州省","双龙水泥标砖厂","1"
"广东省","中山市黄圃镇兆丰村民委员会","1"
"江苏省","苏州市姑苏区人民法院","1"
"云南省","芒部镇人民政府","1"
"广东省","中京路与曙光路交叉口","1"
"浙江省","义乌街","1"
"山东省","汇泉路","1"
"贵州省","桐木岭收费站(S01贵阳南环高速入口)","1"
"内蒙古自治区","山嘴子村委会","1"
"湖南省","敏州西路","1"
"河南省","洛阳汽车站","1"
"广东省","汇康堂药店","1"
"陕西省","五星街","1"
"河南省","文峰大道","1"
"河北省","交通大街","1"
"贵州省","二龙村村民委员会","1"
"河南省","金明广场","1"
"河南省","凯旋大道与建设路交叉口","1"
"江西省","罗坊镇人民政府","1"
"广东省","清风视觉形象设计","1"
"湖南省","雪峰南路","1"
"广东省","平冈村球场","1"
"福建省","中南社区警务室","1"
"山东省","正阳路与米山路交叉口","1"
"辽宁省","世代龙泽湾","1"
"广东省","文车村(公交站)","1"
"湖南省","金星路","1"
"山东省","鞍山五路","1"
"辽宁省","细河公安分局","1"
"浙江省","九峰山","1"
"河南省","天骄幼儿园","1"
"广东省","北郊市场(天沙四路)","1"
"贵州省","都司路","1"
"四川省","广安万和(工厂旗舰店)","1"
"四川省","兴贤路","1"
"广东省","老虎涧(不对外开放)","1"
"浙江省","塔峙圃票证博物馆","1"
"山东省","济宁市任城区人民医院","1"
"河南省","太行大峡谷风景区","1"
"山西省","摄乐桥","1"
"山西省","安昌村民委员会","1"
"河南省","黄河公园","1"
"山西省","小井峪街道三益社区","1"
"湖北省","粮道街","1"
"四川省","天桥村民宿聚居点","1"
"山东省","唐冶中路与文苑街交叉口","1"
"湖南省","益丰大药房(湘潭岚园路)","1"
"甘肃省","西街","1"
"浙江省","宝山路","1"
"山东省","历城区政府(公交站)","1"
"湖南省","曙光路","1"
"河南省","幸福社区居委会(中原路)","1"
"湖北省","武汉大道","1"
"山东省","崂山区世纪广场","1"
"河南省","马市街小学","1"
"陕西省","河堤路","1"
"山东省","原山大道","1"
"江西省","老崔葡萄采摘园","1"
"贵州省","寨桂村退役军人服务站","1"
"安徽省","夹沟镇人民政府","1"
"湖南省","雷打石镇人民政府","1"
"陕西省","阳光城·紫金城","1"
"山东省","李哥庄镇政府","1"
"浙江省","史家巷","1"
"河北省","星程石家庄中山东路乐汇城店","1"
"山西省","振兴街","1"
"安徽省","刘营(公交站)","1"
"广西壮族自治区","鹿寨公园(公交站)","1"
"山西省","南村加油站","1"
"湖北省","马良街社区服务中心","1"
"山东省","五峰路","1"
"湖北省","肖家巷","1"
"浙江省","大寒尖山庄","1"
"河北省","胡草科村公益电影放映点","1"
"山东省","大港","1"
"广东省","廉江市城南汽车客运站","1"
"湖南省","金华村委会","1"
"浙江省","万家福门业","1"
"河南省","康复前街与铁英街交叉口","1"
"山东省","济南站(公交站)","1"
"山东省","榉林山早市","1"
"山东省","清水湾花园","1"
"江苏省","格林豪泰(太仓浏河镇店)","1"
"湖北省","石化","1"
"山东省","美里湖湿地公园","1"
"山东省","易足道足疗推拿店","1"
"云南省","陆良电力生活小区","1"
"浙江省","龙岗收费站(G56杭瑞高速出口)","1"
"山东省","奥体中路与工业南路交叉口","1"
"辽宁省","鸭绿江","1"
"山东省","G1813威青高速","1"
"湖南省","长安汽车售后服务咨询点","1"
"河南省","开源大道与骏马路交叉口","1"
"甘肃省","河滨北路","1"
"山东省","兴华路永平路(公交站)","1"
"黑龙江省","哈尔滨站","1"
"山西省","滨河巷与滨河西路交叉口","1"
"河南省","陈留店村民委员会","1"
"湖北省","毛家棚村村委会","1"
"安徽省","百大周谷堆大兴农产品批发市场","1"
"河南省","文化路口(公交站)","1"
"山东省","宁夏路","1"
"云南省","景秀家园(陆小线)","1"
"陕西省","西安祥峪森林公园","1"
"山西省","红寺北街","1"
"河北省","花园里梅兰菊社区菊园","1"
"福建省","金龙街道办事处","1"
"河南省","银河路","1"
"浙江省","路桥区人民政府峰江街道办事处","1"
"湖北省","新保利香颂营销中心","1"
"山东省","济齐路","1"
"安徽省","和平路","1"
"广东省","万科新里程明·别墅","1"
"江苏省","中国石化周楼加油站","1"
"辽宁省","万家汽车维修店","1"
"广西壮族自治区","元宝山","1"
"河南省","任庄旅游风景区","1"
"广东省","风田水库","1"
"河南省","关庙桥","1"
"四川省","卧龙山公园","1"
"浙江省","画溪花园","1"
"安徽省","喇叭口(公交站)","1"
"贵州省","和谐医院","1"
"四川省","蓬安县相如广场","1"
"福建省","罗源世纪金源购物中心","1"
"江苏省","张家港市西张建筑工程有限公司驻苏州办事处","1"
"浙江省","虎山公园","1"
"江苏省","马占山","1"
"湖北省","谢洼(公交站)","1"
"广东省","承平村村委会","1"
"四川省","绿园路与花园路交叉口","1"
"江苏省","中国石化三山加油站","1"
"广西壮族自治区","中山路","1"
"安徽省","殷庄渡口","1"
"宁夏回族自治区","南门广场","1"
"云南省","马街镇人民政府(陆水线)","1"
"云南省","巍宝山乡合作村退役军人服务站","1"
"福建省","中国石化城北加油站","1"
"云南省","金碧公园","1"
"河北省","府前大街与邮政路交叉口","1"
"江苏省","中和路","1"
"河南省","付庄村村委会","1"
"广东省","金园路","1"
"湖北省","长安汽车长安欧尚","1"
"江苏省","鼎泰家园","1"
"江苏省","周恩来同志故居","1"
"浙江省","凤山公园","1"
"安徽省","好未来教育","1"
"海南省","文城镇人民政府","1"
"江西省","新厂西路","1"
"陕西省","铜川市耀州区人民法院","1"
"湖北省","牌坊湾(公交站)","1"
"江苏省","白驹镇人民政府","1"
"安徽省","狮子山","1"
"浙江省","杭州光明顶民宿","1"
"湖北省","新沟镇小学","1"
"山东省","济南市历下区房屋管理服务中心公用公房服务部","1"
"安徽省","天井村村民委员会","1"
"浙江省","曹家簖村委会","1"
"河南省","华山路","1"
"四川省","红旗医院","1"
"福建省","先锋花园","1"
"广东省","承修四路","1"
"云南省","青树村委会","1"
"浙江省","青林湾大桥","1"
"甘肃省","人民医院","1"
"河南省","钱塘路","1"
"陕西省","西安大悦城","1"
"广西壮族自治区","北雀路","1"
"甘肃省","河东镇政府","1"
"湖北省","环城路","1"
"江苏省","近湖镇财政管理所","1"
"新疆维吾尔自治区","长宁路","1"
"湖北省","百步亭花园","1"
"山东省","东关大街","1"
"山东省","英科医疗","1"
"河北省","南湖酒店","1"
"山东省","李村","1"
"河南省","禹王台公园","1"
"河北省","朝阳大街","1"
"四川省","仁和广场","1"
"河南省","健康路与建设大道交叉口","1"
